id,course_id,ranking_type,scope_code,rank,source,source_year,source_url
d11e483c-5def-464b-8904-2c2d16331d80,1cd5676c-cbcb-458a-97d3-7e583485be15,state,AK,1,Golf Digest,2025,https://www.golfdigest.com/courses/guides/alaska-best-golf-courses-rankings
990ef39b-ae7e-41a0-9531-d56477285ddb,2b45cf8a-5ad0-4429-81cf-4e8f0d78930e,state,AK,2,Golf Digest,2025,https://www.golfdigest.com/courses/guides/alaska-best-golf-courses-rankings
86add72f-e074-4b9e-b70c-94e64cdf755a,c1d7ec36-9b22-42ac-b729-5fb2723457af,state,AL,1,Golf Digest,2025,https://www.golfdigest.com/courses/guides/alabama-best-golf-courses-rankings
ac9583aa-46ce-4988-9f0f-a3b1b55244fb,0f1e8d1a-31ca-4ac9-a141-b61c7f7fae0f,state,AL,2,Golf Digest,2025,https://www.golfdigest.com/courses/guides/alabama-best-golf-courses-rankings
03508b2e-97c0-4f72-af78-3666d7d059d6,fe2c786f-0b66-4a37-9987-9b30cda08d78,state,AL,3,Golf Digest,2025,https://www.golfdigest.com/courses/guides/alabama-best-golf-courses-rankings
753efde6-d056-4280-9166-79a3d6ce1aa0,eae7e0c1-0b8c-4abf-8df5-7d25c3f2c7e7,state,AL,4,Golf Digest,2025,https://www.golfdigest.com/courses/guides/alabama-best-golf-courses-rankings
ac64ebe2-7101-43e4-bbaf-ac7b020cc008,5c6a29e3-00e5-4324-aa90-52f44b1eb577,state,AL,5,Golf Digest,2025,https://www.golfdigest.com/courses/guides/alabama-best-golf-courses-rankings
75ccb3b0-2ad9-497f-a24b-ea676b6293d3,2bf7e624-de12-4b42-9a1a-8c23c0c7e5cd,state,AL,6,Golf Digest,2025,https://www.golfdigest.com/courses/guides/alabama-best-golf-courses-rankings
7de2e01c-b458-401f-9620-0813b27aa043,fc6ba9b0-ea9e-4da9-9579-a37cb3214501,state,AL,7,Golf Digest,2025,https://www.golfdigest.com/courses/guides/alabama-best-golf-courses-rankings
db1cfc4e-13ce-4987-ad18-b4be88ce3640,2f04d142-6a99-409e-9c14-cbe94037f163,state,AL,8,Golf Digest,2025,https://www.golfdigest.com/courses/guides/alabama-best-golf-courses-rankings
de725044-89a9-461f-8df7-dc38d877ba2a,a701b8c8-64bf-4686-a599-cf6e09acaacd,state,AL,9,Golf Digest,2025,https://www.golfdigest.com/courses/guides/alabama-best-golf-courses-rankings
6922bb4c-3c41-4cd5-89dc-704035d88940,b83c1325-275f-4177-950f-5d527cf53637,state,AL,10,Golf Digest,2025,https://www.golfdigest.com/courses/guides/alabama-best-golf-courses-rankings
70339155-3c64-4614-a4c0-0ec0f993ab2e,1568a646-0b7a-4fc6-90c7-9d1f3ac27373,state,AL,11,Golf Digest,2025,https://www.golfdigest.com/courses/guides/alabama-best-golf-courses-rankings
be929060-bf1d-448e-b44e-41a02c0c769d,4fbce721-3050-4ac5-8a25-6e59d8b55a7e,state,AL,12,Golf Digest,2025,https://www.golfdigest.com/courses/guides/alabama-best-golf-courses-rankings
4862aa85-8b21-45e9-87ad-6c5a43cbfb10,297d36aa-d494-43e4-af11-dd2c95480fc1,state,AL,13,Golf Digest,2025,https://www.golfdigest.com/courses/guides/alabama-best-golf-courses-rankings
e5b51963-2baf-41dc-b1c2-e67230f70bf9,59072001-19a2-4391-993a-70762c9cbb2e,state,AL,14,Golf Digest,2025,https://www.golfdigest.com/courses/guides/alabama-best-golf-courses-rankings
0bd94820-52ee-424e-b4e4-c1a062bc5bb6,4147bd22-36e7-4f27-9ed6-b28a384c5017,state,AL,15,Golf Digest,2025,https://www.golfdigest.com/courses/guides/alabama-best-golf-courses-rankings
dee20e00-0575-419c-b8de-06148978a521,8889d172-2e60-419d-bb83-e4a40b554038,state,AR,1,Golf Digest,2025,https://www.golfdigest.com/courses/guides/arkansas-best-golf-courses-rankings
6fad22e2-d397-413c-a246-eefb020c602a,cb139965-1843-4631-bc14-2f2567f2bfff,state,AR,2,Golf Digest,2025,https://www.golfdigest.com/courses/guides/arkansas-best-golf-courses-rankings
f824f938-44a7-41b7-8e8f-1755a9ba254e,02dab1c6-f644-4d20-83d4-27fa1e0395df,state,AR,3,Golf Digest,2025,https://www.golfdigest.com/courses/guides/arkansas-best-golf-courses-rankings
a19ccdb7-70d5-45e6-9af6-1a197c86deef,717c1cc2-be0b-4ed2-9f6d-cb780536bda8,state,AR,4,Golf Digest,2025,https://www.golfdigest.com/courses/guides/arkansas-best-golf-courses-rankings
9a9d47b6-2f1b-4765-8ea0-1e6bda94b9e5,87203cca-c276-4c0f-a70f-a5f0e82636a8,state,AR,5,Golf Digest,2025,https://www.golfdigest.com/courses/guides/arkansas-best-golf-courses-rankings
30e8b996-832f-4708-b1e2-371a676412e4,42889f4f-d380-4296-b81d-33a30580e727,state,AR,6,Golf Digest,2025,https://www.golfdigest.com/courses/guides/arkansas-best-golf-courses-rankings
96486fee-21c3-4fcc-96cf-247197fbae92,adc229c8-b493-4143-94f7-d8f43b1de985,state,AR,7,Golf Digest,2025,https://www.golfdigest.com/courses/guides/arkansas-best-golf-courses-rankings
61e77b11-d731-466e-a94a-f3c7529b6b37,215c2cf1-b5a3-441a-97b3-84e0e0d7dd46,state,AR,8,Golf Digest,2025,https://www.golfdigest.com/courses/guides/arkansas-best-golf-courses-rankings
bbad2c9b-2b98-4a85-9636-6b1fcc735ba4,b61e4b0b-69a6-4a95-92d4-206c7c3a2f03,state,AR,9,Golf Digest,2025,https://www.golfdigest.com/courses/guides/arkansas-best-golf-courses-rankings
a8c59e20-9e09-4c6c-b61e-d64454ca9f81,e40bc553-dee8-431a-b18f-c5d9cb150280,state,AR,10,Golf Digest,2025,https://www.golfdigest.com/courses/guides/arkansas-best-golf-courses-rankings
0113a103-cec9-489c-847d-75abdc3abb5c,4c855835-3a57-4be6-86eb-208d284f09b9,state,AZ,1,Golf Digest,2025,https://www.golfdigest.com/courses/guides/arizona-best-golf-courses-rankings
438f81e3-8e0d-4b95-976f-b2c98e3843cd,3b844a09-a674-44f0-aa8f-51813117a61c,state,AZ,2,Golf Digest,2025,https://www.golfdigest.com/courses/guides/arizona-best-golf-courses-rankings
2d686c7d-33ec-4ebf-b64c-af97ad7be8bb,40d14640-72ce-4c08-91d1-436c77074d5f,state,AZ,3,Golf Digest,2025,https://www.golfdigest.com/courses/guides/arizona-best-golf-courses-rankings
257ec4b6-9da4-406d-aabb-75cbac35ae85,6a09b624-d403-4b3d-b047-2ed6dab688eb,state,AZ,4,Golf Digest,2025,https://www.golfdigest.com/courses/guides/arizona-best-golf-courses-rankings
b9e20cfd-2690-4e35-9b5a-c0b8b3c2578b,04b58130-2576-49a4-9cc1-496eb9f6ef34,state,AZ,5,Golf Digest,2025,https://www.golfdigest.com/courses/guides/arizona-best-golf-courses-rankings
e0e97123-6804-49cb-b4e1-86aee69a2283,1ed369df-f9ec-459c-bf07-b2bdfd38edbc,state,AZ,6,Golf Digest,2025,https://www.golfdigest.com/courses/guides/arizona-best-golf-courses-rankings
3259251f-6113-44e8-9be4-f71234487630,988adc7e-65c6-4f6e-83d6-f9197c9268a5,state,AZ,7,Golf Digest,2025,https://www.golfdigest.com/courses/guides/arizona-best-golf-courses-rankings
aa213dd5-6b1d-477c-a1c0-e389cdd1cc56,3fb0ba59-1df5-43ee-801d-b4b9e78d2ee8,state,AZ,8,Golf Digest,2025,https://www.golfdigest.com/courses/guides/arizona-best-golf-courses-rankings
a533cdcb-636e-4bc5-90ae-c19bc2f03224,f7af07d6-a499-40cb-9be4-a3ce99d04e0c,state,AZ,9,Golf Digest,2025,https://www.golfdigest.com/courses/guides/arizona-best-golf-courses-rankings
5776c09a-f872-4f65-ac0b-5ecb91fce618,8db46950-d5cd-4838-b698-fb8fa0868e71,state,AZ,10,Golf Digest,2025,https://www.golfdigest.com/courses/guides/arizona-best-golf-courses-rankings
36fb1417-bb44-4032-9f40-4655233fd36e,b58cb667-b917-4a8c-8b05-780f13a82a2f,state,AZ,11,Golf Digest,2025,https://www.golfdigest.com/courses/guides/arizona-best-golf-courses-rankings
4bf3eeb5-a07d-4d21-b755-1919dc2e1591,f95ec258-5a8c-40d4-bef3-8f4883e433bb,state,AZ,12,Golf Digest,2025,https://www.golfdigest.com/courses/guides/arizona-best-golf-courses-rankings
b6c5d8ee-9ca9-420d-96fe-f461b57a40a2,2b579cb2-e930-4020-80d9-eb6b2914ab1d,state,AZ,13,Golf Digest,2025,https://www.golfdigest.com/courses/guides/arizona-best-golf-courses-rankings
50924a79-771d-452c-8c19-e06690a002d8,5741660b-87d9-4425-8d10-3499102131aa,state,AZ,14,Golf Digest,2025,https://www.golfdigest.com/courses/guides/arizona-best-golf-courses-rankings
3c584322-c5bf-4b1f-85b3-9e1860b38197,86b6916f-fd9f-4062-ab9f-dda65b8c3568,state,AZ,15,Golf Digest,2025,https://www.golfdigest.com/courses/guides/arizona-best-golf-courses-rankings
a4aa4e39-7eee-4434-99a0-e9bf79576a4d,d32b6493-d491-4ebf-9fb7-e9f386efd601,state,AZ,16,Golf Digest,2025,https://www.golfdigest.com/courses/guides/arizona-best-golf-courses-rankings
974f7e1c-a311-4f75-bf38-03e6600a9984,6ac04605-b668-406c-8ae0-86bc05d1a8ee,state,AZ,17,Golf Digest,2025,https://www.golfdigest.com/courses/guides/arizona-best-golf-courses-rankings
6ad669e7-8181-455e-9049-9dc33833f70c,d8571981-6ebd-49ad-947d-fb9d3fc7e2c2,state,AZ,18,Golf Digest,2025,https://www.golfdigest.com/courses/guides/arizona-best-golf-courses-rankings
dd50139d-9fbf-4e29-9bf9-166b26368565,eeb214b7-aea0-4a77-b977-bcd78308bd03,state,AZ,19,Golf Digest,2025,https://www.golfdigest.com/courses/guides/arizona-best-golf-courses-rankings
04b642c0-3906-4aad-87e5-8b7b7929d0fe,330c74a8-aa07-4aed-b3ca-b73b3238d9a5,state,AZ,20,Golf Digest,2025,https://www.golfdigest.com/courses/guides/arizona-best-golf-courses-rankings
47023479-d642-4b14-a8bc-8ba5f7d9f416,294a9f68-5024-4bf7-a8e1-a0c2ec55b31b,state,AZ,21,Golf Digest,2025,https://www.golfdigest.com/courses/guides/arizona-best-golf-courses-rankings
deae483a-72ea-4716-8149-c8605da9f86e,7c6c56f6-692c-4285-8174-e79093cac203,state,AZ,22,Golf Digest,2025,https://www.golfdigest.com/courses/guides/arizona-best-golf-courses-rankings
fd08a1d9-2f34-4f99-9efa-1f40731f1051,0a2f48c3-895c-4290-94f3-6895a9ea6eda,state,AZ,23,Golf Digest,2025,https://www.golfdigest.com/courses/guides/arizona-best-golf-courses-rankings
46098f4e-27b7-448d-8e94-557e0053f57f,35d1d4d0-f792-42bc-93cd-f3c145fa30e7,state,AZ,24,Golf Digest,2025,https://www.golfdigest.com/courses/guides/arizona-best-golf-courses-rankings
9239b5e3-b2eb-4c4b-8eb1-8aa31afaa90f,76e65ec3-0979-4b4e-b665-738c46b3f450,state,AZ,25,Golf Digest,2025,https://www.golfdigest.com/courses/guides/arizona-best-golf-courses-rankings
c2d53713-0a2e-40da-9e5c-8de9a0a9d0e8,4975432a-84f1-4036-b6cc-d5e1c54cba07,state,AZ,26,Golf Digest,2025,https://www.golfdigest.com/courses/guides/arizona-best-golf-courses-rankings
ce8f5bcd-4890-4315-b9ae-18312d9ea5d4,bc57fe74-6179-4f79-914d-f42533344e87,state,AZ,27,Golf Digest,2025,https://www.golfdigest.com/courses/guides/arizona-best-golf-courses-rankings
ede78b5f-3c75-4e97-af59-d7f71261eae0,bfc1269e-830b-491f-bad0-cd52246767e0,state,AZ,28,Golf Digest,2025,https://www.golfdigest.com/courses/guides/arizona-best-golf-courses-rankings
69618706-5969-4451-b4f6-26638835282f,b2c74840-350e-43f8-8388-f121a98a1c30,state,AZ,29,Golf Digest,2025,https://www.golfdigest.com/courses/guides/arizona-best-golf-courses-rankings
46f5e925-cabe-46a3-9172-6134079852bb,4fa728aa-1294-4c21-8089-9efdc96d4bdf,state,AZ,30,Golf Digest,2025,https://www.golfdigest.com/courses/guides/arizona-best-golf-courses-rankings
66ab1314-1a8c-4315-9691-5652e0b66ab4,cc1903fc-498b-45d0-a69a-c7ac82704a1d,state,AZ,31,Golf Digest,2025,https://www.golfdigest.com/courses/guides/arizona-best-golf-courses-rankings
ea666ebb-54cc-47ad-9039-e8cefdd77fa8,c54dae75-1514-4323-99bf-803058ad10e0,state,AZ,32,Golf Digest,2025,https://www.golfdigest.com/courses/guides/arizona-best-golf-courses-rankings
bfc08e83-f7da-45a5-82ff-e3cd58a386ad,9c23d99e-3f23-4c43-a50d-72e31020b4b1,state,AZ,33,Golf Digest,2025,https://www.golfdigest.com/courses/guides/arizona-best-golf-courses-rankings
e3ebab23-7a41-41c1-9671-79459b42219c,67be2b45-102e-4b61-92b6-5f14baa4a8dd,state,AZ,34,Golf Digest,2025,https://www.golfdigest.com/courses/guides/arizona-best-golf-courses-rankings
5643f945-35fa-4ddf-9ae5-ff573a6962db,970a8eed-4afe-49fd-bb72-f991d908be31,state,AZ,35,Golf Digest,2025,https://www.golfdigest.com/courses/guides/arizona-best-golf-courses-rankings
3f1a8940-0c36-4fd0-9c41-ca3f010e2b96,4e5c1dd4-524a-420a-ae16-d4f5b3a40fb8,state,AZ,36,Golf Digest,2025,https://www.golfdigest.com/courses/guides/arizona-best-golf-courses-rankings
21bc9978-d543-4a2b-8ff4-27190171b007,dd4ab96e-d2a1-4be9-9f1d-b09c769045e9,state,AZ,37,Golf Digest,2025,https://www.golfdigest.com/courses/guides/arizona-best-golf-courses-rankings
1c405018-17cb-4622-9685-1e3b5525f70e,8422cf8d-7d85-4fa8-b67d-534b1efc5815,state,AZ,38,Golf Digest,2025,https://www.golfdigest.com/courses/guides/arizona-best-golf-courses-rankings
d2f37904-6a29-46d8-bf35-c7d00ae8ccb1,c73ca831-ce0a-4b65-b0dc-68cd56370592,state,AZ,39,Golf Digest,2025,https://www.golfdigest.com/courses/guides/arizona-best-golf-courses-rankings
37ece6c7-8b6e-4eca-816d-0a4db3c126b5,4bb0f021-033e-4455-ae5d-39b6952e519e,state,AZ,40,Golf Digest,2025,https://www.golfdigest.com/courses/guides/arizona-best-golf-courses-rankings
0e9739e0-3e1a-4d9f-a267-9488a8da9e54,ba2ef558-e45e-4935-96a2-7ec585cf9b7c,state,AZ,41,Golf Digest,2025,https://www.golfdigest.com/courses/guides/arizona-best-golf-courses-rankings
362952f2-e3d6-447d-9286-6e6a39641a19,0ca848ec-1127-412e-b410-32cc3d4f909c,state,AZ,42,Golf Digest,2025,https://www.golfdigest.com/courses/guides/arizona-best-golf-courses-rankings
f122962d-2419-4a75-8cd6-ddc393fb5b88,d7d00977-46f3-44e6-9b92-64a98d87ceb8,state,AZ,43,Golf Digest,2025,https://www.golfdigest.com/courses/guides/arizona-best-golf-courses-rankings
a60cac73-7669-4eea-9a77-fd0e4e022a0c,c8496993-4958-41b1-a5d1-e25d47e57be7,state,AZ,44,Golf Digest,2025,https://www.golfdigest.com/courses/guides/arizona-best-golf-courses-rankings
ae8ac8ab-ddaf-4522-b267-b03661220bdd,9402f17e-e45c-4cb1-abee-33ea7507f72a,state,AZ,45,Golf Digest,2025,https://www.golfdigest.com/courses/guides/arizona-best-golf-courses-rankings
d7751fd1-04b0-41a6-a1d4-3de4be3ca0dc,2d09ffa8-9f36-48fc-a984-90f392b2eb80,state,CA,1,Golf Digest,2025,https://www.golfdigest.com/courses/guides/california-best-golf-courses-rankings
eebc68b4-0e8b-4bfc-9226-cdf554d01089,1abc5e16-63b6-47a7-9cbf-92c3091fab70,state,CA,2,Golf Digest,2025,https://www.golfdigest.com/courses/guides/california-best-golf-courses-rankings
55fb3aa8-2d93-4184-9247-f9f4931ef72d,4b401c17-a33b-40d6-aa67-f14e86281d31,state,CA,3,Golf Digest,2025,https://www.golfdigest.com/courses/guides/california-best-golf-courses-rankings
36bc5ee8-3d0f-4132-a78a-c6c7c73ae0a3,a581e4f8-5c2d-4458-96ae-aaa381624813,state,CA,4,Golf Digest,2025,https://www.golfdigest.com/courses/guides/california-best-golf-courses-rankings
172e2c2f-58b3-4470-80a4-15df96d7f264,263eb183-1f1c-4afc-8979-2a286a6e61f6,state,CA,5,Golf Digest,2025,https://www.golfdigest.com/courses/guides/california-best-golf-courses-rankings
5219eab8-23fe-4ed9-9c7f-4fee38483fdb,04e7cfc0-0490-40b4-a19a-4056dc33540b,state,CA,6,Golf Digest,2025,https://www.golfdigest.com/courses/guides/california-best-golf-courses-rankings
9eef0599-e85e-46bd-a587-b74005f58486,c6b8a61d-30c2-457c-bd03-68a9cdff930e,state,CA,7,Golf Digest,2025,https://www.golfdigest.com/courses/guides/california-best-golf-courses-rankings
282d92fa-ffef-45a1-9666-56ecb4a2f29b,66bcb6cc-0d4c-46df-a303-18e1b3120d3a,state,CA,8,Golf Digest,2025,https://www.golfdigest.com/courses/guides/california-best-golf-courses-rankings
76ff6271-1bfe-4ffb-8fb3-55871eea0454,21f28b9b-66eb-4787-92e5-ccc66fff42f8,state,CA,9,Golf Digest,2025,https://www.golfdigest.com/courses/guides/california-best-golf-courses-rankings
657ec9ac-32bc-415c-b91e-53370a2c8e9c,b30a083e-a15b-4d6e-8adc-092eb538297e,state,CA,10,Golf Digest,2025,https://www.golfdigest.com/courses/guides/california-best-golf-courses-rankings
ff95f4ac-a87b-4e1a-9fed-829cb8950c7f,e6add876-93fe-4fc4-966c-3cc93a337287,state,CA,11,Golf Digest,2025,https://www.golfdigest.com/courses/guides/california-best-golf-courses-rankings
73a8975b-de68-4c59-8acb-2cae7e17f692,e0b89c98-99eb-4e05-97ce-979a3b86ef04,state,CA,12,Golf Digest,2025,https://www.golfdigest.com/courses/guides/california-best-golf-courses-rankings
cfdf6f46-ff21-40e0-b4b7-5b7e0b62a12e,3886d28b-94a3-4e75-988d-ca3cb2e34202,state,CA,13,Golf Digest,2025,https://www.golfdigest.com/courses/guides/california-best-golf-courses-rankings
43ab74df-1349-425d-aaa2-3d25330d0c29,fc04ca34-fe24-4a9d-9d29-aed87d6e75f1,state,CA,14,Golf Digest,2025,https://www.golfdigest.com/courses/guides/california-best-golf-courses-rankings
6995c352-3016-4e58-a7f7-544569dfa4f5,520d56a4-165a-4600-88a7-ee8bd19cfb25,state,CA,15,Golf Digest,2025,https://www.golfdigest.com/courses/guides/california-best-golf-courses-rankings
1b193760-00a3-4550-8ef7-486f24a8ae61,c99f49de-4648-4997-be8f-1ef3856ded33,state,CA,16,Golf Digest,2025,https://www.golfdigest.com/courses/guides/california-best-golf-courses-rankings
d457cfd4-22e6-4d25-bd84-f1f37b6eeddb,3286d95b-b3f5-4a29-827e-45f5ea5e2da3,state,CA,17,Golf Digest,2025,https://www.golfdigest.com/courses/guides/california-best-golf-courses-rankings
8e35c8d0-5fac-4806-8c55-d6372d439138,4e701990-83fe-4cb3-adf8-61ab654230f2,state,CA,18,Golf Digest,2025,https://www.golfdigest.com/courses/guides/california-best-golf-courses-rankings
513ab744-9d6b-4f7f-bc1b-1483b281b1a9,6cd3534f-f247-43fe-afd0-53a6d91c89d4,state,CA,19,Golf Digest,2025,https://www.golfdigest.com/courses/guides/california-best-golf-courses-rankings
1096b216-d852-4c6f-bae9-4a5a3c53c168,92a101b9-cff1-4acf-98cb-60d88b60ca1a,state,CA,20,Golf Digest,2025,https://www.golfdigest.com/courses/guides/california-best-golf-courses-rankings
c2a617c7-2115-4d7c-836b-5cfc81f5cf41,77e4718f-f5d3-4e81-9c46-aefbc9d03e77,state,CA,21,Golf Digest,2025,https://www.golfdigest.com/courses/guides/california-best-golf-courses-rankings
a847290a-85bd-400f-b44c-cb9def6b1296,650c0cf1-3877-4952-b1f2-5f9acba7cf48,state,CA,22,Golf Digest,2025,https://www.golfdigest.com/courses/guides/california-best-golf-courses-rankings
e6612c81-6878-4247-b4c6-1bd1c8ca5b33,c165957b-64d9-4835-84ca-00ddb6e4f234,state,CA,23,Golf Digest,2025,https://www.golfdigest.com/courses/guides/california-best-golf-courses-rankings
9b54c1ec-7ba6-4d21-b75c-b768d167e099,7990de16-e0f1-41c4-a0a8-d485b6794544,state,CA,24,Golf Digest,2025,https://www.golfdigest.com/courses/guides/california-best-golf-courses-rankings
af324556-af67-40bf-a940-47f2d36c800e,8061a31c-bcd5-4acb-84ab-5b1dd53f5f4a,state,CA,25,Golf Digest,2025,https://www.golfdigest.com/courses/guides/california-best-golf-courses-rankings
74a9624e-1048-4760-b879-ba808b1c0013,f43e2f0c-1a42-4b7b-99ee-3513e8e24f3c,state,CA,26,Golf Digest,2025,https://www.golfdigest.com/courses/guides/california-best-golf-courses-rankings
5730ba4d-0f95-4e73-b67e-e79ab2df58f6,206802cd-3027-4d03-9bde-a22d0c938d81,state,CA,27,Golf Digest,2025,https://www.golfdigest.com/courses/guides/california-best-golf-courses-rankings
bbf473ef-1145-4296-847d-8490fb845187,e379635b-9652-4659-a0cb-6f302ab65f48,state,CA,28,Golf Digest,2025,https://www.golfdigest.com/courses/guides/california-best-golf-courses-rankings
73bbe2b9-b293-4565-b0cc-8f04dc2a80c6,a5190e2d-1145-40fb-bf55-85a1af6e969b,state,CA,29,Golf Digest,2025,https://www.golfdigest.com/courses/guides/california-best-golf-courses-rankings
14eddb4f-614c-4657-a8b7-70431fd16377,01ba1d21-8c58-4099-a441-8c52cfa640ff,state,CA,30,Golf Digest,2025,https://www.golfdigest.com/courses/guides/california-best-golf-courses-rankings
b1924ee3-034d-465c-b8b3-00be5649a251,63d258ca-b63c-4669-b776-fd3b799428bf,state,CA,31,Golf Digest,2025,https://www.golfdigest.com/courses/guides/california-best-golf-courses-rankings
f019d500-839e-463f-bc3d-89b27d30201a,be03cb3a-bd55-45fd-ad96-3874cce46b6f,state,CA,32,Golf Digest,2025,https://www.golfdigest.com/courses/guides/california-best-golf-courses-rankings
6daf29aa-c65c-4703-8ddf-c06d31af4d84,d59640fb-9c6a-453c-b207-afb69a55bc91,state,CA,33,Golf Digest,2025,https://www.golfdigest.com/courses/guides/california-best-golf-courses-rankings
64b548dc-37c7-45bb-9937-5caec96e51d6,6a0138e5-15b3-467c-9b61-2c108d91a09c,state,CA,34,Golf Digest,2025,https://www.golfdigest.com/courses/guides/california-best-golf-courses-rankings
41bf3e24-5d19-4093-a51c-5361eddec255,a26e771c-796e-450b-81c7-2fd94987d510,state,CA,35,Golf Digest,2025,https://www.golfdigest.com/courses/guides/california-best-golf-courses-rankings
18c88062-08e9-4c2e-950d-cf638f803445,d54fe1b3-789f-4b99-bb05-761846de905d,state,CA,36,Golf Digest,2025,https://www.golfdigest.com/courses/guides/california-best-golf-courses-rankings
99ded6f6-059b-4b5b-9704-e06b254fbac5,c3f5861a-32f4-4d9b-a4b2-7a336a0a5424,state,CA,37,Golf Digest,2025,https://www.golfdigest.com/courses/guides/california-best-golf-courses-rankings
6eba3cef-6597-44c3-b096-52f31eb9e644,ddaca804-35da-4c28-bdfe-7134063606c4,state,CA,38,Golf Digest,2025,https://www.golfdigest.com/courses/guides/california-best-golf-courses-rankings
646b7041-d1f7-4d8c-8711-44a3981f4b9a,62634211-097b-4cc7-b364-9cbd7ab299ee,state,CA,39,Golf Digest,2025,https://www.golfdigest.com/courses/guides/california-best-golf-courses-rankings
7573bde4-2baa-4f3f-b56d-923e04c851d0,c38258cd-561f-4fa9-b69e-eda90eab97d7,state,CA,40,Golf Digest,2025,https://www.golfdigest.com/courses/guides/california-best-golf-courses-rankings
81cd59bc-7942-44a9-aff0-2b036ba521bc,84506034-4438-441d-99b3-0d6cc078c2de,state,CA,41,Golf Digest,2025,https://www.golfdigest.com/courses/guides/california-best-golf-courses-rankings
66a31d61-be78-48b1-a330-ec4586f1b320,9cae13ea-e656-44a7-9b5d-8ef92525d61f,state,CA,42,Golf Digest,2025,https://www.golfdigest.com/courses/guides/california-best-golf-courses-rankings
3d9a2103-bd3d-48f5-b80a-4fbc309ea738,0b6a633b-1bc4-41c6-9611-763fa5d3d1df,state,CA,43,Golf Digest,2025,https://www.golfdigest.com/courses/guides/california-best-golf-courses-rankings
535c4c62-c92c-49d5-8d84-e43b8b614ecc,c3e7d7f5-c573-4a19-bcdc-db05f12a2ddf,state,CA,44,Golf Digest,2025,https://www.golfdigest.com/courses/guides/california-best-golf-courses-rankings
38bed1dc-876a-410b-bc73-486676509209,0e827c59-043a-48f3-836b-c97fbe5953f2,state,CA,45,Golf Digest,2025,https://www.golfdigest.com/courses/guides/california-best-golf-courses-rankings
1b9ddf1c-26c8-47b0-99fa-3632d4fc0ebe,8df04058-d9cd-4c40-a53c-6584ebc203b4,state,CA,46,Golf Digest,2025,https://www.golfdigest.com/courses/guides/california-best-golf-courses-rankings
1735a472-2a53-422c-8122-93ceecc18d21,d889a145-d5a3-4277-bac6-2e47b08c4a3a,state,CA,47,Golf Digest,2025,https://www.golfdigest.com/courses/guides/california-best-golf-courses-rankings
ae3f3d88-a80c-43ea-8b8d-d10b4e22b5f3,d317a232-3898-402b-8731-efa61ab2b7f5,state,CA,48,Golf Digest,2025,https://www.golfdigest.com/courses/guides/california-best-golf-courses-rankings
cdf90c48-60ed-4e15-b2ab-37923277f3b2,7000674d-06e8-42b3-9eb3-837c23b87b33,state,CA,49,Golf Digest,2025,https://www.golfdigest.com/courses/guides/california-best-golf-courses-rankings
13760d65-3700-424d-9476-c592f1af9954,07b2300e-53a2-4118-86c5-e2954212cac0,state,CA,50,Golf Digest,2025,https://www.golfdigest.com/courses/guides/california-best-golf-courses-rankings
1a0796b1-f1ea-4957-9a29-dcbf0c6388a7,1e447c3e-493a-4544-8120-4529563a65bc,state,CA,51,Golf Digest,2025,https://www.golfdigest.com/courses/guides/california-best-golf-courses-rankings
030ba90d-9b6f-4061-ac20-a772deb8a7ae,06625128-b7cf-4d71-9a88-08d38ec3a401,state,CA,52,Golf Digest,2025,https://www.golfdigest.com/courses/guides/california-best-golf-courses-rankings
1d0a9322-3118-41dc-b03b-19be6fadeb9d,7fbd4186-39cc-4965-a95b-c09d481e9269,state,CA,53,Golf Digest,2025,https://www.golfdigest.com/courses/guides/california-best-golf-courses-rankings
3e603ae2-018e-4497-8df2-3914610d9a0b,fc37430e-0aa8-45fd-9aae-77824f2ce3ab,state,CA,54,Golf Digest,2025,https://www.golfdigest.com/courses/guides/california-best-golf-courses-rankings
6999c5af-cd81-4268-866a-2d6ef8c61193,9c2854bd-1b91-4007-845b-7ab4a5485613,state,CA,55,Golf Digest,2025,https://www.golfdigest.com/courses/guides/california-best-golf-courses-rankings
b5cfee5c-0e21-4f78-9aec-9948219b64e7,02c00bd9-ea77-4ad8-91fe-2cfbc323fc25,state,CA,56,Golf Digest,2025,https://www.golfdigest.com/courses/guides/california-best-golf-courses-rankings
a2bdfbc7-d907-42f1-b815-5323e34a051d,4b40c33b-ef58-4476-bd27-c93708453b2b,state,CA,57,Golf Digest,2025,https://www.golfdigest.com/courses/guides/california-best-golf-courses-rankings
74b92e93-34ef-4bda-9edf-379ca3b26d7b,6d9a3ed4-d322-40e5-b6bb-5d1b5f046ba3,state,CA,58,Golf Digest,2025,https://www.golfdigest.com/courses/guides/california-best-golf-courses-rankings
8f019a10-6af7-43f5-a4e7-b1dc983e98ea,f76cfc2b-5da3-4c24-bedb-9795a5ce1d87,state,CA,59,Golf Digest,2025,https://www.golfdigest.com/courses/guides/california-best-golf-courses-rankings
876de381-5c97-4613-87f8-9451afe007f6,8f5bee7b-fdf8-47d4-8717-08bfe6866424,state,CA,60,Golf Digest,2025,https://www.golfdigest.com/courses/guides/california-best-golf-courses-rankings
0c315e0f-bf82-40fe-b15d-9ca55c2355b8,e06e6b0b-0504-458e-b1c7-523cb1f47986,state,CO,1,Golf Digest,2025,https://www.golfdigest.com/courses/guides/colorado-best-golf-courses-rankings
64855075-e98c-4a23-8a13-866ed3c2f1c0,a0c1da7b-6f0d-42cf-9a15-c03b533789a4,state,CO,2,Golf Digest,2025,https://www.golfdigest.com/courses/guides/colorado-best-golf-courses-rankings
f683559f-3547-4066-8319-6d9a3b84cc94,83173464-6e63-43ce-9c63-d611c003b2fb,state,CO,3,Golf Digest,2025,https://www.golfdigest.com/courses/guides/colorado-best-golf-courses-rankings
14f31f9b-5883-4b8b-9ada-29357972ad27,f77042d3-b6fb-4fd8-8baa-efa34480853b,state,CO,4,Golf Digest,2025,https://www.golfdigest.com/courses/guides/colorado-best-golf-courses-rankings
0aeb067b-3da0-4bee-a416-b756d2a5e2f3,6e6f841e-cf79-4260-9e0a-07c3b866eb3b,state,CO,5,Golf Digest,2025,https://www.golfdigest.com/courses/guides/colorado-best-golf-courses-rankings
fd19782d-e36f-4dcd-bfcb-941791eb44c0,c69ba996-87af-4b4e-92ea-0cc625a7233c,state,CO,6,Golf Digest,2025,https://www.golfdigest.com/courses/guides/colorado-best-golf-courses-rankings
4bf2f70c-7b84-4283-8fad-d81c3bba3cb7,2f7a216a-4d29-42b3-9c60-6f05fcfbf16c,state,CO,7,Golf Digest,2025,https://www.golfdigest.com/courses/guides/colorado-best-golf-courses-rankings
bdea4712-eb29-48e6-a4d0-bc6aea6af44b,28924341-faa4-4e1b-b494-13ce39e57814,state,CO,8,Golf Digest,2025,https://www.golfdigest.com/courses/guides/colorado-best-golf-courses-rankings
851d4fdc-090b-40f0-97bf-2dfb2fac06b1,c4dc88fc-4dea-446e-8538-3685c3e44847,state,CO,9,Golf Digest,2025,https://www.golfdigest.com/courses/guides/colorado-best-golf-courses-rankings
6e8d3ce6-a4c8-4312-ba9d-6b576480ed94,7ed87ac0-e03c-4868-bfc4-09e0ce6f4841,state,CO,10,Golf Digest,2025,https://www.golfdigest.com/courses/guides/colorado-best-golf-courses-rankings
50831b96-fa80-45d5-83f3-a6058402e8de,c3a3ab83-86e7-42ab-a03a-e27029edc5be,state,CO,11,Golf Digest,2025,https://www.golfdigest.com/courses/guides/colorado-best-golf-courses-rankings
016b557d-b51e-4422-86a4-718b55443981,0a1e4043-d022-42aa-83b3-2cb65f246140,state,CO,12,Golf Digest,2025,https://www.golfdigest.com/courses/guides/colorado-best-golf-courses-rankings
41a69817-bb0e-413a-94b0-8c291a3f549f,0d36d759-baec-420d-af5f-089e824accc0,state,CO,13,Golf Digest,2025,https://www.golfdigest.com/courses/guides/colorado-best-golf-courses-rankings
04d710d2-7fd2-4e6b-9eb9-f0bcba0685df,2138efca-6537-47ef-8bb7-4cf040b88eaa,state,CO,14,Golf Digest,2025,https://www.golfdigest.com/courses/guides/colorado-best-golf-courses-rankings
6c709019-5114-4287-a9b3-521c056854bd,0717e979-d694-4e4c-ab23-5222925c5816,state,CO,15,Golf Digest,2025,https://www.golfdigest.com/courses/guides/colorado-best-golf-courses-rankings
bab00392-7568-4425-a12c-1261f2cf9170,4d6589e7-0921-46cd-b5a7-db91cc80e7de,state,CO,16,Golf Digest,2025,https://www.golfdigest.com/courses/guides/colorado-best-golf-courses-rankings
aba34052-a914-49f4-81b2-c361481450a7,64cb6d42-ea57-4a16-8916-c10431138a67,state,CO,17,Golf Digest,2025,https://www.golfdigest.com/courses/guides/colorado-best-golf-courses-rankings
6515ce32-771d-47d4-a134-7d8fc85a53f6,2d7b1456-db05-4299-9e5b-9a640abdc2a8,state,CO,18,Golf Digest,2025,https://www.golfdigest.com/courses/guides/colorado-best-golf-courses-rankings
8f9580ec-e545-4cb9-8086-7e3ffe0e8931,6d6c7a02-efa0-45c0-8865-399e016a828c,state,CO,19,Golf Digest,2025,https://www.golfdigest.com/courses/guides/colorado-best-golf-courses-rankings
7ebe61e9-973e-46de-8a6e-497b2d2a9720,391f0070-d22f-4ff0-9a40-9f951bc7d1ac,state,CO,20,Golf Digest,2025,https://www.golfdigest.com/courses/guides/colorado-best-golf-courses-rankings
f8fafcec-9c7d-4e5d-8cb3-37a678622629,b44aa0f4-f467-4845-abe3-27955869843c,state,CO,21,Golf Digest,2025,https://www.golfdigest.com/courses/guides/colorado-best-golf-courses-rankings
9bfa6284-4369-4810-96c8-8275728d3852,be39d6ab-6910-4699-9f6d-d44edf316874,state,CO,22,Golf Digest,2025,https://www.golfdigest.com/courses/guides/colorado-best-golf-courses-rankings
d8e5dee1-1478-4dfe-8df5-380cd7ca2a47,ccddc9d7-5b10-411c-a2dd-4371a5692d0c,state,CO,23,Golf Digest,2025,https://www.golfdigest.com/courses/guides/colorado-best-golf-courses-rankings
ba666717-357c-44b4-9db4-246d91b065b2,34bb7e88-c743-47d1-a7db-5260ca6d4f8b,state,CO,24,Golf Digest,2025,https://www.golfdigest.com/courses/guides/colorado-best-golf-courses-rankings
7aaec380-48de-40af-935a-da0f2d5e56f5,644293d5-5275-4ce2-9952-701f35ce47c5,state,CO,25,Golf Digest,2025,https://www.golfdigest.com/courses/guides/colorado-best-golf-courses-rankings
88e7cbf1-08e1-45f0-aeff-0f0dfe6105f5,9e6c4051-0eda-4c51-9109-ba9fb27578a1,state,CO,26,Golf Digest,2025,https://www.golfdigest.com/courses/guides/colorado-best-golf-courses-rankings
6bc17abc-7d83-41b0-9ba1-ec7d0c1555ed,0b725b91-791d-42c8-b6a6-3e9ff28e5463,state,CO,27,Golf Digest,2025,https://www.golfdigest.com/courses/guides/colorado-best-golf-courses-rankings
5ac6c431-3539-4a13-ae24-20323eeedbfa,258dc43d-3c9f-4a8e-9d0e-40272826255f,state,CO,28,Golf Digest,2025,https://www.golfdigest.com/courses/guides/colorado-best-golf-courses-rankings
76b8dd33-49ef-412f-803d-87c2d8938f2f,2e94188e-3202-410f-aef1-98d88dc7e0c6,state,CO,29,Golf Digest,2025,https://www.golfdigest.com/courses/guides/colorado-best-golf-courses-rankings
1a89a323-7508-4535-8d2c-d737f3a12bf8,556eb091-f612-4a53-920a-e36b5adefd80,state,CO,30,Golf Digest,2025,https://www.golfdigest.com/courses/guides/colorado-best-golf-courses-rankings
64ddd465-1ddd-41a7-9868-1b58d25d0d90,19f46065-c325-48ad-9861-18b4d4889f6c,state,CT,1,Golf Digest,2025,https://www.golfdigest.com/courses/guides/connecticut-best-golf-courses-rankings
6119cc0b-350b-4b99-944d-c9dad4981642,9bcaf46e-6c63-4bf0-a7fc-bb41779bfb7f,state,CT,2,Golf Digest,2025,https://www.golfdigest.com/courses/guides/connecticut-best-golf-courses-rankings
b50b14ba-b256-4040-b163-7c0d49771ac6,a0aa0ebd-4b88-4e11-b83b-c3490aafad35,state,CT,3,Golf Digest,2025,https://www.golfdigest.com/courses/guides/connecticut-best-golf-courses-rankings
efe70de5-c405-4ce4-8b1d-fe7d4fa76c6e,0a1c4940-e751-4cc2-aebf-70478d60a9be,state,CT,4,Golf Digest,2025,https://www.golfdigest.com/courses/guides/connecticut-best-golf-courses-rankings
47865898-7778-49a0-a0db-d5051f3351f2,b26b5d82-d1b0-4c70-81dc-8b2e8820d358,state,CT,5,Golf Digest,2025,https://www.golfdigest.com/courses/guides/connecticut-best-golf-courses-rankings
a4ce4cfe-a529-4ead-a446-04ec0e8f7b38,372765a6-a08f-47cb-9c65-3f68d0d3ffe1,state,CT,6,Golf Digest,2025,https://www.golfdigest.com/courses/guides/connecticut-best-golf-courses-rankings
c8fe6612-e6b2-44a0-bcb1-6f0584812ba9,937fc3c4-4cb7-40f9-aeaf-9c4b06d1347e,state,CT,7,Golf Digest,2025,https://www.golfdigest.com/courses/guides/connecticut-best-golf-courses-rankings
52a81289-447f-46a0-b610-3d090b41e918,ae6c6776-ca94-412c-a82c-e2f727b2013f,state,CT,8,Golf Digest,2025,https://www.golfdigest.com/courses/guides/connecticut-best-golf-courses-rankings
5918a1c3-189c-4888-9a69-2c0337d4618a,77104a92-487e-400d-9e0a-1bf321bbd617,state,CT,9,Golf Digest,2025,https://www.golfdigest.com/courses/guides/connecticut-best-golf-courses-rankings
e8abb0f5-637a-4888-84f1-40bd8af66bf8,7fb23b66-d4af-4bf4-8792-d6191f5836b9,state,CT,10,Golf Digest,2025,https://www.golfdigest.com/courses/guides/connecticut-best-golf-courses-rankings
eee22dc2-7408-4fe9-a94d-6135de1b807d,0c157f59-f3b9-4994-94ef-d1afc521320d,state,CT,11,Golf Digest,2025,https://www.golfdigest.com/courses/guides/connecticut-best-golf-courses-rankings
a4f9539b-24e0-444e-bf30-c884a614ed61,8eaec61a-43d2-4196-8007-360ac78431df,state,CT,12,Golf Digest,2025,https://www.golfdigest.com/courses/guides/connecticut-best-golf-courses-rankings
5f72e29f-f230-43a0-98dc-64cd4a970b62,3c40d17f-cd48-48cb-a926-4b0fe0062912,state,CT,13,Golf Digest,2025,https://www.golfdigest.com/courses/guides/connecticut-best-golf-courses-rankings
ef534392-192e-4655-9191-77e0b3de45b3,fb60b0db-3448-4b75-8a71-2e56a2e25917,state,CT,14,Golf Digest,2025,https://www.golfdigest.com/courses/guides/connecticut-best-golf-courses-rankings
ad3a776d-8c46-486f-95e1-c4fca3325d04,3874e957-06e3-424c-a1c1-37902d7eb82a,state,CT,15,Golf Digest,2025,https://www.golfdigest.com/courses/guides/connecticut-best-golf-courses-rankings
982710da-4edf-409f-9577-c7cc9173d029,bf4cfa0a-065e-4a53-847d-4b5ef30bbf30,state,CT,16,Golf Digest,2025,https://www.golfdigest.com/courses/guides/connecticut-best-golf-courses-rankings
091379d6-04fa-41e8-84aa-a9513b079738,6de56b8c-7578-411d-9540-e32e8fdcd869,state,CT,17,Golf Digest,2025,https://www.golfdigest.com/courses/guides/connecticut-best-golf-courses-rankings
a7b35a2e-b674-4efc-901f-1223505b8af3,ad948d21-6835-4bc8-a721-f970294bd675,state,CT,18,Golf Digest,2025,https://www.golfdigest.com/courses/guides/connecticut-best-golf-courses-rankings
10e1eb8d-1106-4125-b2ee-41ea0fbc74cb,df326286-cfa6-4e31-93a8-e7df2f97ee2d,state,CT,19,Golf Digest,2025,https://www.golfdigest.com/courses/guides/connecticut-best-golf-courses-rankings
55c2e505-2aa3-4570-bed8-ef73a648f6fa,578cd2ae-c544-4975-96dc-1a9523c1dd7c,state,CT,20,Golf Digest,2025,https://www.golfdigest.com/courses/guides/connecticut-best-golf-courses-rankings
34fdbbaa-9944-4a18-a4b3-b0a41bcd297a,8cdc735e-81a8-47b4-83c9-8b40780af708,state,DE,1,Golf Digest,2025,https://www.golfdigest.com/courses/guides/delaware-best-golf-courses-rankings
684701b7-ee6c-4d52-8835-85f0ad3c5869,ed8dba47-05a9-439b-b80b-b700cfa4f236,state,DE,2,Golf Digest,2025,https://www.golfdigest.com/courses/guides/delaware-best-golf-courses-rankings
4b3e12db-9822-4f77-8ac6-c1d7f6107092,8397df6c-2c76-4a96-a023-bf8228d899c2,state,DE,3,Golf Digest,2025,https://www.golfdigest.com/courses/guides/delaware-best-golf-courses-rankings
558d7277-cdbc-4d89-8873-403148b55db0,84233bb3-8b16-4737-aafc-e3c1b5cf914f,state,DE,4,Golf Digest,2025,https://www.golfdigest.com/courses/guides/delaware-best-golf-courses-rankings
2827a649-6f28-44a6-91b5-8d25404c4e4d,136d6991-c074-4877-8441-50e13b76fb89,state,DE,5,Golf Digest,2025,https://www.golfdigest.com/courses/guides/delaware-best-golf-courses-rankings
724672ff-53ae-4626-b9b6-9de150572070,01dff83c-fe59-490b-ab79-3693b3f5d37c,state,FL,1,Golf Digest,2025,https://www.golfdigest.com/courses/guides/florida-best-golf-courses-rankings
770aaacd-7547-4309-8e8d-9ddbce1a7dfd,ecfc009a-52d4-45fc-86ab-7ec08b8fb53d,state,FL,2,Golf Digest,2025,https://www.golfdigest.com/courses/guides/florida-best-golf-courses-rankings
58286c71-2160-4cf9-acb9-88603c5f46b9,eab94505-356e-444d-8c10-9db68532c83a,state,FL,3,Golf Digest,2025,https://www.golfdigest.com/courses/guides/florida-best-golf-courses-rankings
66d938d3-9d39-41e8-a131-69d0bf56eab5,39d2ca22-31c3-4b08-a789-537b9d28e376,state,FL,4,Golf Digest,2025,https://www.golfdigest.com/courses/guides/florida-best-golf-courses-rankings
90580458-9154-4f1b-b84b-52db91b76feb,dc9ddd49-5f8c-4d6f-9fa7-1b26887638f3,state,FL,5,Golf Digest,2025,https://www.golfdigest.com/courses/guides/florida-best-golf-courses-rankings
4961faae-9b0a-4aec-b6ce-64b97566ffc4,55e9e962-17a3-4128-b8b9-71c22d0e7839,state,FL,6,Golf Digest,2025,https://www.golfdigest.com/courses/guides/florida-best-golf-courses-rankings
9071de3f-b000-4333-aa00-8c6e68eea793,c66796b1-d1e7-45fe-82a3-5622a4759d05,state,FL,7,Golf Digest,2025,https://www.golfdigest.com/courses/guides/florida-best-golf-courses-rankings
52b79948-fe15-46b2-b2ed-17cde3d16659,a28ee887-cf49-42ef-93c1-dc5f8a4accf7,state,FL,8,Golf Digest,2025,https://www.golfdigest.com/courses/guides/florida-best-golf-courses-rankings
5b734666-5adf-46f5-befc-9b005b0fbd54,10464ad0-6d08-4074-b7a0-b7fa6cb64e91,state,FL,9,Golf Digest,2025,https://www.golfdigest.com/courses/guides/florida-best-golf-courses-rankings
f5bbea5d-be79-4e3e-89ad-7bce1625fb08,4371bdf1-caab-45c1-9314-e5b5aaf204a1,state,FL,10,Golf Digest,2025,https://www.golfdigest.com/courses/guides/florida-best-golf-courses-rankings
4ca8b1ff-b1cc-4bc3-aaf9-bb4e6dc94667,df858836-7e87-400e-9c80-652c29951f26,state,FL,11,Golf Digest,2025,https://www.golfdigest.com/courses/guides/florida-best-golf-courses-rankings
13ca5932-b60e-42ba-b9a7-2ca1c030889d,c7838774-25b5-4cc6-81d5-c3b05265b27d,state,FL,12,Golf Digest,2025,https://www.golfdigest.com/courses/guides/florida-best-golf-courses-rankings
1fcf6aa6-aed2-4eac-b04c-b8dcd703e2de,3e181a4d-23c7-4c33-a2a7-a69966d6db9f,state,FL,13,Golf Digest,2025,https://www.golfdigest.com/courses/guides/florida-best-golf-courses-rankings
db35f5be-144a-4fce-97aa-da7d77d3e0b4,22de561a-ee92-471d-9ebd-875b50dbf1ed,state,FL,14,Golf Digest,2025,https://www.golfdigest.com/courses/guides/florida-best-golf-courses-rankings
b7356676-568e-423e-8ac7-25802ac70914,4c8e5ad5-6453-40d8-9f36-0ce6534dd1a3,state,FL,15,Golf Digest,2025,https://www.golfdigest.com/courses/guides/florida-best-golf-courses-rankings
557b1a5a-e9b3-411a-9f74-bfd3bb581ae7,3207f40e-baf5-41d6-88f9-55a310c77aa4,state,FL,16,Golf Digest,2025,https://www.golfdigest.com/courses/guides/florida-best-golf-courses-rankings
cb6c99f2-cc0f-490b-a388-3681edad4cf6,e22894e1-93b5-409f-a062-c05b6d58b072,state,FL,17,Golf Digest,2025,https://www.golfdigest.com/courses/guides/florida-best-golf-courses-rankings
e125d15f-6eb4-44d9-9896-e53a2c336c05,764b9eca-b5de-4ce9-b396-59f39b1f15ac,state,FL,18,Golf Digest,2025,https://www.golfdigest.com/courses/guides/florida-best-golf-courses-rankings
08d95687-a14f-41e0-a6d0-b32a11d3867f,502c90cb-19f9-442f-b77d-ede1888fb6c3,state,FL,19,Golf Digest,2025,https://www.golfdigest.com/courses/guides/florida-best-golf-courses-rankings
47996cf8-6f74-4ccb-a22b-9e3a20e48671,e607a1d2-3c69-4805-bf16-848f89f6b6f8,state,FL,20,Golf Digest,2025,https://www.golfdigest.com/courses/guides/florida-best-golf-courses-rankings
903a41ec-1ce6-46b1-8b68-3dfe8f984a1f,238fda72-cda2-49c9-a26c-ef9248153e88,state,FL,21,Golf Digest,2025,https://www.golfdigest.com/courses/guides/florida-best-golf-courses-rankings
8031ab5c-75ba-4548-ba2f-bc4ae9a8efec,0fbf7c41-0f10-4fba-96eb-c9c601b89c4f,state,FL,22,Golf Digest,2025,https://www.golfdigest.com/courses/guides/florida-best-golf-courses-rankings
0ef144bf-ce12-4567-b9ef-00414425bb8a,053563fa-9cd1-4953-8767-f66c6dda552f,state,FL,23,Golf Digest,2025,https://www.golfdigest.com/courses/guides/florida-best-golf-courses-rankings
9d3b4c1d-11c7-41eb-87b5-541f16328658,da4bec35-1b34-4929-bd3e-4dc893df566f,state,FL,24,Golf Digest,2025,https://www.golfdigest.com/courses/guides/florida-best-golf-courses-rankings
e2cac71a-b61c-4e7f-afa5-58402fd33c3c,d822f8f5-702d-46b1-a1de-97768dcbb301,state,FL,25,Golf Digest,2025,https://www.golfdigest.com/courses/guides/florida-best-golf-courses-rankings
d43d2e42-713e-42de-9940-0e7f504a50e2,e04f449c-1405-4674-96dc-cfed75c64421,state,FL,26,Golf Digest,2025,https://www.golfdigest.com/courses/guides/florida-best-golf-courses-rankings
da2f8e9c-2588-4161-bb29-f61e2675b62a,408127b8-6d8b-45a4-bbdd-39185c939c71,state,FL,27,Golf Digest,2025,https://www.golfdigest.com/courses/guides/florida-best-golf-courses-rankings
64649e19-a84f-4ee1-a38f-526f07ea38a4,c6b34673-3322-4c9c-9605-d96e2f2ae863,state,FL,28,Golf Digest,2025,https://www.golfdigest.com/courses/guides/florida-best-golf-courses-rankings
9b6f04bc-bdf5-4f26-a3d2-e63af437a25e,ede81777-48b6-4bca-a6a5-27451d396ac9,state,FL,29,Golf Digest,2025,https://www.golfdigest.com/courses/guides/florida-best-golf-courses-rankings
ac77f2e4-5f81-4a07-a05b-1f12fe955280,a615d472-c39d-4030-8027-1e9668a59beb,state,FL,30,Golf Digest,2025,https://www.golfdigest.com/courses/guides/florida-best-golf-courses-rankings
42c14f32-c003-49d6-a7c0-17c7e1ba5558,d6e0da5f-edb8-4aa7-adf2-7dfdacb2ba83,state,FL,31,Golf Digest,2025,https://www.golfdigest.com/courses/guides/florida-best-golf-courses-rankings
fdd3403f-50fa-4819-a159-0e9e0f31c7bf,92170f8a-8a0b-4230-a07a-442305078cb3,state,FL,32,Golf Digest,2025,https://www.golfdigest.com/courses/guides/florida-best-golf-courses-rankings
b1886680-e63c-47c0-ab19-c8896cb95b74,032cd8b8-ee4c-4902-a6f5-ba8c408435c9,state,FL,33,Golf Digest,2025,https://www.golfdigest.com/courses/guides/florida-best-golf-courses-rankings
02017976-3e51-4446-b6a2-decac0f0a328,61570258-9d10-4759-9ff3-32b52d8075f4,state,FL,34,Golf Digest,2025,https://www.golfdigest.com/courses/guides/florida-best-golf-courses-rankings
2011acdc-0909-4b5f-af0d-6ff015e2fd00,0d33ca25-9702-4a5e-937f-82f788983db0,state,FL,35,Golf Digest,2025,https://www.golfdigest.com/courses/guides/florida-best-golf-courses-rankings
563fd9c2-f76e-4aa8-b542-bfdc6770788f,86c10d8e-fcb0-49c9-8059-643302bcf1c7,state,FL,36,Golf Digest,2025,https://www.golfdigest.com/courses/guides/florida-best-golf-courses-rankings
161cf1e7-0005-4b3a-89ce-d96bf8b4cbaf,67f6c189-6410-4eb6-a751-bdb7b91bf792,state,FL,37,Golf Digest,2025,https://www.golfdigest.com/courses/guides/florida-best-golf-courses-rankings
7fc60f28-d6cd-430a-8c00-5ca21893c341,8bbf0aa5-971e-4daf-91be-96818717ee9b,state,FL,38,Golf Digest,2025,https://www.golfdigest.com/courses/guides/florida-best-golf-courses-rankings
57e3589e-4a25-4588-a8c4-506c8a3d53e0,4957418c-587f-4faa-9abb-6f8978c2f107,state,FL,39,Golf Digest,2025,https://www.golfdigest.com/courses/guides/florida-best-golf-courses-rankings
9aefe4d7-be15-4661-8a77-33d0532e4bac,17ab2322-7ee9-453f-89c5-14bbaad37d00,state,FL,40,Golf Digest,2025,https://www.golfdigest.com/courses/guides/florida-best-golf-courses-rankings
86198a53-d0fa-449f-824a-8e2dab033f79,aa8f1462-6bcd-4f2f-bd43-d15ac10e3e69,state,FL,41,Golf Digest,2025,https://www.golfdigest.com/courses/guides/florida-best-golf-courses-rankings
d0cfbd90-27e5-4aff-84b7-738889f8c1c0,0322b7dd-898a-402b-b602-102d792b984d,state,FL,42,Golf Digest,2025,https://www.golfdigest.com/courses/guides/florida-best-golf-courses-rankings
c9b1a264-8f1c-4db5-af44-675bebe8bf8b,749828c8-cf94-4573-8e8c-dec77d572685,state,FL,43,Golf Digest,2025,https://www.golfdigest.com/courses/guides/florida-best-golf-courses-rankings
a802967c-7263-4663-9fac-7578bcf3106c,98c67748-2a65-42ed-bd45-f8261bba7a64,state,FL,44,Golf Digest,2025,https://www.golfdigest.com/courses/guides/florida-best-golf-courses-rankings
71af6bd6-2413-473e-bf34-5f8cc52b7eaf,862fca69-d617-46fb-9477-66adc1775e12,state,FL,45,Golf Digest,2025,https://www.golfdigest.com/courses/guides/florida-best-golf-courses-rankings
7e73b47c-10b4-4668-a8fb-6cd4411ef239,742257c6-44f1-447e-a82e-7be148a5c163,state,FL,46,Golf Digest,2025,https://www.golfdigest.com/courses/guides/florida-best-golf-courses-rankings
4dcc6a42-86fd-403d-a046-a894067e2907,5bab2e28-3dd7-4503-9f46-ae343d2100b1,state,FL,47,Golf Digest,2025,https://www.golfdigest.com/courses/guides/florida-best-golf-courses-rankings
4ca6aa09-606a-4028-862e-8b212b264fd7,99999d84-ac7e-4c9e-8f60-eb70e5675280,state,FL,48,Golf Digest,2025,https://www.golfdigest.com/courses/guides/florida-best-golf-courses-rankings
7abe4e3b-2dec-43cd-b678-306eb8475d2b,0799b85f-41e8-4e59-a1dd-f2841b2f5ea8,state,FL,49,Golf Digest,2025,https://www.golfdigest.com/courses/guides/florida-best-golf-courses-rankings
f11e1a5d-b9a6-4d35-9459-e214571540e0,2d980e76-26ee-4029-b832-4253455056b6,state,FL,50,Golf Digest,2025,https://www.golfdigest.com/courses/guides/florida-best-golf-courses-rankings
6964dd73-ff57-4695-ab2b-a78e8317eea4,f174e4df-ace4-4750-a3bc-a163196edce1,state,FL,51,Golf Digest,2025,https://www.golfdigest.com/courses/guides/florida-best-golf-courses-rankings
e4d438eb-dbed-44cd-8e30-85872b9b72ca,3db32350-813c-4217-88cc-e1165c6cf426,state,FL,52,Golf Digest,2025,https://www.golfdigest.com/courses/guides/florida-best-golf-courses-rankings
4a3866a9-c7a2-4dae-81b8-a4c6cfcc07e0,3b029597-3f4d-4497-bdc1-889b5662d418,state,FL,53,Golf Digest,2025,https://www.golfdigest.com/courses/guides/florida-best-golf-courses-rankings
f28c1be7-3c47-48d2-9223-4d26ae59e9a9,9871c1b4-12ea-4d8d-9afd-72b9eed175b8,state,FL,54,Golf Digest,2025,https://www.golfdigest.com/courses/guides/florida-best-golf-courses-rankings
de5138de-e338-493c-bfca-ac5751ca9850,24c30193-80dd-44cb-bcf3-7cab15d8e695,state,FL,55,Golf Digest,2025,https://www.golfdigest.com/courses/guides/florida-best-golf-courses-rankings
c7d7449a-ac48-457a-8a0a-b159d66a93aa,d293ed56-81e5-42c7-99d6-0523209da7cf,state,FL,56,Golf Digest,2025,https://www.golfdigest.com/courses/guides/florida-best-golf-courses-rankings
35f415ad-7a23-43e8-b34b-841e6e995790,04dae047-98ea-44b9-a19b-fcd3cbee971a,state,FL,57,Golf Digest,2025,https://www.golfdigest.com/courses/guides/florida-best-golf-courses-rankings
5e54b703-9141-4a6b-a43f-2884cc1d701c,c1560efd-17a5-4a44-bf48-ebe05a09eb0f,state,FL,58,Golf Digest,2025,https://www.golfdigest.com/courses/guides/florida-best-golf-courses-rankings
ef727916-48c4-4ede-a915-607c42d4321d,b29c7342-6560-4d5c-a979-ea037c772c0a,state,FL,59,Golf Digest,2025,https://www.golfdigest.com/courses/guides/florida-best-golf-courses-rankings
ab08599c-688a-43cd-8b55-f070eff029fc,92aaff6d-c2b2-4907-bdd7-61a3652f47f3,state,FL,60,Golf Digest,2025,https://www.golfdigest.com/courses/guides/florida-best-golf-courses-rankings
f76bf378-13d5-40b8-89f2-a60659e6239e,c07e98aa-68c6-4393-88aa-bd6c3dc76efa,state,FL,61,Golf Digest,2025,https://www.golfdigest.com/courses/guides/florida-best-golf-courses-rankings
2a6ba528-4359-4739-bb5f-9570c80feaaa,585f8a30-0c95-434e-848f-aa2e653a2964,state,FL,62,Golf Digest,2025,https://www.golfdigest.com/courses/guides/florida-best-golf-courses-rankings
d9ad9cd7-d7c6-4956-a279-4c38aa64484e,21ae15a6-13ce-4ee4-82a0-4e195f2795f5,state,FL,63,Golf Digest,2025,https://www.golfdigest.com/courses/guides/florida-best-golf-courses-rankings
51ff6a1b-1d34-4c6c-a72b-215e2d029aca,b18ae135-aa7b-4c59-a4f8-f2f24288b58d,state,FL,64,Golf Digest,2025,https://www.golfdigest.com/courses/guides/florida-best-golf-courses-rankings
8fb792d8-acf9-46eb-860b-d06a1510cd22,bb50a065-677f-45bc-a85c-c3efe2a92b46,state,FL,65,Golf Digest,2025,https://www.golfdigest.com/courses/guides/florida-best-golf-courses-rankings
5d264e51-f08d-4f7a-afc6-f85ba21376aa,2413cd2b-f918-46da-91ae-845d7c760e78,state,FL,66,Golf Digest,2025,https://www.golfdigest.com/courses/guides/florida-best-golf-courses-rankings
815dde34-ca71-4134-a087-5ea022f2e124,ad8a82e2-58c8-4651-9671-3cb592b8133d,state,FL,67,Golf Digest,2025,https://www.golfdigest.com/courses/guides/florida-best-golf-courses-rankings
3bb188de-535f-4829-bfac-32208f73c83a,9e550967-826f-47c8-aa18-f1227c8ad17a,state,FL,68,Golf Digest,2025,https://www.golfdigest.com/courses/guides/florida-best-golf-courses-rankings
954443da-c366-4e5f-b502-11c621f2d350,23cae479-e60e-485d-a161-e510ef6b5fd0,state,FL,69,Golf Digest,2025,https://www.golfdigest.com/courses/guides/florida-best-golf-courses-rankings
3399da5c-ffa7-4775-938b-0d5b257080c4,a7b04f27-e745-479c-aba8-487bc2303f3e,state,FL,70,Golf Digest,2025,https://www.golfdigest.com/courses/guides/florida-best-golf-courses-rankings
43e12353-43c2-4315-b368-211e99c4747d,a3a9ca55-5b59-45b2-9e88-397e1fa1dc97,state,GA,1,Golf Digest,2025,https://www.golfdigest.com/courses/guides/georgia-best-golf-courses-rankings
17fdfd48-d8b7-4421-bf44-17cdfcc949e9,6c262f35-f917-4b53-b22b-34c568f8ac64,state,GA,2,Golf Digest,2025,https://www.golfdigest.com/courses/guides/georgia-best-golf-courses-rankings
ca610c51-107c-4af9-91ea-f1416e40733f,cde28b5e-09ab-4a17-8bef-288319da35bb,state,GA,3,Golf Digest,2025,https://www.golfdigest.com/courses/guides/georgia-best-golf-courses-rankings
ae68f85d-3b51-432d-8c50-0560501f91e4,f7418b1d-a4ad-4aa9-b74a-9156429937cd,state,GA,4,Golf Digest,2025,https://www.golfdigest.com/courses/guides/georgia-best-golf-courses-rankings
08d0c629-21e6-4250-845e-249c5e0a11e0,83a366c9-1ea2-4750-be77-0bb9835048c7,state,GA,5,Golf Digest,2025,https://www.golfdigest.com/courses/guides/georgia-best-golf-courses-rankings
7464c94b-4f71-422d-9fba-03dc97c64e65,8a0cdab3-4f43-46ee-ac55-448504577a44,state,GA,6,Golf Digest,2025,https://www.golfdigest.com/courses/guides/georgia-best-golf-courses-rankings
914d7c78-9bfe-4c29-a08e-9bdd58ab7a99,1da1d206-ef40-471c-b4d4-48c45cbd9fc6,state,GA,7,Golf Digest,2025,https://www.golfdigest.com/courses/guides/georgia-best-golf-courses-rankings
682bf751-0f89-42a7-96fa-8479454bbef7,bbf78a2d-88a3-4c74-a69f-8ae79755ae74,state,GA,8,Golf Digest,2025,https://www.golfdigest.com/courses/guides/georgia-best-golf-courses-rankings
dee66a86-8555-4339-950c-9899c87b2738,4f90e4e7-cea1-4055-8c34-7ce134c6efff,state,GA,9,Golf Digest,2025,https://www.golfdigest.com/courses/guides/georgia-best-golf-courses-rankings
c04b0077-014d-4306-91c3-95c30237b69c,86043857-13d7-4705-a93d-7c7672177dda,state,GA,10,Golf Digest,2025,https://www.golfdigest.com/courses/guides/georgia-best-golf-courses-rankings
85b52941-a9a3-4e19-a2e1-7fbd1a885864,9ff68ef5-a407-4e1d-8d97-a165fa95f962,state,GA,11,Golf Digest,2025,https://www.golfdigest.com/courses/guides/georgia-best-golf-courses-rankings
36063717-18f5-46a8-8caf-64ae83e7ae0d,8286ee83-7eaa-4f60-a7d5-e60ad082b253,state,GA,12,Golf Digest,2025,https://www.golfdigest.com/courses/guides/georgia-best-golf-courses-rankings
f5e936c2-1c45-432a-9664-86e41f0d8adc,ffaca149-2b60-4b14-b763-096adcbfc7d4,state,GA,13,Golf Digest,2025,https://www.golfdigest.com/courses/guides/georgia-best-golf-courses-rankings
c4a668fb-74a2-4a10-a7a7-4a88007c3c40,3641ac0c-cabc-4b25-9cde-6ed789d4c3a5,state,GA,14,Golf Digest,2025,https://www.golfdigest.com/courses/guides/georgia-best-golf-courses-rankings
b1dc5bc6-e24c-41ba-8353-7e1383770f69,c7273d85-ceca-441d-91d6-3ff990dcb3b7,state,GA,15,Golf Digest,2025,https://www.golfdigest.com/courses/guides/georgia-best-golf-courses-rankings
f925d205-cea0-4e02-a9b8-4642ade84f48,85680a86-8c11-4d40-a164-b2fb9d072d45,state,GA,16,Golf Digest,2025,https://www.golfdigest.com/courses/guides/georgia-best-golf-courses-rankings
ae98d3ad-f4cf-44c9-b0c6-98f58e4181a7,1b4a64b0-43a5-44d5-a492-ec3cb9627fb1,state,GA,17,Golf Digest,2025,https://www.golfdigest.com/courses/guides/georgia-best-golf-courses-rankings
5f0d0616-adb2-4e47-a9aa-1d7713bd86b5,07ed73ad-1e3a-4c92-9876-330ae6c066c6,state,GA,18,Golf Digest,2025,https://www.golfdigest.com/courses/guides/georgia-best-golf-courses-rankings
3c41d65b-09c1-4034-8c5e-75b5011a2983,7dd0a991-52e1-4269-b206-05dc81f38814,state,GA,19,Golf Digest,2025,https://www.golfdigest.com/courses/guides/georgia-best-golf-courses-rankings
963cec3a-a648-48e2-8589-829ef6f9c5bb,8b75f143-0df5-4f5a-8044-9dbf88110807,state,GA,20,Golf Digest,2025,https://www.golfdigest.com/courses/guides/georgia-best-golf-courses-rankings
e9551cb0-fa06-4ac0-8dea-47791ba25e06,9de1a4fe-bd7b-46de-89d2-d1f947c81e31,state,GA,21,Golf Digest,2025,https://www.golfdigest.com/courses/guides/georgia-best-golf-courses-rankings
84c161ef-907e-4b99-9cbc-9d5ffa082d7c,2edea02e-59e8-432c-9a65-fcfeba48f999,state,GA,22,Golf Digest,2025,https://www.golfdigest.com/courses/guides/georgia-best-golf-courses-rankings
c8e7c2d4-4aaf-4ea3-999f-8fc7f2bb926c,ffd99a43-3155-47ce-9f1a-6608ad86af47,state,GA,23,Golf Digest,2025,https://www.golfdigest.com/courses/guides/georgia-best-golf-courses-rankings
d543ea36-ee8b-4326-bcee-00bc2330c0b6,3602540d-fad0-4efe-8bc3-d7304fe6b717,state,GA,24,Golf Digest,2025,https://www.golfdigest.com/courses/guides/georgia-best-golf-courses-rankings
d8395fa2-c46f-45ed-aaae-c4a0c0cb108f,97d1d254-6857-47ba-9faf-e549411d4556,state,GA,25,Golf Digest,2025,https://www.golfdigest.com/courses/guides/georgia-best-golf-courses-rankings
5eb1a6ae-7fd3-4b5c-82ff-3a6c8a1b2007,4ebfe859-665b-4798-a797-35c5df9f341c,state,GA,26,Golf Digest,2025,https://www.golfdigest.com/courses/guides/georgia-best-golf-courses-rankings
7a4df43d-5869-4b93-818b-4860a391c6f1,93833e23-ce3e-4b48-a907-c9b232f31446,state,GA,27,Golf Digest,2025,https://www.golfdigest.com/courses/guides/georgia-best-golf-courses-rankings
83a0c1b1-2fb9-4c6c-90be-9898c8932843,a8b21129-50bb-468d-85ec-dce05ce20a76,state,GA,28,Golf Digest,2025,https://www.golfdigest.com/courses/guides/georgia-best-golf-courses-rankings
fc3f4199-70d5-4fbf-9fb2-6d439bf8fc9a,374d837e-fc3a-4bb4-ab89-3485e7f5b268,state,GA,29,Golf Digest,2025,https://www.golfdigest.com/courses/guides/georgia-best-golf-courses-rankings
0e497f8d-f7b2-4df6-bc52-22d853015d11,4c97ba5d-4e46-4e29-a710-dfd160dc81d8,state,GA,30,Golf Digest,2025,https://www.golfdigest.com/courses/guides/georgia-best-golf-courses-rankings
2d59ca0f-9121-46c8-b08a-2167511b25fa,dd6f0a9b-1081-48cb-83da-0411969c3291,state,GA,31,Golf Digest,2025,https://www.golfdigest.com/courses/guides/georgia-best-golf-courses-rankings
f6b32e26-cc06-440f-96a3-ab1df4a7e9b8,9ac968ff-e792-47c9-a6e1-99147f52e802,state,GA,32,Golf Digest,2025,https://www.golfdigest.com/courses/guides/georgia-best-golf-courses-rankings
7bd86dfb-87b5-42e3-a8f6-b43a34fdb8da,08a4f4d8-d904-4cd9-b69e-e73f669c3abf,state,GA,33,Golf Digest,2025,https://www.golfdigest.com/courses/guides/georgia-best-golf-courses-rankings
34cb6dca-2ee4-4e1f-a03b-34a9b0ff999e,0e6e8b2f-26df-461a-9390-6e4b849f6a90,state,GA,34,Golf Digest,2025,https://www.golfdigest.com/courses/guides/georgia-best-golf-courses-rankings
0f79d267-7583-4921-9d7c-dbfd7a08e4e5,b140f699-6b0b-4c17-959d-7dc23195fdaa,state,GA,35,Golf Digest,2025,https://www.golfdigest.com/courses/guides/georgia-best-golf-courses-rankings
a0367952-7af1-4bcb-894f-fb0888ef3be7,d4497a28-55c3-4c02-97fd-ad4eca6b976c,state,GA,36,Golf Digest,2025,https://www.golfdigest.com/courses/guides/georgia-best-golf-courses-rankings
62ae66c2-05fc-4954-927e-f6796251f0b5,2c10356f-f6bc-49f9-9b13-f96a3ddf25c8,state,GA,37,Golf Digest,2025,https://www.golfdigest.com/courses/guides/georgia-best-golf-courses-rankings
f39f37b9-56f7-4e49-a3ed-b0b25b641ccd,56181136-f3a4-4850-bd56-f1a38165b5c8,state,GA,38,Golf Digest,2025,https://www.golfdigest.com/courses/guides/georgia-best-golf-courses-rankings
ca079ffe-ecad-47b1-ae4f-b178c11c1600,b8e150c8-4c24-4ce2-a3fa-bbc14e5f0b19,state,GA,39,Golf Digest,2025,https://www.golfdigest.com/courses/guides/georgia-best-golf-courses-rankings
fa9a002a-17e1-4388-8876-cf9155ec43bd,bb3ac11d-d4d8-4717-b0d8-ffa78ad0a99d,state,GA,40,Golf Digest,2025,https://www.golfdigest.com/courses/guides/georgia-best-golf-courses-rankings
759e352e-172c-4ec5-9d60-2c9e4124768c,2271a7a7-33d0-41ca-b84b-73d9a1937b23,state,HI,1,Golf Digest,2025,https://www.golfdigest.com/courses/guides/hawaii-best-golf-courses-rankings
33b46ebd-6e86-4ab7-be24-43608226c3bd,86cfb219-8e50-4711-b4fe-d0d9f1cde7f1,state,HI,2,Golf Digest,2025,https://www.golfdigest.com/courses/guides/hawaii-best-golf-courses-rankings
69a2dbcf-aa85-4978-95a4-72425876e490,3de9dea0-76bd-4276-8bed-58cbbc4e6b04,state,HI,3,Golf Digest,2025,https://www.golfdigest.com/courses/guides/hawaii-best-golf-courses-rankings
8fbc3a08-6bc1-4088-8680-f760e630bf5b,6ad4c7e1-bcb6-4530-b44f-bf32385af0ed,state,HI,4,Golf Digest,2025,https://www.golfdigest.com/courses/guides/hawaii-best-golf-courses-rankings
f81693d6-f820-4dad-94e2-663e42f02bf9,c6ca6ad6-f7a7-41ed-b73a-28153f098452,state,HI,5,Golf Digest,2025,https://www.golfdigest.com/courses/guides/hawaii-best-golf-courses-rankings
486eee67-a98c-4495-b6b3-61e12e82046e,e4a1e401-5b00-4a5c-8a47-32beb14cc4b8,state,HI,6,Golf Digest,2025,https://www.golfdigest.com/courses/guides/hawaii-best-golf-courses-rankings
cd46049a-e8e6-4408-9ce5-1bdbf58ce214,3cf5ca3b-35df-42ca-be68-2b540dbbdcee,state,HI,7,Golf Digest,2025,https://www.golfdigest.com/courses/guides/hawaii-best-golf-courses-rankings
c00e501c-1f99-4cc9-9f49-542dc7f5b865,df23f9c1-5669-4d60-bb65-3b5bafb5bcc9,state,HI,8,Golf Digest,2025,https://www.golfdigest.com/courses/guides/hawaii-best-golf-courses-rankings
bb78ecf2-81d5-47b4-a26f-ea7bd45191f1,107bc484-0466-4706-bf40-c22e065762ee,state,HI,9,Golf Digest,2025,https://www.golfdigest.com/courses/guides/hawaii-best-golf-courses-rankings
a1620da6-e44c-4d89-a941-7523c55ee1bd,99238908-d6ba-4c73-8a95-98a61386ff57,state,HI,10,Golf Digest,2025,https://www.golfdigest.com/courses/guides/hawaii-best-golf-courses-rankings
4ca608d8-16c8-458a-9e91-73682803624e,d6f8f508-862b-4f72-896a-f63af859d45d,state,HI,11,Golf Digest,2025,https://www.golfdigest.com/courses/guides/hawaii-best-golf-courses-rankings
c414ed7b-b496-422c-abb3-b992c9b85566,4e9acfe8-10a6-48f2-be57-128ad28a5eb3,state,HI,12,Golf Digest,2025,https://www.golfdigest.com/courses/guides/hawaii-best-golf-courses-rankings
bd978148-94c6-4ea7-97fe-0af2daa2104a,ad836e6c-63de-430a-86a5-4a79285cd576,state,HI,13,Golf Digest,2025,https://www.golfdigest.com/courses/guides/hawaii-best-golf-courses-rankings
ed282fb2-8f0f-446b-95c2-32c54346b5f8,430d6abc-c781-482e-a0e2-d4cebaa8bf9d,state,HI,14,Golf Digest,2025,https://www.golfdigest.com/courses/guides/hawaii-best-golf-courses-rankings
2754cf3f-462b-4ab9-a49b-fb71e377eaae,eab8b8c1-eb78-4bca-823c-bf5736fcf90a,state,HI,15,Golf Digest,2025,https://www.golfdigest.com/courses/guides/hawaii-best-golf-courses-rankings
ceafa5d5-7eac-4bb9-89d7-e7c4685c00ca,ce44d43b-dd92-42a2-9d84-bf409c5f311d,state,HI,16,Golf Digest,2025,https://www.golfdigest.com/courses/guides/hawaii-best-golf-courses-rankings
a46d1378-490d-4273-888b-65f9166b8faf,2e10225c-9f5f-4335-b654-b094648979ee,state,HI,17,Golf Digest,2025,https://www.golfdigest.com/courses/guides/hawaii-best-golf-courses-rankings
627c7027-e862-490e-a913-0371e5b667f8,b574a5e6-697e-4c38-a7d3-0c4b6e6fd335,state,HI,18,Golf Digest,2025,https://www.golfdigest.com/courses/guides/hawaii-best-golf-courses-rankings
aff18ed5-5f64-4ade-87e3-fd83dfe28d42,fd49500e-173d-4957-b8a7-ce613ed38bb7,state,HI,19,Golf Digest,2025,https://www.golfdigest.com/courses/guides/hawaii-best-golf-courses-rankings
3d120b81-8871-4cfa-983e-24145f022e02,cdc34c03-ec63-405b-a977-adffb6901939,state,HI,20,Golf Digest,2025,https://www.golfdigest.com/courses/guides/hawaii-best-golf-courses-rankings
cc5ed10c-bd76-4d2d-ab96-1bb9f6c6403b,846f4ed0-7829-473e-9170-6174c47b2479,state,IA,1,Golf Digest,2025,https://www.golfdigest.com/courses/guides/iowa-best-golf-courses-rankings
c51f4f4e-155f-44fd-8a49-0274dce38f87,a2f999e2-67ef-4ddc-ab99-af7ee2010ff1,state,IA,2,Golf Digest,2025,https://www.golfdigest.com/courses/guides/iowa-best-golf-courses-rankings
4647a24a-feb6-4c5b-9a57-7fe03c54d20a,85af65eb-00df-4fe9-ba9d-afa7017f63f8,state,IA,3,Golf Digest,2025,https://www.golfdigest.com/courses/guides/iowa-best-golf-courses-rankings
1f5525d0-758d-408b-b128-78a164248648,dc863843-b99a-45d6-825f-7963ea1e8965,state,IA,4,Golf Digest,2025,https://www.golfdigest.com/courses/guides/iowa-best-golf-courses-rankings
39aa9120-39f6-4c21-a067-e03e3e5ac5f2,4b97c831-dced-4f16-b99d-83ecb8d24ea1,state,IA,5,Golf Digest,2025,https://www.golfdigest.com/courses/guides/iowa-best-golf-courses-rankings
8f4d15b7-fa5d-4145-85c5-f626eab4cfdb,5581a10b-1b24-4263-91d2-85bdbb6ecfda,state,IA,6,Golf Digest,2025,https://www.golfdigest.com/courses/guides/iowa-best-golf-courses-rankings
72451354-ab4d-407c-82d0-b3cadc31ff50,d90c0fd2-4363-4374-9509-fcb7dd2a7d26,state,IA,7,Golf Digest,2025,https://www.golfdigest.com/courses/guides/iowa-best-golf-courses-rankings
012a5918-c35c-4c6f-889b-46c494463fd1,03e5af32-c8cc-451a-9ab0-57df0a83e1f2,state,IA,8,Golf Digest,2025,https://www.golfdigest.com/courses/guides/iowa-best-golf-courses-rankings
be0cc7f7-a251-4720-b278-8fed01f3ac87,ddffe99a-1067-49ce-9089-defaf9af8fb4,state,ID,1,Golf Digest,2025,https://www.golfdigest.com/courses/guides/idaho-best-golf-courses-rankings
d2531c14-d189-4b36-877f-dc4caf39e7b9,256ece7e-010d-4aab-a89a-2fe806c5383f,state,ID,2,Golf Digest,2025,https://www.golfdigest.com/courses/guides/idaho-best-golf-courses-rankings
46be2299-f34b-4340-93b3-5b5fe45bcd4f,e60f086f-53b3-4208-afe1-88662401d50e,state,ID,3,Golf Digest,2025,https://www.golfdigest.com/courses/guides/idaho-best-golf-courses-rankings
44c39835-192b-42ff-96e6-530f1b544b4c,4442a0fc-e729-4e63-91e9-5123a75d0b63,state,ID,4,Golf Digest,2025,https://www.golfdigest.com/courses/guides/idaho-best-golf-courses-rankings
7df1a170-b106-4be7-9ce8-0864ae149236,926dfcc7-63f4-44e8-a23b-7177b46199e0,state,ID,5,Golf Digest,2025,https://www.golfdigest.com/courses/guides/idaho-best-golf-courses-rankings
e27fa2fd-9fbd-46b5-bbc1-54aec6c499fc,89231433-8411-4e72-a1d8-06addf3632e1,state,ID,6,Golf Digest,2025,https://www.golfdigest.com/courses/guides/idaho-best-golf-courses-rankings
2dcddf87-b9db-4e7c-8d0e-2bfbd5fded8f,2ef4d8c3-29fa-419b-ab2c-fa50aa6bcf5c,state,ID,7,Golf Digest,2025,https://www.golfdigest.com/courses/guides/idaho-best-golf-courses-rankings
e70d3051-b3d8-447a-856b-12e572cc82d1,b5823cdb-b9c6-4ccf-abe3-878f835526ec,state,ID,8,Golf Digest,2025,https://www.golfdigest.com/courses/guides/idaho-best-golf-courses-rankings
0e702315-8fd5-4504-a688-98bb881b89bb,5b570e66-2dfe-47ea-9403-e1d3fb8fe20e,state,ID,9,Golf Digest,2025,https://www.golfdigest.com/courses/guides/idaho-best-golf-courses-rankings
a08d1dc4-c407-4242-8131-854987e6da0e,3d03e70a-a4c9-4a6b-8484-e2daf2c4686a,state,IL,1,Golf Digest,2025,https://www.golfdigest.com/courses/guides/illinois-best-golf-courses-rankings
90e92890-8d03-47f8-ae81-360d023a1f68,537afc81-c24a-4ea1-9bcd-60d0b409c50c,state,IL,2,Golf Digest,2025,https://www.golfdigest.com/courses/guides/illinois-best-golf-courses-rankings
4955b0e1-ff7c-4099-bf4d-47b9a0a8946b,2c628494-306d-4d47-ab6b-e2871d203f9f,state,IL,3,Golf Digest,2025,https://www.golfdigest.com/courses/guides/illinois-best-golf-courses-rankings
44659bc6-8126-443b-953d-3af3f048c8a0,497c73d1-e530-4938-bfac-b5c4029b8f1b,state,IL,4,Golf Digest,2025,https://www.golfdigest.com/courses/guides/illinois-best-golf-courses-rankings
c795cbbc-3108-4fe7-93e4-4e9ca302a0f1,0727a9ac-6fa2-4ac2-ae97-c948f3fb335a,state,IL,5,Golf Digest,2025,https://www.golfdigest.com/courses/guides/illinois-best-golf-courses-rankings
8281639a-5c08-4c6b-8db1-f7a8619ab969,e8f7bc61-0992-4daa-a445-e0872bc5ae78,state,IL,6,Golf Digest,2025,https://www.golfdigest.com/courses/guides/illinois-best-golf-courses-rankings
6974094d-c996-4acb-ab5a-c8ba63fe9a1f,37f176b8-08ef-4201-8e94-67fc6c209d71,state,IL,7,Golf Digest,2025,https://www.golfdigest.com/courses/guides/illinois-best-golf-courses-rankings
90c7fba4-0918-43ec-89a9-1bf34e928e6c,9520a020-b778-4308-8492-191a4fa4dab0,state,IL,8,Golf Digest,2025,https://www.golfdigest.com/courses/guides/illinois-best-golf-courses-rankings
ac5d9ace-9f88-475b-9fda-28018379898f,01831cf0-ab1c-42e6-a329-7b37a69adb5a,state,IL,9,Golf Digest,2025,https://www.golfdigest.com/courses/guides/illinois-best-golf-courses-rankings
ddd8309c-231e-425f-82db-c8af454232f9,08a312ae-d075-4ae2-a818-9e9419e58a8a,state,IL,10,Golf Digest,2025,https://www.golfdigest.com/courses/guides/illinois-best-golf-courses-rankings
bb4a3583-fd2a-4d36-b087-25c547cc9a89,43c08052-b073-4706-9f57-bbb0e784ff38,state,IL,11,Golf Digest,2025,https://www.golfdigest.com/courses/guides/illinois-best-golf-courses-rankings
556a355c-242f-48f8-a706-ceb97676ac11,5a231213-e75b-4e6a-81f8-d87c2401b17b,state,IL,12,Golf Digest,2025,https://www.golfdigest.com/courses/guides/illinois-best-golf-courses-rankings
0db7edec-03d2-4126-aba5-7f0bea4a7e31,3b10b9b4-f68f-4be8-a8d7-3ff609683b39,state,IL,13,Golf Digest,2025,https://www.golfdigest.com/courses/guides/illinois-best-golf-courses-rankings
4b9edb6c-d79d-45c1-954c-4a89b83cd4af,31e76203-7311-43ff-a24b-0cd83a4b6743,state,IL,14,Golf Digest,2025,https://www.golfdigest.com/courses/guides/illinois-best-golf-courses-rankings
d26e8914-355f-424e-94dc-54f59daba96b,068d853f-e40e-49a9-bbdb-a82ef25f9f25,state,IL,15,Golf Digest,2025,https://www.golfdigest.com/courses/guides/illinois-best-golf-courses-rankings
4746c71a-cdf5-4df0-b5b6-1f20cc8f0668,1ebe8278-4ca5-4065-a463-9d126a96e5b1,state,IL,16,Golf Digest,2025,https://www.golfdigest.com/courses/guides/illinois-best-golf-courses-rankings
40005c45-bcae-403a-ad30-60c886758124,9ce82478-5a38-4f31-9f05-e56c9f52d89d,state,IL,17,Golf Digest,2025,https://www.golfdigest.com/courses/guides/illinois-best-golf-courses-rankings
0a148891-1b06-4bbf-b277-84db30ac8933,810cd7bf-8ba4-432b-b8e8-ec0c58f27e9d,state,IL,18,Golf Digest,2025,https://www.golfdigest.com/courses/guides/illinois-best-golf-courses-rankings
ab9efe4f-a058-45b7-bef7-13f7aa868a06,813868ed-f41b-4675-8832-fedac41abd33,state,IL,19,Golf Digest,2025,https://www.golfdigest.com/courses/guides/illinois-best-golf-courses-rankings
ccc7f7ab-c9c9-45fc-89ac-aa6ad0e5e016,3704fb73-5662-47dd-8f93-e6532dcd6920,state,IL,20,Golf Digest,2025,https://www.golfdigest.com/courses/guides/illinois-best-golf-courses-rankings
d852b826-e181-4ae3-aa40-d54cee8eecd8,b05ebb82-fad8-4ca3-ab1d-80457e628567,state,IL,21,Golf Digest,2025,https://www.golfdigest.com/courses/guides/illinois-best-golf-courses-rankings
0eb6aa4e-5389-493c-b080-aa70e8582352,0f72af32-96b1-4dc0-bb48-285ef6f19329,state,IL,22,Golf Digest,2025,https://www.golfdigest.com/courses/guides/illinois-best-golf-courses-rankings
17cd2738-b33d-4337-8766-e910ac62b2ef,7b291663-8d24-4c86-aacd-a7eb1643afad,state,IL,23,Golf Digest,2025,https://www.golfdigest.com/courses/guides/illinois-best-golf-courses-rankings
60042793-0012-4581-be5c-8cdf88ba989e,4c2faa9f-c83c-4860-9bb7-94e3121f776f,state,IL,24,Golf Digest,2025,https://www.golfdigest.com/courses/guides/illinois-best-golf-courses-rankings
c3d2e60b-fa11-44b0-a15e-446ebda18270,0d147006-f46c-46ab-afe7-6fa4af629d86,state,IL,25,Golf Digest,2025,https://www.golfdigest.com/courses/guides/illinois-best-golf-courses-rankings
97f9b089-8251-4eca-9c16-298d020753ed,bd26677e-60e6-4f0f-9488-3a9a2ed74643,state,IL,26,Golf Digest,2025,https://www.golfdigest.com/courses/guides/illinois-best-golf-courses-rankings
2998585b-72f5-4f9c-9b0a-602af1a57670,ae6b3de2-befb-4660-8e77-285024bd816f,state,IL,27,Golf Digest,2025,https://www.golfdigest.com/courses/guides/illinois-best-golf-courses-rankings
7e5e8002-416a-4f7f-b58d-10f39d024c15,0eb7d971-3e11-4d0a-a6f9-c1c0aa6ffb4f,state,IL,28,Golf Digest,2025,https://www.golfdigest.com/courses/guides/illinois-best-golf-courses-rankings
f1dd0bca-9aa1-4425-a26b-2e6279f0a0a7,8fc48ce5-2d13-4e6e-b61f-288c9b3cbf46,state,IL,29,Golf Digest,2025,https://www.golfdigest.com/courses/guides/illinois-best-golf-courses-rankings
ea45f055-feb8-4fb2-9827-1bb1a4e655a7,327cf4be-907e-41d0-bda0-e9b8b021e62a,state,IL,30,Golf Digest,2025,https://www.golfdigest.com/courses/guides/illinois-best-golf-courses-rankings
39633bc3-8e63-4f08-bc47-4db58055d2fe,ed5534b9-acf8-4be9-9792-64be881d3bf2,state,IL,31,Golf Digest,2025,https://www.golfdigest.com/courses/guides/illinois-best-golf-courses-rankings
4ef98085-d6b8-4ccc-8917-4b55acc54261,41809c8f-b695-4f06-a83a-c4b405fc0cf2,state,IL,32,Golf Digest,2025,https://www.golfdigest.com/courses/guides/illinois-best-golf-courses-rankings
e76eae60-fc85-4b5d-a16b-e675d9739498,c0794392-0db4-4c46-82e1-598f92e2d073,state,IL,33,Golf Digest,2025,https://www.golfdigest.com/courses/guides/illinois-best-golf-courses-rankings
3ca9ad3a-794f-440c-9035-17ffd28d9528,64e9fd9b-978e-41d5-9bca-1327bcf2f810,state,IL,34,Golf Digest,2025,https://www.golfdigest.com/courses/guides/illinois-best-golf-courses-rankings
d85f52d5-8cf1-44d8-a620-b91c9ee10f1a,948442a1-971d-42db-9553-6ca4087cfa4c,state,IL,35,Golf Digest,2025,https://www.golfdigest.com/courses/guides/illinois-best-golf-courses-rankings
cd758256-8420-44ff-8d25-61866bb5ce3d,f55e9043-e4e3-409a-b7e2-2293ad3090da,state,IN,1,Golf Digest,2025,https://www.golfdigest.com/courses/guides/indiana-best-golf-courses-rankings
22827131-dd9a-4d0d-8fe9-51b4a7570938,d0e0d20c-61ed-4298-b1db-d9818bd137a3,state,IN,2,Golf Digest,2025,https://www.golfdigest.com/courses/guides/indiana-best-golf-courses-rankings
9994f461-013b-4ed0-8c9d-fdc28914a74b,2e84ffef-cd45-48b7-97a7-1967ccce7f7d,state,IN,3,Golf Digest,2025,https://www.golfdigest.com/courses/guides/indiana-best-golf-courses-rankings
f3133246-ca25-4e84-95b0-0f8eb8e69f97,c730bd1d-631d-401e-9578-710870d8956d,state,IN,4,Golf Digest,2025,https://www.golfdigest.com/courses/guides/indiana-best-golf-courses-rankings
0a3ae8e3-4cc1-4bd1-9699-21c9b00fceff,ab3a0d2c-83ae-4607-b5ac-0b6ff5b3d7b1,state,IN,5,Golf Digest,2025,https://www.golfdigest.com/courses/guides/indiana-best-golf-courses-rankings
6e3ca146-32bf-4ceb-a6d9-0ce14ca927af,65b21553-3b10-4f17-b3ff-c17333a0189c,state,IN,6,Golf Digest,2025,https://www.golfdigest.com/courses/guides/indiana-best-golf-courses-rankings
f63e8e88-4516-4b05-88b4-653d2eb52f9c,ef8ebd8a-c2ae-42b5-bfde-bbd8d5add781,state,IN,7,Golf Digest,2025,https://www.golfdigest.com/courses/guides/indiana-best-golf-courses-rankings
320bd433-e08e-47b0-998e-dd38e9eb2db3,bfb59e4c-cb0b-46ec-bcb0-f54641a95305,state,IN,8,Golf Digest,2025,https://www.golfdigest.com/courses/guides/indiana-best-golf-courses-rankings
c7f65622-9417-44e9-923c-d759d3c6ffb1,cc18e080-0216-4e0f-b4fa-31a4558e05d2,state,IN,9,Golf Digest,2025,https://www.golfdigest.com/courses/guides/indiana-best-golf-courses-rankings
501e2164-c4d7-482f-98a3-d6d62591d25b,4a02fdf5-fbab-42cb-a51f-f76b1b2d0aa6,state,IN,10,Golf Digest,2025,https://www.golfdigest.com/courses/guides/indiana-best-golf-courses-rankings
7afed8e1-db68-41b5-a745-702d43cc4227,4d72d459-403b-4f22-8c40-e0fc1683ae4f,state,IN,11,Golf Digest,2025,https://www.golfdigest.com/courses/guides/indiana-best-golf-courses-rankings
81fc1a74-c017-4e23-88a3-c21c58b15d59,2c5f1a01-aec3-4c44-86c5-dad01cf2fd8e,state,IN,12,Golf Digest,2025,https://www.golfdigest.com/courses/guides/indiana-best-golf-courses-rankings
0c136271-dcb9-458c-8e4e-e285dc57e669,f1c70732-68a2-4914-955e-2a54dad96d40,state,IN,13,Golf Digest,2025,https://www.golfdigest.com/courses/guides/indiana-best-golf-courses-rankings
eafd6375-9f45-4bcd-9dc7-85d71d489994,ec06c2a9-3a1c-4c0a-be2d-56efaf173aa4,state,IN,14,Golf Digest,2025,https://www.golfdigest.com/courses/guides/indiana-best-golf-courses-rankings
67d5f367-1ba9-4cbf-b2be-2973b4026440,9d87fd8f-68a6-4aa4-a1c3-1d09c45f0ac1,state,IN,15,Golf Digest,2025,https://www.golfdigest.com/courses/guides/indiana-best-golf-courses-rankings
26add3f7-7fd2-4af8-97f8-a6aa6d6586ec,12d90e7a-da87-42d9-8dde-6b1873450238,state,IN,16,Golf Digest,2025,https://www.golfdigest.com/courses/guides/indiana-best-golf-courses-rankings
1f14b20d-b76b-4d2f-b650-8ab86b7e3c4b,84289bd6-1bc7-405b-ad6c-ee75ad475369,state,IN,17,Golf Digest,2025,https://www.golfdigest.com/courses/guides/indiana-best-golf-courses-rankings
0e279c5a-b59c-49ff-80de-c486fbf98617,4cd25a22-99bc-40ef-a661-45ccd69e2dbb,state,IN,18,Golf Digest,2025,https://www.golfdigest.com/courses/guides/indiana-best-golf-courses-rankings
0438c363-2af5-44e0-90f0-2f3315650e3a,08dc2838-6d7b-479c-867d-1d898b750d9a,state,IN,19,Golf Digest,2025,https://www.golfdigest.com/courses/guides/indiana-best-golf-courses-rankings
dacce6e9-ff4b-493e-9b32-d71a14c1e179,317970e4-f8a7-461b-9763-3113f683ef2b,state,IN,20,Golf Digest,2025,https://www.golfdigest.com/courses/guides/indiana-best-golf-courses-rankings
b3de7283-ceb1-479b-a571-bda5d09fbdc1,f22aa995-960d-4f85-9e18-34975cccc8ac,state,KS,1,Golf Digest,2025,https://www.golfdigest.com/courses/guides/kansas-best-golf-courses-rankings
0535b9b5-e3d1-42dd-a020-22d7e1f4c3eb,f43341bb-6b66-4ec3-bac3-00001ac641bc,state,KS,2,Golf Digest,2025,https://www.golfdigest.com/courses/guides/kansas-best-golf-courses-rankings
0849953d-459a-4b8f-8cf9-cc3772734d33,0280d5a3-c660-4393-9f1e-387db54b8208,state,KS,3,Golf Digest,2025,https://www.golfdigest.com/courses/guides/kansas-best-golf-courses-rankings
9f093b1e-da1c-4e8a-947a-fe77edceaa12,37a5b856-dc66-42a1-b2f0-683fb5acb29e,state,KS,4,Golf Digest,2025,https://www.golfdigest.com/courses/guides/kansas-best-golf-courses-rankings
4b4fff8a-583f-4399-87a2-fda143656770,e1e2cd4d-4311-499a-927b-3b1eb8ebc87a,state,KS,5,Golf Digest,2025,https://www.golfdigest.com/courses/guides/kansas-best-golf-courses-rankings
82247e27-17e1-431b-87c6-c72dcd7eba44,7672a72e-ee1e-4140-b5db-2610820e36ff,state,KS,6,Golf Digest,2025,https://www.golfdigest.com/courses/guides/kansas-best-golf-courses-rankings
f15f7859-6db2-47f2-9c27-fa0a775342d3,5e2acdb6-a8dc-43c6-813c-208a8607ece7,state,KS,7,Golf Digest,2025,https://www.golfdigest.com/courses/guides/kansas-best-golf-courses-rankings
50a31ce7-8ba9-4713-a14f-afafb0ff609b,82e925a0-d743-48c8-99d8-d4687e00cfad,state,KS,8,Golf Digest,2025,https://www.golfdigest.com/courses/guides/kansas-best-golf-courses-rankings
5468f3e5-2e09-4345-844e-298aeff5fb66,e210cdc7-8bc3-4ea9-883c-03f7ba8da446,state,KS,9,Golf Digest,2025,https://www.golfdigest.com/courses/guides/kansas-best-golf-courses-rankings
9d24f1fe-b164-44e0-8a08-3ca2d8b48fc3,d0778930-628c-4d9c-a255-8c43811ab3e9,state,KS,10,Golf Digest,2025,https://www.golfdigest.com/courses/guides/kansas-best-golf-courses-rankings
70bc6b79-de18-4208-9696-2b03a79514c3,a890b7a3-74ca-41c3-9af7-7888c51fe73a,state,KY,1,Golf Digest,2025,https://www.golfdigest.com/courses/guides/kentucky-best-golf-courses-rankings
c30d197b-fa46-4c72-96a1-cba51ac7cc27,ea046843-b4db-42f7-a79c-fac5debe3d04,state,KY,2,Golf Digest,2025,https://www.golfdigest.com/courses/guides/kentucky-best-golf-courses-rankings
b7ef696b-ad3f-47c4-b197-e91be43739ae,fffee4b6-383e-4c2f-98e3-b773d3b00a6e,state,KY,3,Golf Digest,2025,https://www.golfdigest.com/courses/guides/kentucky-best-golf-courses-rankings
ba963870-69aa-47a9-99aa-8c818f0a783e,4c57b09e-aaff-44ab-acc2-def3f8d47df8,state,KY,4,Golf Digest,2025,https://www.golfdigest.com/courses/guides/kentucky-best-golf-courses-rankings
0d6b1beb-bb48-4600-92d5-955d70e83051,c4f367d0-df91-4295-ab44-401335bc1037,state,KY,5,Golf Digest,2025,https://www.golfdigest.com/courses/guides/kentucky-best-golf-courses-rankings
da516d22-81ee-49d1-9328-9a61c93a6db8,97d7d634-e4a1-49d0-a2fe-9d932881cf7d,state,KY,6,Golf Digest,2025,https://www.golfdigest.com/courses/guides/kentucky-best-golf-courses-rankings
dc8b927f-ffd6-436f-80c3-30e3e79f81dd,03f1be44-2e15-4b2a-9e62-711860b52d5c,state,KY,7,Golf Digest,2025,https://www.golfdigest.com/courses/guides/kentucky-best-golf-courses-rankings
9e949794-52b0-49a9-a774-4ee898d72ef6,85890bef-0fb1-4132-8f9f-897790d3330a,state,KY,8,Golf Digest,2025,https://www.golfdigest.com/courses/guides/kentucky-best-golf-courses-rankings
6c532306-17e1-43b0-947d-aa7446ebddbb,1fe6c665-ade3-48f8-b9bb-41a1beb73844,state,KY,9,Golf Digest,2025,https://www.golfdigest.com/courses/guides/kentucky-best-golf-courses-rankings
1609979a-7e20-4b30-86ae-509fa7e9b4dd,8fa7916c-3bc3-4f84-9a74-c6927a67f616,state,KY,10,Golf Digest,2025,https://www.golfdigest.com/courses/guides/kentucky-best-golf-courses-rankings
6072cd2b-0696-4456-8508-bbb58375c912,b8f2dac3-00ac-4345-a8ca-c65a5f41bc07,state,LA,1,Golf Digest,2025,https://www.golfdigest.com/courses/guides/louisiana-best-golf-courses-rankings
979605eb-2c93-4890-b9af-adfd6e5546ff,0be536a4-7677-4e6f-9a14-98a32839d095,state,LA,2,Golf Digest,2025,https://www.golfdigest.com/courses/guides/louisiana-best-golf-courses-rankings
60b39a24-e5b7-4c1b-be6a-6ecda6f6bf95,f6cea2ec-06c3-49b6-a10c-335819300349,state,LA,3,Golf Digest,2025,https://www.golfdigest.com/courses/guides/louisiana-best-golf-courses-rankings
287238c4-b0fb-42d3-b984-ca97717f8f4e,0c858c78-8106-4637-83c2-e57476254272,state,LA,4,Golf Digest,2025,https://www.golfdigest.com/courses/guides/louisiana-best-golf-courses-rankings
fc72678c-435b-4ab9-b224-93e777121328,097b03ac-2b7f-488b-905f-76106fbd55ef,state,LA,5,Golf Digest,2025,https://www.golfdigest.com/courses/guides/louisiana-best-golf-courses-rankings
777629df-2e3f-4357-98a7-63bc818fe21c,3b123fe2-9783-4f74-b6ee-90c317680c43,state,MA,1,Golf Digest,2025,https://www.golfdigest.com/courses/guides/massachusetts-best-golf-courses-rankings
f7185cc1-577c-429d-9f28-a99d7d225207,77f5df1d-5d42-4e06-a43e-4c2872835dc9,state,MA,2,Golf Digest,2025,https://www.golfdigest.com/courses/guides/massachusetts-best-golf-courses-rankings
6a03601d-08f3-4d89-a4bb-042b7ab07524,f3135cfd-9ada-4458-865c-8e18a14d3d6e,state,MA,3,Golf Digest,2025,https://www.golfdigest.com/courses/guides/massachusetts-best-golf-courses-rankings
17112210-5460-4468-8b18-0315ed9dfb2e,c4757492-4187-4a24-a34a-ceb897f27b85,state,MA,4,Golf Digest,2025,https://www.golfdigest.com/courses/guides/massachusetts-best-golf-courses-rankings
9ee7b3e5-6458-45fe-bb57-b88e2c25021f,796e798a-3333-41fe-ae10-3c7ecb1d5983,state,MA,5,Golf Digest,2025,https://www.golfdigest.com/courses/guides/massachusetts-best-golf-courses-rankings
cdb1572f-c7ef-4969-8763-0a9f11e655d8,73b7970c-d8e4-476c-bf9c-abc59a8727a6,state,MA,6,Golf Digest,2025,https://www.golfdigest.com/courses/guides/massachusetts-best-golf-courses-rankings
c0396853-dd3d-45a9-abbb-9a120e42f248,10da6c8e-c917-4542-9804-4230094f1b55,state,MA,7,Golf Digest,2025,https://www.golfdigest.com/courses/guides/massachusetts-best-golf-courses-rankings
59e45262-bbda-41d2-9d3f-fbc84702a5c7,2043af30-cb33-4a36-9177-bf05fbb7fa41,state,MA,8,Golf Digest,2025,https://www.golfdigest.com/courses/guides/massachusetts-best-golf-courses-rankings
9a9dc3be-a0a3-434e-a67a-80a0362ac1d7,05349cfe-3c27-4ca1-aa32-ff7015cc69d8,state,MA,9,Golf Digest,2025,https://www.golfdigest.com/courses/guides/massachusetts-best-golf-courses-rankings
0005bfb1-93d6-44fd-8b33-1d8fae9fabbf,427c686a-a77c-4522-8a4e-1a30bad1a89f,state,MA,10,Golf Digest,2025,https://www.golfdigest.com/courses/guides/massachusetts-best-golf-courses-rankings
c36121ca-29e0-4e42-84fb-9c168bae9737,f2b96f09-3b43-47de-ad4b-f76f8a2518cf,state,MA,11,Golf Digest,2025,https://www.golfdigest.com/courses/guides/massachusetts-best-golf-courses-rankings
92a92abe-81e9-404a-8369-f67a20594b08,7878538e-bf67-4600-94ee-95b18b2d6365,state,MA,12,Golf Digest,2025,https://www.golfdigest.com/courses/guides/massachusetts-best-golf-courses-rankings
d7e8e2d3-db25-415c-a46a-bb76d11b712c,e5ee0796-0779-4a96-ba82-ba9ca68b562f,state,MA,13,Golf Digest,2025,https://www.golfdigest.com/courses/guides/massachusetts-best-golf-courses-rankings
64eef1b8-1de8-4c1e-aa02-b23d16ee00d8,a85e9489-7749-45fc-a554-fc42205bd90a,state,MA,14,Golf Digest,2025,https://www.golfdigest.com/courses/guides/massachusetts-best-golf-courses-rankings
082dd9b3-8fd9-4e07-a522-eff8eb295c4a,ad8f880b-e46a-4b20-9a4a-de764365badb,state,MA,15,Golf Digest,2025,https://www.golfdigest.com/courses/guides/massachusetts-best-golf-courses-rankings
b89553d6-de70-4c60-9205-0e30d5e0ca0c,2e70712a-0680-440a-819b-248a5919335e,state,MA,16,Golf Digest,2025,https://www.golfdigest.com/courses/guides/massachusetts-best-golf-courses-rankings
a8a3b252-2712-4b18-aad4-2ea69a7c78c4,c1ffd4de-0536-4810-9ae6-c39ee4b1c330,state,MA,17,Golf Digest,2025,https://www.golfdigest.com/courses/guides/massachusetts-best-golf-courses-rankings
3c27cc9a-d136-41d3-a73a-e9e5293d679f,7fafda58-b0c1-4076-baf8-a9833eb5e2b9,state,MA,18,Golf Digest,2025,https://www.golfdigest.com/courses/guides/massachusetts-best-golf-courses-rankings
1eea62cb-8ce5-49e6-aec8-70c3d71727a0,597025c5-8bf1-41d2-84c2-c58ce1c249df,state,MA,19,Golf Digest,2025,https://www.golfdigest.com/courses/guides/massachusetts-best-golf-courses-rankings
e0b719bb-5093-486c-8c77-243b50ec59e1,daba0b7d-9e77-4222-b796-6ffc7defaaa7,state,MA,20,Golf Digest,2025,https://www.golfdigest.com/courses/guides/massachusetts-best-golf-courses-rankings
4805ebce-0560-4d87-95ac-4e846830b7c1,ff1670d5-73bf-4a58-8d95-c3abea57c684,state,MA,21,Golf Digest,2025,https://www.golfdigest.com/courses/guides/massachusetts-best-golf-courses-rankings
7a0e6cde-5e2d-4771-a7cb-a6e76e58b367,03194006-65b9-4fa0-983f-0af5a9c72655,state,MA,22,Golf Digest,2025,https://www.golfdigest.com/courses/guides/massachusetts-best-golf-courses-rankings
3fcee7ae-09ba-4797-a9a7-dc986c55bb60,72e49877-0da2-4bbb-957c-6c8dcee100ca,state,MA,23,Golf Digest,2025,https://www.golfdigest.com/courses/guides/massachusetts-best-golf-courses-rankings
2c78041d-da1c-4824-8e46-f603888988a5,79b00272-1214-481f-8364-b1250e624605,state,MA,24,Golf Digest,2025,https://www.golfdigest.com/courses/guides/massachusetts-best-golf-courses-rankings
45c0a3f3-a4d7-43ce-a0da-5c3c710d6a6d,ddeb47f6-4849-45e7-90bc-62211e17f082,state,MA,25,Golf Digest,2025,https://www.golfdigest.com/courses/guides/massachusetts-best-golf-courses-rankings
523c2fa1-0205-41ea-b595-86e023acd5e8,7e9d682a-2cbf-47f4-a5f3-6fffcabbc862,state,MA,26,Golf Digest,2025,https://www.golfdigest.com/courses/guides/massachusetts-best-golf-courses-rankings
ee739bb2-569c-43dc-b490-6cf50c6f30e6,78caee06-ce04-458a-a665-9a1ffa8ddf2a,state,MA,27,Golf Digest,2025,https://www.golfdigest.com/courses/guides/massachusetts-best-golf-courses-rankings
073752a0-2f87-40c3-8201-d9bc4dc645be,32983382-d766-4f36-a76b-b06bdbd1f77f,state,MA,28,Golf Digest,2025,https://www.golfdigest.com/courses/guides/massachusetts-best-golf-courses-rankings
bc385770-84ed-49e1-8e95-cdfde0365da4,a797fe39-6c66-451e-a0fe-896ec45c6824,state,MA,29,Golf Digest,2025,https://www.golfdigest.com/courses/guides/massachusetts-best-golf-courses-rankings
1fc52888-cd5a-48a5-b4b4-241aee2c126f,6121b771-a2cd-4bd7-b79c-b64d46bc838c,state,MA,30,Golf Digest,2025,https://www.golfdigest.com/courses/guides/massachusetts-best-golf-courses-rankings
cbc595ff-8b40-4dd4-b2b7-11784682199c,3b8b3cee-190b-47ea-9bed-178cd6dbb44c,state,MD,1,Golf Digest,2025,https://www.golfdigest.com/courses/guides/maryland-best-golf-courses-rankings
3d999ead-14cd-4933-89d6-c8e2d469aa82,8d7e16a5-ef5b-405d-94f5-59d42197c527,state,MD,2,Golf Digest,2025,https://www.golfdigest.com/courses/guides/maryland-best-golf-courses-rankings
fa8fdac3-db01-4134-9f51-8806f918fed0,8fea1fdd-4b91-4779-9f4d-cf7c5aa518c0,state,MD,3,Golf Digest,2025,https://www.golfdigest.com/courses/guides/maryland-best-golf-courses-rankings
94cccd3e-3a98-471c-9b65-b85b5dea2c75,ab4a9082-8c56-424c-9be6-beaf5027e530,state,MD,4,Golf Digest,2025,https://www.golfdigest.com/courses/guides/maryland-best-golf-courses-rankings
7cb638ad-a32c-4e5f-b0ed-f1f91d507928,af413834-954f-42fe-8c2f-f2b42341ecf3,state,MD,5,Golf Digest,2025,https://www.golfdigest.com/courses/guides/maryland-best-golf-courses-rankings
857f7efa-d616-4787-9c07-2eeb35856fde,2f28ebf1-2bba-4659-856d-13aa62aa2090,state,MD,6,Golf Digest,2025,https://www.golfdigest.com/courses/guides/maryland-best-golf-courses-rankings
6c831d09-f387-4b10-925f-7041611e7bb1,65fdfa9b-8018-4170-bc41-d00f68fb02b6,state,MD,7,Golf Digest,2025,https://www.golfdigest.com/courses/guides/maryland-best-golf-courses-rankings
dbc0113f-c4bb-48c2-9601-1eae0fb95b56,728e2d38-7d34-4ab3-b39b-eb530bd4627d,state,MD,8,Golf Digest,2025,https://www.golfdigest.com/courses/guides/maryland-best-golf-courses-rankings
1db283cc-9f20-46ae-917a-58c8b8a11fd8,00f203fd-7722-4a4c-a6d1-977a614ac8d9,state,MD,9,Golf Digest,2025,https://www.golfdigest.com/courses/guides/maryland-best-golf-courses-rankings
b5f8edfa-088b-4583-89ec-ae757b873304,c57c8d52-f852-4b88-904f-59a474950448,state,MD,10,Golf Digest,2025,https://www.golfdigest.com/courses/guides/maryland-best-golf-courses-rankings
f438f0f1-20af-4ede-87ba-6f85d2024e17,0426783c-9854-4b30-bb07-ccaf59eacdaf,state,MD,11,Golf Digest,2025,https://www.golfdigest.com/courses/guides/maryland-best-golf-courses-rankings
5756a444-2182-435b-8b2b-b169f799dbb0,4ff19915-71f4-49d8-b158-501b67d541f1,state,MD,12,Golf Digest,2025,https://www.golfdigest.com/courses/guides/maryland-best-golf-courses-rankings
da63b3d6-ede7-4e26-910d-82373f4d6c0a,6707da02-af66-4dc0-bc4f-9ec9a293c5ec,state,MD,13,Golf Digest,2025,https://www.golfdigest.com/courses/guides/maryland-best-golf-courses-rankings
1fa2f288-012d-4d71-8f4e-d387b5a305a4,e0d92e52-9ec8-4ccd-8867-0e4be3a7d22e,state,MD,14,Golf Digest,2025,https://www.golfdigest.com/courses/guides/maryland-best-golf-courses-rankings
a59d2cc9-f54d-4494-9ffb-68c1829e147c,6e1a672e-0ee6-478b-9570-f2a385e567cc,state,MD,15,Golf Digest,2025,https://www.golfdigest.com/courses/guides/maryland-best-golf-courses-rankings
6bc61a9a-5f1a-4320-81e2-d91443c70110,50cdc302-e4fe-4993-a5cf-703d33708772,state,ME,1,Golf Digest,2025,https://www.golfdigest.com/courses/guides/maine-best-golf-courses-rankings
22eb4802-4e99-4360-af84-897ddd903194,b01bb01c-140f-4cc3-8ae9-60964ee58040,state,ME,2,Golf Digest,2025,https://www.golfdigest.com/courses/guides/maine-best-golf-courses-rankings
bd42cc12-9d96-4fd5-9723-f59494614001,36e5ebe5-3946-4a70-8d80-29c4082070eb,state,ME,3,Golf Digest,2025,https://www.golfdigest.com/courses/guides/maine-best-golf-courses-rankings
0d6775fa-8414-46e9-9365-7300772c80a6,7943ece9-049a-46df-a273-481a088ec1df,state,ME,4,Golf Digest,2025,https://www.golfdigest.com/courses/guides/maine-best-golf-courses-rankings
8a8b6abf-7322-4eae-b066-0abc0f32555b,6b0fd6dd-c8d5-459e-88a8-70db2919cdb8,state,ME,5,Golf Digest,2025,https://www.golfdigest.com/courses/guides/maine-best-golf-courses-rankings
e072c661-7b90-4167-b552-589eeb34641b,8e4978d1-e569-48f6-b460-9ee6ab129e97,state,ME,6,Golf Digest,2025,https://www.golfdigest.com/courses/guides/maine-best-golf-courses-rankings
151658ca-fb75-41d6-b850-e46647cb119f,b8ff6846-bb34-4d16-a771-9ac764fbfb1a,state,ME,7,Golf Digest,2025,https://www.golfdigest.com/courses/guides/maine-best-golf-courses-rankings
0291ac77-6e5f-49d0-b23b-a54956e67d2e,c2b82c6c-b9e2-430e-8c40-4d1fe7e2c2f4,state,ME,8,Golf Digest,2025,https://www.golfdigest.com/courses/guides/maine-best-golf-courses-rankings
8d85db21-baf1-4ee0-8e97-ff7b15f2f291,9f5f1ade-93bf-4a8c-8cf9-4a384345a653,state,MI,1,Course Book Michigan Top 100,2026,
126771e9-90a3-499c-8044-e13e118cc971,68c68d6a-c4a4-4d21-a35d-9b00d075d612,state,MI,2,Course Book Michigan Top 100,2026,
f071d029-308b-4577-af9f-fec2ded27f04,b286d900-fce0-451f-b96b-046638888a6a,state,MI,3,Course Book Michigan Top 100,2026,
a680308d-cdbf-469a-b1a5-c0dad7338c2a,b84f21e7-5be2-4ff3-8184-9de6b9e48aea,state,MI,4,Course Book Michigan Top 100,2026,
da27200f-adc0-44f5-969a-a2d51fb984cd,3768c5b4-f25d-4a62-9d63-f5178c04010b,state,MI,5,Course Book Michigan Top 100,2026,
92e728e8-8f92-420e-b820-c191faff0124,6477cbed-547a-4c9a-86a4-085b14fa3d4a,state,MI,6,Course Book Michigan Top 100,2026,
b5c1231c-79f4-47ab-b661-5dec6eeeecee,9b553996-1344-4a4b-9364-65f46cbb3344,state,MI,7,Course Book Michigan Top 100,2026,
60a67c38-7119-44fa-ae6d-286be5e5b611,78cc91c4-4de4-4183-a174-b3f784d47448,state,MI,8,Course Book Michigan Top 100,2026,
c8b8fa82-46c1-4f22-9304-880d4c2a9f28,a8b92133-7c99-4145-8491-5c84b7809c4f,state,MI,9,Course Book Michigan Top 100,2026,
2c6397ef-ee07-4b90-b61f-2286e3afbed5,59605236-e47e-444d-b9b8-d8df6f577c04,state,MI,10,Course Book Michigan Top 100,2026,
689bf212-8396-40aa-a717-a349ec3c7f34,7d067110-5311-4f12-82b0-f22cbf186e40,state,MI,11,Course Book Michigan Top 100,2026,
836e9a88-e6e2-4d31-b6c7-baf3e8ea47eb,09f58257-fac1-4fea-bcb7-0839bce016ea,state,MI,12,Course Book Michigan Top 100,2026,
d7fc2f0d-58e4-4375-9a11-329986340420,783166f1-528a-47c0-83a3-7db48bd7393c,state,MI,13,Course Book Michigan Top 100,2026,
c9b8986c-74a2-4967-a4ae-5f52ce3ae282,9032f96d-5ac6-49c0-933e-a20b552b17e0,state,MI,14,Course Book Michigan Top 100,2026,
5fe95c4f-eb95-49f0-8444-297de0e935c4,61695e4f-d173-463a-988e-7ade5c122c71,state,MI,15,Course Book Michigan Top 100,2026,
ca9e90b2-be38-4cb6-af0e-9402bd65dc23,7a8d5760-f9bc-4d59-ac89-6a65f515aee7,state,MI,16,Course Book Michigan Top 100,2026,
d3abb1f0-04e4-4f0d-a4cd-0e5509813785,53dab4b2-6247-4d2e-93e7-90a19b0e91fb,state,MI,17,Course Book Michigan Top 100,2026,
fb767950-8200-40e8-aabb-8677858a0910,7e2f6f4c-19b2-4417-9c9a-eeef7b03e7a9,state,MI,18,Course Book Michigan Top 100,2026,
d9ca5249-865f-43ee-9a12-b757a9aae61e,f2ab406f-378f-43c4-9d4f-3ad1070d0ad4,state,MI,19,Course Book Michigan Top 100,2026,
7c171045-1f68-48b0-9dd9-3377a263a2f5,968c5c13-9923-4e85-85d7-26bcdb966df7,state,MI,20,Course Book Michigan Top 100,2026,
5fa26444-18ee-4a53-b265-3759b08dc6c5,d8048761-bf68-42b1-b9f7-abce61411770,state,MI,21,Course Book Michigan Top 100,2026,
1ee2c91d-f966-452f-b0a8-a0f0a7dc91f0,14e01886-1d9a-444d-9448-37c5fa1ca42f,state,MI,22,Course Book Michigan Top 100,2026,
9dd3ffb7-05a9-4ece-a0c0-5e1471b986c6,15e26252-222b-4de7-8037-095fa84b7390,state,MI,23,Course Book Michigan Top 100,2026,
7950d6df-2e5f-41a6-8bf7-79b935bb55e0,a74d146a-bbf3-4676-81a1-83ee06657c9e,state,MI,24,Course Book Michigan Top 100,2026,
bdaaeeaa-7001-43ac-aae6-e8d5e5468f25,2c25ca2d-e412-4d2d-8873-7ef6d1310adc,state,MI,25,Course Book Michigan Top 100,2026,
16ff6631-5e60-4fce-9ef5-bf87c9eda044,98413f17-286f-4884-be8e-550b0791bfef,state,MI,26,Course Book Michigan Top 100,2026,
5d9b9ccb-073f-4f46-85d3-31b6e2224e96,b73b1671-1ae6-4378-917f-850653a193ca,state,MI,27,Course Book Michigan Top 100,2026,
70d3ecfb-d11e-43d3-bb0f-8cac4e905410,cc035e17-07a2-4ad3-9ea4-6c54ec223dfa,state,MI,28,Course Book Michigan Top 100,2026,
e004fe58-d4ee-4c9f-9d27-9ee645f02fd5,c6171062-03bf-46a1-a584-60d20158c256,state,MI,29,Course Book Michigan Top 100,2026,
866869e7-c74d-4952-9f01-99abb4a860c6,7727d718-4f36-4432-8c26-4047d686745e,state,MI,30,Course Book Michigan Top 100,2026,
9325ca7f-77f9-4346-a856-a5d713fca4fb,881f91e8-c817-4362-baed-6d5e4d4caf59,state,MI,31,Course Book Michigan Top 100,2026,
e2ce968d-1232-46e4-ac27-86e5758143ad,5d00679b-32af-4164-b685-20937607992c,state,MI,32,Course Book Michigan Top 100,2026,
9b467007-cb10-433e-8009-0bc027e98ada,33240633-e672-4cf1-9e44-1c24de372c42,state,MI,33,Course Book Michigan Top 100,2026,
2606d960-122d-440f-bde2-8b812fed9cd7,09572bf5-c12f-49eb-b137-a46a1ce0e6e2,state,MI,34,Course Book Michigan Top 100,2026,
209dbdc8-b705-41f8-88c8-f5c6f5cf2021,b1fa8cd2-f063-492d-8f8d-da138e23b80f,state,MI,35,Course Book Michigan Top 100,2026,
c879630c-ca69-4a41-8be9-612b1174c34e,241971e9-d1c9-47c3-8bf4-65b163d5e930,state,MI,36,Course Book Michigan Top 100,2026,
08bec04a-18c7-4dab-b329-0a9c7dd0fea8,b2b9bbd9-f22f-4a44-a054-a0410f1a697b,state,MI,37,Course Book Michigan Top 100,2026,
7a17ff31-b6fd-4dc4-97f0-0b9c5e487748,9b499775-e43d-4ca7-95ec-b84960a26ee3,state,MI,38,Course Book Michigan Top 100,2026,
61962e24-6539-4243-aff2-6b825f3f4787,6ef16854-ec2a-4413-9d51-0ece00bc9676,state,MI,39,Course Book Michigan Top 100,2026,
f97ff960-bea9-4bd8-a6ff-8d32428a1419,f7cb1c80-9546-421d-b751-7d30df0a672a,state,MI,40,Course Book Michigan Top 100,2026,
050ff037-f097-4f56-b3f6-2ca80b953a1f,79152462-620f-40b3-977a-d4bd569c8b60,state,MI,41,Course Book Michigan Top 100,2026,
fe3ee4ec-3fef-48f6-ac5c-5e1d7b4ce0e4,2433ff4e-e158-427f-a3cc-da3019a8a60b,state,MI,42,Course Book Michigan Top 100,2026,
28b0f710-20cf-48ac-a13a-1ac27e17f620,5740268d-50c5-4686-b17d-9122d67c24be,state,MI,43,Course Book Michigan Top 100,2026,
614aacfc-bbe1-4c8a-8708-e734c5872202,aa92e1f3-e4a4-4324-83a4-23637c1ce2d1,state,MI,44,Course Book Michigan Top 100,2026,
c3f99449-4102-4ebd-b676-b4203c99d787,870dfee2-a2b5-4e23-9eb9-82257abd8e73,state,MI,45,Course Book Michigan Top 100,2026,
cdacfb49-826b-48dc-bc9e-016f95cd6014,b57d0e1d-5f9d-4427-a68d-00dd6df23c1e,state,MI,46,Course Book Michigan Top 100,2026,
3dfc9941-be84-4606-8477-1bd6da876ca8,151eb0d8-1d23-4296-8376-0c9c933c04f2,state,MI,47,Course Book Michigan Top 100,2026,
29b309ec-7bee-4efd-ab72-234c58d0919f,f7dc84f4-9514-45a9-8529-6d5b2a864e9a,state,MI,48,Course Book Michigan Top 100,2026,
bc2e9065-1c43-462d-990f-00f271820336,5dc875f9-d4de-423f-8218-d1faade9ea14,state,MI,49,Course Book Michigan Top 100,2026,
b8fbc1f5-b33d-4928-b429-2bb1f76eeb7b,39264edf-715f-4f44-9756-a496a0c721d2,state,MI,50,Course Book Michigan Top 100,2026,
48924c41-b179-4d2e-8f99-896684b35f10,9f756d0f-2b48-4cbe-99f2-74cd4138b6f6,state,MI,51,Course Book Michigan Top 100,2026,
d7cff903-f0aa-4f37-8060-32a7f4f64c7e,f6f4286b-2a10-42e1-90f0-0a02f7d7ba1f,state,MI,52,Course Book Michigan Top 100,2026,
a83d3c66-3cb8-4a78-aa8e-e903310131e7,168c93be-abc2-4612-b279-ec0539699181,state,MI,53,Course Book Michigan Top 100,2026,
af5c616c-dba0-48b4-b089-f361c0fdac9d,a1b3ae6b-ffbf-4a8f-a024-9b61c5ca6201,state,MI,54,Course Book Michigan Top 100,2026,
648727ca-3aba-4539-b4a8-c12720da3d28,6a89c74a-0391-430d-beca-c39a446d8dd2,state,MI,55,Course Book Michigan Top 100,2026,
aaf84c80-092a-4d9f-b167-1622ea1add7e,52b750ac-1850-4c7f-af86-f4ca5d204b22,state,MI,56,Course Book Michigan Top 100,2026,
50ef1087-2741-4a6b-a5f2-de1df78537ad,1e2a2cf0-c059-46ff-aeee-eddcf8920f39,state,MI,57,Course Book Michigan Top 100,2026,
485a2469-9eab-417a-b2b5-009f5bc51728,695a411a-bd86-44c4-a43b-9c947a1a9f99,state,MI,58,Course Book Michigan Top 100,2026,
90948f0d-1f70-4176-959e-980e27fff68d,79b3a042-fc20-4000-a876-4b6962ab4520,state,MI,59,Course Book Michigan Top 100,2026,
b3bc45de-a8af-42ac-835e-85b1f0fd543e,f00f112b-9e90-4e47-b21b-8cc7491946ff,state,MI,60,Course Book Michigan Top 100,2026,
8d9ea624-94d5-4637-bc7c-8b520aee17b6,df439f51-4b1b-487e-a43a-419d462b6230,state,MI,61,Course Book Michigan Top 100,2026,
d89e27bf-9dd0-4299-8e19-d0812731b2b0,8e49e439-581a-4aaf-b90d-ba1655bfd98b,state,MI,62,Course Book Michigan Top 100,2026,
4d9046b7-6968-4770-8204-e58dd6dfcf95,71b01400-5c7d-48ae-a973-8b8820f48c7c,state,MI,63,Course Book Michigan Top 100,2026,
75a6fbcf-da95-4066-93e7-d71a272d3a4f,cc84965d-a1ae-4d9c-ac13-0b3997e0f1ce,state,MI,64,Course Book Michigan Top 100,2026,
478e472e-a724-42f3-8dc1-75495b577549,f608f92f-b7d1-48c4-a88d-c062568b0b0d,state,MI,65,Course Book Michigan Top 100,2026,
a341c353-d391-4140-97f7-8377d9b0e4d9,1148c68a-25a1-47d4-af50-e0f9a0891ac9,state,MI,66,Course Book Michigan Top 100,2026,
e7d47fdf-63f9-4a9d-b8ad-b3a7fba47dfe,b9033aed-5037-45c3-801a-1c58ad80cff9,state,MI,67,Course Book Michigan Top 100,2026,
f3ea3cf7-b401-4dc3-99f6-b4e27cd12b81,ed84cf1f-0df6-496f-bcdf-a752161f7d65,state,MI,68,Course Book Michigan Top 100,2026,
0bd24515-36cb-4fac-985b-2a97e7e676f6,0839c93e-0b31-4f72-9f87-26ce4e0177dc,state,MI,69,Course Book Michigan Top 100,2026,
b510a05e-2c12-41e9-99d6-ebf6d604417b,86e46089-9779-4488-b50e-2657d48b9842,state,MI,70,Course Book Michigan Top 100,2026,
a64b77a2-83a4-47ba-9d9c-4f387853f818,02899490-bb65-44b0-9685-420f95ef69df,state,MI,71,Course Book Michigan Top 100,2026,
cd0c463f-66e6-4c04-aca5-41caa6659be6,6a7d57f1-c192-46fb-8915-7ca8218982b0,state,MI,72,Course Book Michigan Top 100,2026,
1a77a202-187d-4d9d-a5c7-eaa0bf30348c,49d0429d-4d2d-4534-b5c6-a2ff1321eb43,state,MI,73,Course Book Michigan Top 100,2026,
53785345-e71c-499a-8661-8a03a85a37bd,a6288e26-7e0a-4f35-82f2-bb21d705852d,state,MI,74,Course Book Michigan Top 100,2026,
548c886f-0a6e-4c97-b34a-3a5022e7676c,d966f8e8-252a-43e7-8bb5-b6f6206b7122,state,MI,75,Course Book Michigan Top 100,2026,
ea1d218b-5d08-4193-bde2-e6f748bdcbb6,d72e9493-2bab-4032-bcfb-516e7e70ec0a,state,MI,76,Course Book Michigan Top 100,2026,
c94621f6-366c-42b4-9dcc-a838f24a7ec8,d4097603-4d8c-4d58-bdab-5c32f0bed903,state,MI,77,Course Book Michigan Top 100,2026,
83182359-991d-4e8c-a109-4d1f97c44203,f831399d-0c90-44ea-822a-2f9113a3840f,state,MI,78,Course Book Michigan Top 100,2026,
252983f8-8529-4220-8b40-1278e87f6356,9a3e9af7-0df4-4510-9552-91babfefa241,state,MI,79,Course Book Michigan Top 100,2026,
f415854b-60fe-4b15-b220-6b898196e87a,49958e60-f280-44cc-b687-06a13c80dec1,state,MI,80,Course Book Michigan Top 100,2026,
473bb9a6-953a-4914-b5ac-1fa8a6c8482a,2ee141c6-4353-4c77-a603-bdfe2a030014,state,MI,81,Course Book Michigan Top 100,2026,
913ede97-0b64-4480-8763-c1bbcaac41b6,0fadbf5f-6564-4e95-9d0c-e2f7b35c6bd1,state,MI,82,Course Book Michigan Top 100,2026,
719a22e6-1b6e-4d55-8fdc-6f99e7c52ada,d8f98250-4974-403c-a2d4-32cc4f8ea5a6,state,MI,83,Course Book Michigan Top 100,2026,
a46e5044-7228-4259-b288-5eb1eae2a22f,6f977d77-3e2d-4dbd-818e-cd8687de35cd,state,MI,84,Course Book Michigan Top 100,2026,
3c8415e2-ee07-40a9-b7c1-87b9e4f74b51,cb615c02-6045-4a64-8fae-18cd206dbdb2,state,MI,85,Course Book Michigan Top 100,2026,
7b3ec31f-3b39-4cf7-8046-61b2278100c7,3cf96130-7a59-491a-b950-bc679d20b588,state,MI,86,Course Book Michigan Top 100,2026,
576289a3-fc9e-460b-b9e2-d3874ea49cff,a52e4a10-5615-4394-9aa2-3de4d8a2dc4a,state,MI,87,Course Book Michigan Top 100,2026,
66f854fa-a236-44e0-9591-12c118a607ca,1d8610ed-f8b2-4935-a89a-bed386442627,state,MI,88,Course Book Michigan Top 100,2026,
91bde70b-00e5-458a-9d10-e526696b1858,ce76599d-fcc9-487d-9e97-e7a70577ee69,state,MI,89,Course Book Michigan Top 100,2026,
4e02c460-13f2-4f18-9918-20be0a318786,f417e5fa-0464-4124-aa74-202f303428c6,state,MI,90,Course Book Michigan Top 100,2026,
1342206f-b4f8-4244-948f-0088054464ab,ad7562ea-2d49-453d-ae6c-fca2db1d9c14,state,MI,91,Course Book Michigan Top 100,2026,
a09df703-aa00-41c0-bfb3-0f149cad7a49,550fd928-b544-49ce-ae1c-8230219afc39,state,MI,92,Course Book Michigan Top 100,2026,
f7646a55-4e25-4969-98a1-027ef1569359,d242000d-d195-423d-a246-bf7cf09ab125,state,MI,93,Course Book Michigan Top 100,2026,
4f06ebbf-3485-4590-b3de-36826c9558eb,f5f98466-63d2-4873-82c9-9577fa9ebb1b,state,MI,94,Course Book Michigan Top 100,2026,
4748e3da-2116-4996-ae50-88e532babf20,650b2b07-b9a2-432c-96a4-e6c630f6b1b5,state,MI,95,Course Book Michigan Top 100,2026,
4d1d7333-aefb-444f-a967-7fa9f1f0bacc,e2b716ee-0584-4c41-b5d9-17ace13acd8f,state,MI,96,Course Book Michigan Top 100,2026,
ba0e60aa-fc19-42f7-ad43-ad6d61b24964,f40c44df-e463-4f98-a1c9-5b752dd24e21,state,MI,97,Course Book Michigan Top 100,2026,
fc7adc27-aeb5-4e68-8f1b-ba1515bd4835,e406e94c-34b3-4cfe-8309-df6a48e60f91,state,MI,98,Course Book Michigan Top 100,2026,
55ba4037-a2e9-4ec6-8227-578bde83c66e,377515fa-0e30-401a-8979-25014bf77461,state,MI,99,Course Book Michigan Top 100,2026,
f6a152f0-52ba-4e43-a2f0-f9b074af88fd,e1763d3c-ae3a-42be-bc96-250d2e31eeb8,state,MI,100,Course Book Michigan Top 100,2026,
3bcd6db3-0fbc-44bb-ba03-a910dfb49287,2a73a848-031d-4b7c-bf29-20fc33875537,state,MN,1,Golf Digest,2025,https://www.golfdigest.com/courses/guides/minnesota-best-golf-courses-rankings
3fbc9be9-7239-451c-8377-45b01e110528,73d62e3b-5aaf-4f25-b0f6-e5a7e7a186a3,state,MN,2,Golf Digest,2025,https://www.golfdigest.com/courses/guides/minnesota-best-golf-courses-rankings
686fc714-8677-4bb2-abb8-218ff38e21db,dd177e4e-6cf0-4ed1-8fda-3f8196983c9a,state,MN,3,Golf Digest,2025,https://www.golfdigest.com/courses/guides/minnesota-best-golf-courses-rankings
50babd22-4ea4-4bb7-ad15-dc2ec48bd2c4,99bfa1aa-9ece-459c-961a-5d782f060d17,state,MN,4,Golf Digest,2025,https://www.golfdigest.com/courses/guides/minnesota-best-golf-courses-rankings
46eaed99-5440-447a-b7c2-813294b3105d,fa28b41d-3f9a-4430-8171-9106a5817c71,state,MN,5,Golf Digest,2025,https://www.golfdigest.com/courses/guides/minnesota-best-golf-courses-rankings
02db335c-2b93-45ff-86bf-4084c9764cd3,0c5185f3-ad92-4a25-a71f-e7e8ce998100,state,MN,6,Golf Digest,2025,https://www.golfdigest.com/courses/guides/minnesota-best-golf-courses-rankings
60c8e231-e1c5-4f2f-91f3-770faa01c096,70999adc-e2e9-4c05-94e7-876804fd40a4,state,MN,7,Golf Digest,2025,https://www.golfdigest.com/courses/guides/minnesota-best-golf-courses-rankings
3b0ccfa0-906b-4453-bba0-48dd9bd6474d,e5527571-95d9-43b6-a6ea-03fe556f01b6,state,MN,8,Golf Digest,2025,https://www.golfdigest.com/courses/guides/minnesota-best-golf-courses-rankings
664159c4-559b-4625-af5f-0a5335bf6fff,3bfc3e79-f3cd-48ea-9064-55f240700783,state,MN,9,Golf Digest,2025,https://www.golfdigest.com/courses/guides/minnesota-best-golf-courses-rankings
5b872f63-b5cf-48d7-b423-1ce1ab6516b3,98daef80-d1bf-4e30-b688-19d72d20ad44,state,MN,10,Golf Digest,2025,https://www.golfdigest.com/courses/guides/minnesota-best-golf-courses-rankings
ae15b01f-b358-45a4-9d45-5d353015d53f,ea97db98-a67f-4902-abb2-0bdee953352f,state,MN,11,Golf Digest,2025,https://www.golfdigest.com/courses/guides/minnesota-best-golf-courses-rankings
f087e99f-4cb6-4541-a6b5-dea10f7d3b50,62077014-83d9-4b96-b981-c7555cef2491,state,MN,12,Golf Digest,2025,https://www.golfdigest.com/courses/guides/minnesota-best-golf-courses-rankings
d383dfb9-0336-421e-a5f4-5db751c95435,9ac1f698-2bcd-4863-9c57-6d811fb8c420,state,MN,13,Golf Digest,2025,https://www.golfdigest.com/courses/guides/minnesota-best-golf-courses-rankings
4525b2ae-a937-4783-b91a-95b17adf05e0,f69a7a56-7ae4-4199-b8a8-28f0741da678,state,MN,14,Golf Digest,2025,https://www.golfdigest.com/courses/guides/minnesota-best-golf-courses-rankings
2cc9e9c1-44ae-4a78-97e0-d2c5eacdd1e5,dfecf1d7-8bb6-4e7f-8161-e5b3c9c4c5d8,state,MN,15,Golf Digest,2025,https://www.golfdigest.com/courses/guides/minnesota-best-golf-courses-rankings
9be42a5f-865a-433d-90c4-262971f5c3e9,618ce982-efe6-4445-8a22-a6594201b490,state,MN,16,Golf Digest,2025,https://www.golfdigest.com/courses/guides/minnesota-best-golf-courses-rankings
e49a3a87-a69f-448b-be45-875d053d0a10,4a790cfe-5202-4231-8ac7-f4a20dd1eb66,state,MN,17,Golf Digest,2025,https://www.golfdigest.com/courses/guides/minnesota-best-golf-courses-rankings
c4e0656d-9df2-4079-8190-32e75cc514da,53e35b75-7c58-48db-901e-3a43a88ebe85,state,MN,18,Golf Digest,2025,https://www.golfdigest.com/courses/guides/minnesota-best-golf-courses-rankings
a19023dd-2a7b-4ca0-a98f-5c481765402c,9b775c9d-4696-4a7f-8571-de1cd3f3a214,state,MN,19,Golf Digest,2025,https://www.golfdigest.com/courses/guides/minnesota-best-golf-courses-rankings
b1bc9141-e3dd-48f3-aa2b-1e179ae185c6,2db27a36-196b-4ff7-9712-634847876451,state,MN,20,Golf Digest,2025,https://www.golfdigest.com/courses/guides/minnesota-best-golf-courses-rankings
76f26164-648e-4ed9-9aa6-64bd0b5c5c56,6eecefc7-2d9b-4e67-91ff-5fa3ad67e742,state,MN,21,Golf Digest,2025,https://www.golfdigest.com/courses/guides/minnesota-best-golf-courses-rankings
ca15788c-33c1-42da-9e38-1a6a06a54cfc,3a4e580e-390f-4bb6-9ae6-a03260423c89,state,MN,22,Golf Digest,2025,https://www.golfdigest.com/courses/guides/minnesota-best-golf-courses-rankings
590f9fd6-683e-4083-bf7e-3c00ddafb64b,7c1d2fc0-e844-4a15-985a-864fd602c76c,state,MN,23,Golf Digest,2025,https://www.golfdigest.com/courses/guides/minnesota-best-golf-courses-rankings
55cba744-8358-46f1-bd94-3bf0c1a7d0ad,5ef64562-f2b8-4a96-a1c3-12e584777e54,state,MN,24,Golf Digest,2025,https://www.golfdigest.com/courses/guides/minnesota-best-golf-courses-rankings
e48d1226-3e7b-47db-8f10-2c2b0bb2dd52,cd688f71-f4c9-4df9-971c-9ce242640a9c,state,MN,25,Golf Digest,2025,https://www.golfdigest.com/courses/guides/minnesota-best-golf-courses-rankings
210d8911-b4f9-4764-b598-2f23c032cd0d,61c755af-fe4a-4dae-b024-38d47ce20569,state,MO,1,Golf Digest,2025,https://www.golfdigest.com/courses/guides/missouri-best-golf-courses-rankings
ec593410-573b-4656-88c1-a1986477e700,7238a438-fcaf-4462-8d23-5bf332a00a42,state,MO,2,Golf Digest,2025,https://www.golfdigest.com/courses/guides/missouri-best-golf-courses-rankings
65269145-df10-42e1-a51c-02644cfbd030,c2c5901d-bbd0-4382-b46d-93ca33c97a1f,state,MO,3,Golf Digest,2025,https://www.golfdigest.com/courses/guides/missouri-best-golf-courses-rankings
c50e7b2c-d65d-4037-aff8-a6f8008a1a84,8e3b7067-1b7b-4f07-a81b-ecfe7053aef9,state,MO,4,Golf Digest,2025,https://www.golfdigest.com/courses/guides/missouri-best-golf-courses-rankings
0676290e-b5b5-451c-9315-73e32bd94434,eade9871-e711-4532-b436-5652607e0db3,state,MO,5,Golf Digest,2025,https://www.golfdigest.com/courses/guides/missouri-best-golf-courses-rankings
b8822777-99d2-4073-8951-a68126198993,2b5024ed-ac80-46c3-822e-cdb467052278,state,MO,6,Golf Digest,2025,https://www.golfdigest.com/courses/guides/missouri-best-golf-courses-rankings
298fc726-8610-4417-b33b-ec4ef469c165,bd0f0058-1416-4357-84f2-e7c7b74c7b52,state,MO,7,Golf Digest,2025,https://www.golfdigest.com/courses/guides/missouri-best-golf-courses-rankings
7a4dc9c4-ab29-44ae-b646-9a3ebc9a1417,736435d4-dcf4-45c7-8992-d68b266e381e,state,MO,8,Golf Digest,2025,https://www.golfdigest.com/courses/guides/missouri-best-golf-courses-rankings
e1ee85ae-4d64-44f4-aeea-01ab5c36efb6,debd5698-a11b-4164-a20b-96886f7b792b,state,MO,9,Golf Digest,2025,https://www.golfdigest.com/courses/guides/missouri-best-golf-courses-rankings
07f15fd1-78b1-4cb0-a473-11eec3eb3ec1,11dad58a-a934-42a3-9478-c1a4287619cf,state,MO,10,Golf Digest,2025,https://www.golfdigest.com/courses/guides/missouri-best-golf-courses-rankings
306a061d-22e5-49a8-98d0-2eb583087952,2902c968-a79d-4d71-93b5-a44ebb00c1f1,state,MO,11,Golf Digest,2025,https://www.golfdigest.com/courses/guides/missouri-best-golf-courses-rankings
e724b136-c20e-49f3-8843-8c32edee8dbe,c719a2ba-6a57-44ab-9009-2ba0abd71cac,state,MO,12,Golf Digest,2025,https://www.golfdigest.com/courses/guides/missouri-best-golf-courses-rankings
ee10bdb3-2206-41de-acaa-f8b09d8f889f,883d9bc0-e360-4ec5-9e99-af35ebee88ae,state,MO,13,Golf Digest,2025,https://www.golfdigest.com/courses/guides/missouri-best-golf-courses-rankings
b728ee77-022c-4d9b-a1f0-6bd6ef2b1061,c65818a0-dcd4-47a5-b57b-99d828f68127,state,MO,14,Golf Digest,2025,https://www.golfdigest.com/courses/guides/missouri-best-golf-courses-rankings
0088bb46-edb1-4810-86a1-b1319b25bd74,08e3cb12-1fa5-4cbd-b114-7b7e8116919b,state,MO,15,Golf Digest,2025,https://www.golfdigest.com/courses/guides/missouri-best-golf-courses-rankings
c37028a6-8d88-4a5a-bf76-2c2e5b0001c4,e96a69f6-df36-494b-b65e-39caf16dc627,state,MS,1,Golf Digest,2025,https://www.golfdigest.com/courses/guides/mississippi-best-golf-courses-rankings
498e16b5-27e4-4b0d-ac54-3e0a40c606f3,3a5a24b1-0012-4aef-9fc7-93050ed8ef27,state,MS,2,Golf Digest,2025,https://www.golfdigest.com/courses/guides/mississippi-best-golf-courses-rankings
f8084d11-c66f-47b5-9c04-9ad0439b8fbc,d2c880fc-255b-403d-ab25-a294431e251f,state,MS,3,Golf Digest,2025,https://www.golfdigest.com/courses/guides/mississippi-best-golf-courses-rankings
4843c0c3-ef51-41d5-a5d7-da3d54051456,866a7c3b-b59f-4793-a53c-c3003c74b08c,state,MS,4,Golf Digest,2025,https://www.golfdigest.com/courses/guides/mississippi-best-golf-courses-rankings
bff8c7a8-a0ca-43a5-803b-ee27749a1c9d,8fe99cfe-906b-419c-b209-2e8b07f07347,state,MS,5,Golf Digest,2025,https://www.golfdigest.com/courses/guides/mississippi-best-golf-courses-rankings
be5d88e7-e27c-4f60-98eb-0d4db5576d25,be626cdb-f953-4180-ba42-ed41a3341456,state,MS,6,Golf Digest,2025,https://www.golfdigest.com/courses/guides/mississippi-best-golf-courses-rankings
746844a2-56f0-4264-a8b3-5a69d37e87eb,6cef49ad-1495-4ba2-82fa-4cffdccec174,state,MS,7,Golf Digest,2025,https://www.golfdigest.com/courses/guides/mississippi-best-golf-courses-rankings
04ee67e2-7a68-4564-83f3-dc10b383ed79,a467e057-9330-4451-8aa6-fdd51dc83f99,state,MS,8,Golf Digest,2025,https://www.golfdigest.com/courses/guides/mississippi-best-golf-courses-rankings
ef339980-2b9f-4d13-9ba0-1d45be81f0e4,da5cb8cb-42ae-4950-902a-961acf1b6aaa,state,MS,9,Golf Digest,2025,https://www.golfdigest.com/courses/guides/mississippi-best-golf-courses-rankings
f6a0d934-967d-459e-8335-155e7c57136d,7bdd4f59-6782-443b-9316-d7cd615104ab,state,MT,1,Golf Digest,2025,https://www.golfdigest.com/courses/guides/montana-best-golf-courses-rankings
cf2e746f-5e97-4345-b2f7-2dd1ba2e8b51,e775ca15-bbf0-46f4-8ce3-9d512f76e77d,state,MT,2,Golf Digest,2025,https://www.golfdigest.com/courses/guides/montana-best-golf-courses-rankings
0c85fb65-2b2f-4373-9df9-386a8c9a2cee,6df0118b-02e8-4703-a15a-edfb4fbd0b9e,state,MT,3,Golf Digest,2025,https://www.golfdigest.com/courses/guides/montana-best-golf-courses-rankings
abd946ae-b088-476e-8a1d-c778f08b7b5d,a8ab5b1c-f34e-4f41-8495-d27950d2b51d,state,MT,4,Golf Digest,2025,https://www.golfdigest.com/courses/guides/montana-best-golf-courses-rankings
c22ef0fc-2110-4e18-a2e9-cf04fddb7add,55d2c421-4b95-46f2-b81a-c0259baf106d,state,MT,5,Golf Digest,2025,https://www.golfdigest.com/courses/guides/montana-best-golf-courses-rankings
44c80a49-409e-4488-97ef-a055bac19da4,b0a8608e-9cd2-4ac0-8e69-7693a6f72ee2,state,MT,6,Golf Digest,2025,https://www.golfdigest.com/courses/guides/montana-best-golf-courses-rankings
220459b6-ef5b-4587-8f5d-4f1a7d44fbbc,31027bb3-dadc-4fb0-aacf-04085f8f5562,state,MT,7,Golf Digest,2025,https://www.golfdigest.com/courses/guides/montana-best-golf-courses-rankings
9fb07988-85f2-4c89-a423-99dde5002956,5149beac-ad14-4923-bc39-5abf2b4c9e17,state,MT,8,Golf Digest,2025,https://www.golfdigest.com/courses/guides/montana-best-golf-courses-rankings
219ad98b-b89a-4123-9891-d194b9d48a35,d6483792-bcca-4e70-a598-c86c9b843c51,state,NC,1,Golf Digest,2025,https://www.golfdigest.com/courses/guides/north-carolina-best-golf-courses-rankings
72265324-e211-4db4-bcab-84bb6ff3a143,70fb1441-1455-46f1-a2bc-cc4bb68243a8,state,NC,2,Golf Digest,2025,https://www.golfdigest.com/courses/guides/north-carolina-best-golf-courses-rankings
08cf1427-cc13-4caf-b6ab-a8dadff2e5b1,86b993d7-3dfb-4dee-bc31-bddd74aa21ea,state,NC,3,Golf Digest,2025,https://www.golfdigest.com/courses/guides/north-carolina-best-golf-courses-rankings
7ddabcec-a5de-44bc-9022-7403f621aa82,9db9eac3-2da9-4038-b9e6-f34192418005,state,NC,4,Golf Digest,2025,https://www.golfdigest.com/courses/guides/north-carolina-best-golf-courses-rankings
c1f25ea9-abc0-4f82-b50e-08a2ef3fb80f,0f6bb1b4-3524-42f0-9306-5ac968340ccd,state,NC,5,Golf Digest,2025,https://www.golfdigest.com/courses/guides/north-carolina-best-golf-courses-rankings
e58e6111-45b1-4f6c-ae57-df8cb1125bc6,d94d3ae4-ae37-48c5-b5cc-16e274ba6436,state,NC,6,Golf Digest,2025,https://www.golfdigest.com/courses/guides/north-carolina-best-golf-courses-rankings
a4301ca3-8346-43ab-954d-f29c7bfd9c1d,3a9b0008-f22f-4641-84b6-95705417a3ae,state,NC,7,Golf Digest,2025,https://www.golfdigest.com/courses/guides/north-carolina-best-golf-courses-rankings
82141141-434c-4591-a1aa-a7fb1ad0c143,ba32cc8d-ca75-4403-9eb5-10792bb6ace7,state,NC,8,Golf Digest,2025,https://www.golfdigest.com/courses/guides/north-carolina-best-golf-courses-rankings
0355d67c-28f6-46a6-a7db-2c3e9c1ca2e1,49ff0246-aa17-4435-aa46-c15cf7048fb7,state,NC,9,Golf Digest,2025,https://www.golfdigest.com/courses/guides/north-carolina-best-golf-courses-rankings
856575a0-fdb1-4850-bbba-9c5f9b7889f0,576ee809-8e5f-45c1-bed6-e24e2664158e,state,NC,10,Golf Digest,2025,https://www.golfdigest.com/courses/guides/north-carolina-best-golf-courses-rankings
7fb0e8ae-3da9-4ca8-b6dd-4750f0413ea8,525c3a86-6fbd-426f-9a09-61736111d802,state,NC,11,Golf Digest,2025,https://www.golfdigest.com/courses/guides/north-carolina-best-golf-courses-rankings
fc215f48-8a16-457c-90ef-c45100d1c0f8,0d50520e-2165-4394-9ea1-2fd9f62ea25c,state,NC,12,Golf Digest,2025,https://www.golfdigest.com/courses/guides/north-carolina-best-golf-courses-rankings
ad444da5-7e3a-4e59-95e5-6b15201ac4ab,f9f4e13c-b39f-4574-a34e-5186645a565a,state,NC,13,Golf Digest,2025,https://www.golfdigest.com/courses/guides/north-carolina-best-golf-courses-rankings
ee32e519-7303-44c7-8298-64f05a78c1ee,68d1f2ca-91dc-4af3-91f6-fc4606c5d15f,state,NC,14,Golf Digest,2025,https://www.golfdigest.com/courses/guides/north-carolina-best-golf-courses-rankings
21673d84-b552-4b19-a388-93f178d46a58,7acbc22c-6005-4aff-b198-c92bb58181c5,state,NC,15,Golf Digest,2025,https://www.golfdigest.com/courses/guides/north-carolina-best-golf-courses-rankings
9b701b33-d810-4873-ab43-164899caebc7,10cedc66-a185-4bfc-9b37-d600dd66440f,state,NC,16,Golf Digest,2025,https://www.golfdigest.com/courses/guides/north-carolina-best-golf-courses-rankings
7a684f2c-1637-454c-941e-0c3e06cb5b35,3bd51c6e-807f-416e-bf86-cdc39be15f07,state,NC,17,Golf Digest,2025,https://www.golfdigest.com/courses/guides/north-carolina-best-golf-courses-rankings
ba910177-3306-41ba-bfe2-7cc00b17b979,dd7ad3f1-5fc7-4c48-b912-dfecc60c6640,state,NC,18,Golf Digest,2025,https://www.golfdigest.com/courses/guides/north-carolina-best-golf-courses-rankings
55ec7c80-2ebc-4d74-9b0f-740fc8d75ce3,699114fc-e964-445a-9ed7-daa8d66ce973,state,NC,19,Golf Digest,2025,https://www.golfdigest.com/courses/guides/north-carolina-best-golf-courses-rankings
049356ef-dd67-47a6-87ec-934a378be8f6,c90258ea-bf27-41a1-bf81-5e4d6bd27128,state,NC,20,Golf Digest,2025,https://www.golfdigest.com/courses/guides/north-carolina-best-golf-courses-rankings
19e3aa26-9019-418e-bb62-19a8c42742bb,dbeb9428-21da-4379-8a57-085d6b9235e0,state,NC,21,Golf Digest,2025,https://www.golfdigest.com/courses/guides/north-carolina-best-golf-courses-rankings
15744b08-6f33-4581-b5e9-68ce15ccb198,41aee574-5008-49c9-a231-22d1c9d4763e,state,NC,22,Golf Digest,2025,https://www.golfdigest.com/courses/guides/north-carolina-best-golf-courses-rankings
c60f3b40-0ee1-423a-a355-575e1107c164,69778d56-b8df-4c41-b131-3d2adb7ac59b,state,NC,23,Golf Digest,2025,https://www.golfdigest.com/courses/guides/north-carolina-best-golf-courses-rankings
9175102b-021a-4689-96e1-ddd445ab425f,5a1a7660-5ca2-4d70-ad58-c2d173fe91e2,state,NC,24,Golf Digest,2025,https://www.golfdigest.com/courses/guides/north-carolina-best-golf-courses-rankings
1670b703-44e2-47c1-ba3d-67cc4fd1f753,e4c1df58-783c-40db-b63b-6a473228b6fe,state,NC,25,Golf Digest,2025,https://www.golfdigest.com/courses/guides/north-carolina-best-golf-courses-rankings
467cc3fb-edeb-44da-b0cf-1f37df159322,5c60b229-9efe-4cde-87b6-09d618c66471,state,NC,26,Golf Digest,2025,https://www.golfdigest.com/courses/guides/north-carolina-best-golf-courses-rankings
02f578f8-ecd3-4f15-9207-fe760086c3b9,97131cbf-24ed-4980-a1e3-3e15a02f5b55,state,NC,27,Golf Digest,2025,https://www.golfdigest.com/courses/guides/north-carolina-best-golf-courses-rankings
2bd19569-3141-402a-a195-60064f3f4b32,933ab6c9-9f55-46b3-8d19-85d161d5ee29,state,NC,28,Golf Digest,2025,https://www.golfdigest.com/courses/guides/north-carolina-best-golf-courses-rankings
c30f597b-dd02-44fb-9876-0d34372ac08b,39d743e0-5d8d-4213-8f05-f1868c32fc79,state,NC,29,Golf Digest,2025,https://www.golfdigest.com/courses/guides/north-carolina-best-golf-courses-rankings
684087e3-6780-427f-8c7f-113fe5ee2c94,182fa614-2f18-487d-9574-2217261ddef4,state,NC,30,Golf Digest,2025,https://www.golfdigest.com/courses/guides/north-carolina-best-golf-courses-rankings
f8e151f3-3251-4bfc-bf80-39ab54655f4e,4d1ad651-3082-4fc4-b48c-2038d29c7b01,state,NC,31,Golf Digest,2025,https://www.golfdigest.com/courses/guides/north-carolina-best-golf-courses-rankings
549349fc-d5c2-4ef3-8479-92062fb2a691,d026c10a-3091-4396-a24f-99256581c36b,state,NC,32,Golf Digest,2025,https://www.golfdigest.com/courses/guides/north-carolina-best-golf-courses-rankings
fd636e34-01ae-4d70-ba9a-6553c09284da,4a85a3bd-8813-49ca-a723-59754ef39f30,state,NC,33,Golf Digest,2025,https://www.golfdigest.com/courses/guides/north-carolina-best-golf-courses-rankings
81556d67-f71b-498c-b31c-2d2b7179ff9f,7f8479a4-19b8-43ec-939c-11b73b97ee9b,state,NC,34,Golf Digest,2025,https://www.golfdigest.com/courses/guides/north-carolina-best-golf-courses-rankings
3d8ab1e5-7053-4245-97dd-b8cd80d3b399,395785b1-6760-41b8-9657-0ee5670d0a35,state,NC,35,Golf Digest,2025,https://www.golfdigest.com/courses/guides/north-carolina-best-golf-courses-rankings
7138ab1b-cd34-4e84-8e6d-289bbf2e6ee3,471fa21b-555d-43b1-ab6b-49041dae8c46,state,NC,36,Golf Digest,2025,https://www.golfdigest.com/courses/guides/north-carolina-best-golf-courses-rankings
0c92b7ff-8e00-4e43-99cd-a2359f6616d2,0fe86bfa-0c2f-425b-9e3f-8f3640fa9b5c,state,NC,37,Golf Digest,2025,https://www.golfdigest.com/courses/guides/north-carolina-best-golf-courses-rankings
601225e3-9a3f-468a-8d25-d8107ca5d686,445f2dc8-30c8-447a-995f-ea66eaccc939,state,NC,38,Golf Digest,2025,https://www.golfdigest.com/courses/guides/north-carolina-best-golf-courses-rankings
2e93ed65-eb6b-438c-87b9-27f9a9d1423f,c80b59c5-e217-482e-a44c-7de76b351cf2,state,NC,39,Golf Digest,2025,https://www.golfdigest.com/courses/guides/north-carolina-best-golf-courses-rankings
0f7edb8c-b418-4e60-ac5a-f95f42c7bfa8,c74fe725-a587-4800-a83d-158dae3196c2,state,NC,40,Golf Digest,2025,https://www.golfdigest.com/courses/guides/north-carolina-best-golf-courses-rankings
f345b223-c9c3-4b5c-9884-9c200df5ed1f,3869a418-9192-4854-b519-6f7f4e6acd50,state,NC,41,Golf Digest,2025,https://www.golfdigest.com/courses/guides/north-carolina-best-golf-courses-rankings
69303938-e6cc-4b5d-96e1-d90c87e3acfc,fffaa381-543c-40c6-9b90-5da47e8d90bd,state,NC,42,Golf Digest,2025,https://www.golfdigest.com/courses/guides/north-carolina-best-golf-courses-rankings
055f846c-fb9a-41e0-9a5c-fe52b671d376,86083fc8-620d-4be4-abc5-5119ad4b7c47,state,NC,43,Golf Digest,2025,https://www.golfdigest.com/courses/guides/north-carolina-best-golf-courses-rankings
50478347-4db1-4603-b97b-6f529348a668,408c1cb3-70f2-4889-ac9e-56571ddf8fcc,state,NC,44,Golf Digest,2025,https://www.golfdigest.com/courses/guides/north-carolina-best-golf-courses-rankings
3e2394e4-4216-4d71-9df2-45214a684564,2c4dc7c4-6610-43cc-b3fd-f01e7fdc74a9,state,NC,45,Golf Digest,2025,https://www.golfdigest.com/courses/guides/north-carolina-best-golf-courses-rankings
85f040d7-870e-4800-8ebd-ec70ec253d6a,1fb8cea8-09db-414e-a4cf-f7eab63c629c,state,ND,1,Golf Digest,2025,https://www.golfdigest.com/courses/guides/north-dakota-best-golf-courses-rankings
467c1bb0-462d-4018-bba0-bfded0bede19,f9911ef8-954d-4235-9dff-13b8739b80c9,state,ND,2,Golf Digest,2025,https://www.golfdigest.com/courses/guides/north-dakota-best-golf-courses-rankings
8f35cba5-8551-494f-b863-06289ae88dcd,50e0f3da-fdb0-4aa7-a22d-1d6bd1ef4178,state,ND,3,Golf Digest,2025,https://www.golfdigest.com/courses/guides/north-dakota-best-golf-courses-rankings
71167588-1799-4f57-b2c8-967e5ce002cc,8a564bfe-9067-4d78-b45f-f1f6c630fb64,state,ND,4,Golf Digest,2025,https://www.golfdigest.com/courses/guides/north-dakota-best-golf-courses-rankings
7503d212-e1ee-4e41-9633-6224a0277582,f8b27d70-0309-46a5-8479-e4ca59204417,state,ND,5,Golf Digest,2025,https://www.golfdigest.com/courses/guides/north-dakota-best-golf-courses-rankings
5715bece-4e9a-48a7-9178-825ea8a143be,3aca53d2-79e7-4146-8d31-b276beeca1d8,state,ND,6,Golf Digest,2025,https://www.golfdigest.com/courses/guides/north-dakota-best-golf-courses-rankings
9cc94acc-09e0-4ec1-90f2-c4986bdaff58,42fbe050-ef71-42ca-a89b-145325624d4d,state,NE,1,Golf Digest,2025,https://www.golfdigest.com/courses/guides/nebraska-best-golf-courses-rankings
8e294fc9-db2a-4fab-823f-fae4144281ff,c43400fd-5286-4f19-ae8f-56160cafbf05,state,NE,2,Golf Digest,2025,https://www.golfdigest.com/courses/guides/nebraska-best-golf-courses-rankings
ee41ce48-af35-4628-b6d3-4f592280fe85,9a4590af-f636-4828-bfa3-3fdb23cebd3d,state,NE,3,Golf Digest,2025,https://www.golfdigest.com/courses/guides/nebraska-best-golf-courses-rankings
47d40cda-54a5-4edf-b08a-0cccdc2089d7,36826c5b-5d07-4120-b2b2-b64f800ec71f,state,NE,4,Golf Digest,2025,https://www.golfdigest.com/courses/guides/nebraska-best-golf-courses-rankings
16874064-8ec2-4ac1-9a5b-01958314e433,e2114a19-188f-4bed-8cf2-4615c1584dd3,state,NE,5,Golf Digest,2025,https://www.golfdigest.com/courses/guides/nebraska-best-golf-courses-rankings
ada0be89-2fbd-4f6e-b27f-c66d409dcb14,c8345b18-709c-4b1f-bc6a-114d79d3aae3,state,NE,6,Golf Digest,2025,https://www.golfdigest.com/courses/guides/nebraska-best-golf-courses-rankings
7ce93319-0efe-4510-9f33-150e79ed746b,11f5688b-4ce1-43e6-97e4-c4bbd1e81142,state,NE,7,Golf Digest,2025,https://www.golfdigest.com/courses/guides/nebraska-best-golf-courses-rankings
549d8e5f-1c65-46ad-89cd-bd4b977a6656,ca0c867e-2c24-4ab7-b97b-089cf6f08762,state,NE,8,Golf Digest,2025,https://www.golfdigest.com/courses/guides/nebraska-best-golf-courses-rankings
3847752c-d3db-4f7d-bc60-ccc8f886692f,6d45d718-c6f3-410f-be36-d0c69fe1b0c8,state,NE,9,Golf Digest,2025,https://www.golfdigest.com/courses/guides/nebraska-best-golf-courses-rankings
e22a817e-72d2-4728-bdee-636ccf7fbe65,659e21a6-c637-46ef-a1fa-87658c5cfa13,state,NE,10,Golf Digest,2025,https://www.golfdigest.com/courses/guides/nebraska-best-golf-courses-rankings
c84c8739-b3de-4e94-9813-093c18b7496d,1fb24d56-b34c-4fcc-8302-baf652d8efc5,state,NE,11,Golf Digest,2025,https://www.golfdigest.com/courses/guides/nebraska-best-golf-courses-rankings
a87e4989-8c65-4738-b51a-83ecbbd5b7a1,02b94ef4-1131-44c6-88d9-d356d9312d7f,state,NE,12,Golf Digest,2025,https://www.golfdigest.com/courses/guides/nebraska-best-golf-courses-rankings
d760910d-b7cd-4790-b59a-e839b7129a36,890631df-6917-41c0-aa88-45d30a1b6a74,state,NE,13,Golf Digest,2025,https://www.golfdigest.com/courses/guides/nebraska-best-golf-courses-rankings
36452624-1a38-4483-895b-865bbafe112d,44c97d25-30c8-425e-ab72-ded01805aa33,state,NE,14,Golf Digest,2025,https://www.golfdigest.com/courses/guides/nebraska-best-golf-courses-rankings
c16a6cf1-6b27-4d55-aaee-ee89c2c1e422,784d0452-ae16-4eb6-8a8e-ba1a8c21f093,state,NE,15,Golf Digest,2025,https://www.golfdigest.com/courses/guides/nebraska-best-golf-courses-rankings
a6765b01-261c-4d43-baa9-f1aeee19a131,cedbc6e1-e0e6-435f-a0ba-839bcdfb9c39,state,NH,1,Golf Digest,2025,https://www.golfdigest.com/courses/guides/new-hampshire-best-golf-courses-rankings
4292d7f5-695b-4352-b9e4-756bc9525a00,c5e4ce79-d730-4c34-a457-2d1423f18807,state,NH,2,Golf Digest,2025,https://www.golfdigest.com/courses/guides/new-hampshire-best-golf-courses-rankings
b56862c7-0e26-4031-ad05-81a98c28554b,0fd075b2-7240-4e8d-b676-39bb1d897fdb,state,NH,3,Golf Digest,2025,https://www.golfdigest.com/courses/guides/new-hampshire-best-golf-courses-rankings
c372c0f4-ce07-43dd-845f-e74859cef8a4,317f7a32-d56b-40dd-a64d-841c3bb7b3de,state,NH,4,Golf Digest,2025,https://www.golfdigest.com/courses/guides/new-hampshire-best-golf-courses-rankings
da422865-d933-4115-926f-f253fabf4e3f,35b90774-0528-4d5c-8827-ff5f6ec931aa,state,NH,5,Golf Digest,2025,https://www.golfdigest.com/courses/guides/new-hampshire-best-golf-courses-rankings
78d0d246-cadf-44f8-985c-b12438c7fa9f,c39bc937-9250-426d-9bfc-caa75cc0c0d2,state,NJ,1,Golf Digest,2025,https://www.golfdigest.com/courses/guides/new-jersey-best-golf-courses-rankings
371dfea3-e7ea-4ecb-9054-c5c6d724444d,202a0ad6-c66d-4541-8356-b8dd3cc48d31,state,NJ,2,Golf Digest,2025,https://www.golfdigest.com/courses/guides/new-jersey-best-golf-courses-rankings
3cef75f0-72b7-412c-9f52-03a1e9045cff,10a94c3c-f72a-482e-b474-fa943fe56c51,state,NJ,3,Golf Digest,2025,https://www.golfdigest.com/courses/guides/new-jersey-best-golf-courses-rankings
051be09f-9983-4f1c-8ba4-fc9679acc78c,0c808d59-7252-43ef-8f33-eb140e3302a1,state,NJ,4,Golf Digest,2025,https://www.golfdigest.com/courses/guides/new-jersey-best-golf-courses-rankings
6c6bd888-0e3a-425a-82c7-db803b425bab,98b1c7ff-e979-4667-81f4-f3fcb1734ca5,state,NJ,5,Golf Digest,2025,https://www.golfdigest.com/courses/guides/new-jersey-best-golf-courses-rankings
cec41cd3-e897-4c9a-af53-cf7a416c04ce,50d994d6-d2ac-4a24-8cd6-5769151cb92e,state,NJ,6,Golf Digest,2025,https://www.golfdigest.com/courses/guides/new-jersey-best-golf-courses-rankings
a186611e-ad6c-499e-95c6-6c4d3fbbb147,b6682ed2-e8a7-4bec-9be8-f9dc66634938,state,NJ,7,Golf Digest,2025,https://www.golfdigest.com/courses/guides/new-jersey-best-golf-courses-rankings
fa594ea2-2983-48ac-90bd-bc26edf1a5b3,45c4d6e0-10bb-47fe-82d6-5082b718cdb3,state,NJ,8,Golf Digest,2025,https://www.golfdigest.com/courses/guides/new-jersey-best-golf-courses-rankings
3c3eb977-ec8c-4e28-a769-1b3464f59150,209c943f-1821-4258-9d58-abd543f0eccb,state,NJ,9,Golf Digest,2025,https://www.golfdigest.com/courses/guides/new-jersey-best-golf-courses-rankings
5055d53f-994c-44f2-8992-48e245215ecb,0b3f09f6-a316-46f0-a8d1-1000a8688e56,state,NJ,10,Golf Digest,2025,https://www.golfdigest.com/courses/guides/new-jersey-best-golf-courses-rankings
cf5792ec-985f-4de1-8eb3-0c41df4b9772,73f40d8e-c97e-4761-a7fa-f83b765446d8,state,NJ,11,Golf Digest,2025,https://www.golfdigest.com/courses/guides/new-jersey-best-golf-courses-rankings
c8170cfd-c6e2-497d-a77c-36ec9dd870d3,922ecb64-2df3-47a1-ab8b-3ee058af5041,state,NJ,12,Golf Digest,2025,https://www.golfdigest.com/courses/guides/new-jersey-best-golf-courses-rankings
bbd9e5ae-1d6b-4e9e-870b-76bb8dce48fd,0c75face-d38c-40e2-9fa4-72a83eeb2092,state,NJ,13,Golf Digest,2025,https://www.golfdigest.com/courses/guides/new-jersey-best-golf-courses-rankings
08f75d9a-6ccc-41d8-8e31-93d9b3b6ea09,66e098da-9ee1-4247-ac4b-784b11cf8ab6,state,NJ,14,Golf Digest,2025,https://www.golfdigest.com/courses/guides/new-jersey-best-golf-courses-rankings
02dd61b8-f20c-4235-a0db-72e1225b227e,936c3107-094c-4b4a-bcc1-cd8f38d68c6f,state,NJ,15,Golf Digest,2025,https://www.golfdigest.com/courses/guides/new-jersey-best-golf-courses-rankings
7138d909-0ff5-441d-bc5d-66adc357a38a,58c581a6-4815-4538-acf2-09006e820153,state,NJ,16,Golf Digest,2025,https://www.golfdigest.com/courses/guides/new-jersey-best-golf-courses-rankings
340d28bc-b18d-4b1a-bc8a-76952bff5100,84bced3c-9f6d-4275-aad1-23e06c8ba970,state,NJ,17,Golf Digest,2025,https://www.golfdigest.com/courses/guides/new-jersey-best-golf-courses-rankings
a2948158-0876-4b8f-ba76-2e6c0c3f86a6,a157a58c-021b-4cb1-aa2a-028f8d3654ec,state,NJ,18,Golf Digest,2025,https://www.golfdigest.com/courses/guides/new-jersey-best-golf-courses-rankings
810a3670-79e3-489a-8c52-5f83253bc9a3,493899f2-7505-42af-8fb2-6fad5bb84081,state,NJ,19,Golf Digest,2025,https://www.golfdigest.com/courses/guides/new-jersey-best-golf-courses-rankings
0d5e451e-2432-48d5-845e-2e9efd65e2ce,a854a362-65bb-46bf-9df4-07b04f97e32e,state,NJ,20,Golf Digest,2025,https://www.golfdigest.com/courses/guides/new-jersey-best-golf-courses-rankings
30d01518-57fe-463b-882e-de774bbbab52,aad35266-250c-4974-94fe-2585697bd194,state,NJ,21,Golf Digest,2025,https://www.golfdigest.com/courses/guides/new-jersey-best-golf-courses-rankings
938165ec-3f74-4d29-bba0-5b5d41ab84df,4fa8067c-9d71-41e2-a741-68f3c24d357c,state,NJ,22,Golf Digest,2025,https://www.golfdigest.com/courses/guides/new-jersey-best-golf-courses-rankings
bf148ecf-b31b-499b-b5d6-700c9c25c581,6e08f3a2-5b5e-406b-851d-3249fbf8fbff,state,NJ,23,Golf Digest,2025,https://www.golfdigest.com/courses/guides/new-jersey-best-golf-courses-rankings
e9ae535e-46b1-4175-a52f-96ca46928454,81f9d6d8-ea97-4a29-8959-537ba32274e4,state,NJ,24,Golf Digest,2025,https://www.golfdigest.com/courses/guides/new-jersey-best-golf-courses-rankings
bf45ef87-f6e0-48d1-a40f-c1a5fa9ae543,229a6d94-17c0-4372-8783-34c13e0fc2df,state,NJ,25,Golf Digest,2025,https://www.golfdigest.com/courses/guides/new-jersey-best-golf-courses-rankings
fcc3647f-7238-42a2-810d-ef97e257ddd5,19958dbf-9e27-47f8-aacc-0c5f3eb2534f,state,NM,1,Golf Digest,2025,https://www.golfdigest.com/courses/guides/new-mexico-best-golf-courses-rankings
2b62887b-189a-4f16-a592-8f264c253cdb,382ec4fb-bd25-410c-a903-9acab636f217,state,NM,2,Golf Digest,2025,https://www.golfdigest.com/courses/guides/new-mexico-best-golf-courses-rankings
0eebf639-cfd1-44a5-8d7f-d75af601daae,4b228239-e152-4dff-9760-3400b3f9b265,state,NM,3,Golf Digest,2025,https://www.golfdigest.com/courses/guides/new-mexico-best-golf-courses-rankings
a2b50894-c477-4b91-8c52-222040fac6dc,2658e059-e861-4843-8342-a87526342097,state,NM,4,Golf Digest,2025,https://www.golfdigest.com/courses/guides/new-mexico-best-golf-courses-rankings
d3532cc2-9feb-4f8a-aa24-7f65b6bcbfca,95945ae4-c989-4218-8845-c3c399862594,state,NM,5,Golf Digest,2025,https://www.golfdigest.com/courses/guides/new-mexico-best-golf-courses-rankings
40cd0efe-b797-4e0e-aad6-40ef56468041,3a4433bd-ddc6-4acf-b2b3-befc08efedec,state,NM,6,Golf Digest,2025,https://www.golfdigest.com/courses/guides/new-mexico-best-golf-courses-rankings
13af15fa-4307-4613-b597-8317dc356058,95ec4bfd-e856-4894-a1fd-8ab0fb63fc45,state,NM,7,Golf Digest,2025,https://www.golfdigest.com/courses/guides/new-mexico-best-golf-courses-rankings
d94c306b-37b2-4cd0-bd0c-497c39534fc9,94ac5635-0ff3-4688-ba52-38be1ed965e8,state,NM,8,Golf Digest,2025,https://www.golfdigest.com/courses/guides/new-mexico-best-golf-courses-rankings
3a448694-dc66-42b3-a763-8b0f574e2f24,64aac25f-b103-4518-81ca-9b880b85a3a5,state,NM,9,Golf Digest,2025,https://www.golfdigest.com/courses/guides/new-mexico-best-golf-courses-rankings
e5dc62d6-4b17-4e7a-8fa3-16870bcce79c,52ac067d-f602-4e65-890b-d67c32ab2696,state,NV,1,Golf Digest,2025,https://www.golfdigest.com/courses/guides/nevada-best-golf-courses-rankings
903a3649-bc4e-48da-b35a-2eea83ba9313,972e8ee8-9576-4cef-afcf-f96eae54a843,state,NV,2,Golf Digest,2025,https://www.golfdigest.com/courses/guides/nevada-best-golf-courses-rankings
4f1efb99-636f-422b-812d-90e549448c29,d629de9b-747f-440f-a294-ec884987dd03,state,NV,3,Golf Digest,2025,https://www.golfdigest.com/courses/guides/nevada-best-golf-courses-rankings
0702901d-e16e-43ca-840c-49c81f330002,277b3c6b-bf6d-4a60-a86f-f9cbc6041b70,state,NV,4,Golf Digest,2025,https://www.golfdigest.com/courses/guides/nevada-best-golf-courses-rankings
4913934d-253f-4e68-9094-351af9c9ae82,7e768fbf-7d09-4297-9c2f-16f5468dd6b9,state,NV,5,Golf Digest,2025,https://www.golfdigest.com/courses/guides/nevada-best-golf-courses-rankings
187e62b3-303a-47a8-b198-61d8786982db,2611fd94-c580-408d-b164-af93ee9af637,state,NV,6,Golf Digest,2025,https://www.golfdigest.com/courses/guides/nevada-best-golf-courses-rankings
d10519cd-9a8e-4acf-bcc4-e71574a2a38e,51200b29-bcfa-43fa-b97a-58dad9e25808,state,NV,7,Golf Digest,2025,https://www.golfdigest.com/courses/guides/nevada-best-golf-courses-rankings
eca9539a-e34b-46b5-918f-34b396c5c080,6758e5d4-c5af-471b-a6c2-c7637096330d,state,NV,8,Golf Digest,2025,https://www.golfdigest.com/courses/guides/nevada-best-golf-courses-rankings
901e5d7f-b202-47a6-9555-6a0d320181f5,9b25ed69-c1ae-4489-907c-fc7f2edd99e3,state,NV,9,Golf Digest,2025,https://www.golfdigest.com/courses/guides/nevada-best-golf-courses-rankings
95be957d-7686-4071-bf46-423e3ecb0894,27f53b14-43ad-4c5f-8238-f8f29c5f67e3,state,NV,10,Golf Digest,2025,https://www.golfdigest.com/courses/guides/nevada-best-golf-courses-rankings
640c4307-885c-4d51-8457-33c05eb4ed60,6986a09f-7191-4766-8e53-25048bddfb15,state,NV,11,Golf Digest,2025,https://www.golfdigest.com/courses/guides/nevada-best-golf-courses-rankings
43068a06-7aea-4c05-92e4-c0a82910dcf5,093a8dd3-5681-4faf-90e9-900a0539fdf8,state,NV,12,Golf Digest,2025,https://www.golfdigest.com/courses/guides/nevada-best-golf-courses-rankings
b88591e7-0529-4641-b18a-4ebc8a666792,66564cdd-c34d-4b51-8e9e-e5c8031310de,state,NV,13,Golf Digest,2025,https://www.golfdigest.com/courses/guides/nevada-best-golf-courses-rankings
826cc222-b68c-409e-971d-ed2b1ad17e0b,19b723db-85f0-4fc8-b2a6-c7eeef4f2bfa,state,NV,14,Golf Digest,2025,https://www.golfdigest.com/courses/guides/nevada-best-golf-courses-rankings
b52ab7ba-af4a-4c7c-bf43-e8a6629f8a8c,114458a4-5664-487b-bad0-b305725b45b3,state,NV,15,Golf Digest,2025,https://www.golfdigest.com/courses/guides/nevada-best-golf-courses-rankings
fad873f3-40f9-479b-8304-93de210b00a5,1d3a8839-4b90-46a2-b09f-a3a8a9dd5f66,state,NV,16,Golf Digest,2025,https://www.golfdigest.com/courses/guides/nevada-best-golf-courses-rankings
781f3dfc-b11e-46d3-864f-234d61497a82,fa896d87-c919-4606-80c5-bb14133a0098,state,NV,17,Golf Digest,2025,https://www.golfdigest.com/courses/guides/nevada-best-golf-courses-rankings
70e22e16-1b77-476e-88fb-1087bf0491c5,5a1e1d3d-8277-48fc-ba60-4594861e2f01,state,NV,18,Golf Digest,2025,https://www.golfdigest.com/courses/guides/nevada-best-golf-courses-rankings
9e062f1b-6032-433a-921c-b3ce340b77d7,3d10a68c-e1b3-4f65-99d7-2e40c0c82100,state,NV,19,Golf Digest,2025,https://www.golfdigest.com/courses/guides/nevada-best-golf-courses-rankings
3aefb4a4-5c32-4ff3-982d-495486650152,178228c5-7107-4e70-a2fb-1db902716b7d,state,NV,20,Golf Digest,2025,https://www.golfdigest.com/courses/guides/nevada-best-golf-courses-rankings
6910a8f6-77e5-4bd5-ac22-6d3e6473fde3,a2c28597-2105-4fd3-9ff4-dc11cced930a,state,NY,1,Golf Digest,2025,https://www.golfdigest.com/courses/guides/new-york-best-golf-courses-rankings
96c1794c-42b0-4d65-844a-99504fb5eb99,9e7ddf6b-8685-4f13-9da1-4eaef88f0234,state,NY,2,Golf Digest,2025,https://www.golfdigest.com/courses/guides/new-york-best-golf-courses-rankings
887df769-2f90-41cb-9c9e-7607d737faea,365cf78d-8ce7-406c-a91a-447a60ce4363,state,NY,3,Golf Digest,2025,https://www.golfdigest.com/courses/guides/new-york-best-golf-courses-rankings
e8167437-2e57-4dae-8ff7-2d0c2d0da05a,0004a482-9636-4602-9132-08a94513d6ec,state,NY,4,Golf Digest,2025,https://www.golfdigest.com/courses/guides/new-york-best-golf-courses-rankings
6d92c7a0-e127-4a48-9e66-d1c10ce0dc2c,0989b9ca-31d2-4a23-a6d2-92c34b2d353c,state,NY,5,Golf Digest,2025,https://www.golfdigest.com/courses/guides/new-york-best-golf-courses-rankings
5c8bf8b3-2897-4172-99b6-b10c56e32316,3cd4dc48-7cfe-4dc2-b82c-ee4b503b0a08,state,NY,6,Golf Digest,2025,https://www.golfdigest.com/courses/guides/new-york-best-golf-courses-rankings
81421129-fbc9-4994-8e89-2f8963f57a83,07301426-1dca-4708-b8bc-f679ac18f73e,state,NY,7,Golf Digest,2025,https://www.golfdigest.com/courses/guides/new-york-best-golf-courses-rankings
194f51d8-8d59-4b78-9ba0-dd8b3037f040,794dad39-54b6-460b-9dfb-efccd76abc96,state,NY,8,Golf Digest,2025,https://www.golfdigest.com/courses/guides/new-york-best-golf-courses-rankings
c2928b97-6874-49ab-af27-5c7305780498,fdcc35e4-1286-4f5b-a7e4-bba0fc5b669c,state,NY,9,Golf Digest,2025,https://www.golfdigest.com/courses/guides/new-york-best-golf-courses-rankings
b071eb9a-f18c-4514-8c3e-b818a4ea0d86,f659f34a-9750-4ba4-a37f-cd9147bab77a,state,NY,10,Golf Digest,2025,https://www.golfdigest.com/courses/guides/new-york-best-golf-courses-rankings
c5713989-4255-41f3-98ed-6c4ae4290d1a,acf7b709-961f-453f-983d-6f8ab561b32e,state,NY,11,Golf Digest,2025,https://www.golfdigest.com/courses/guides/new-york-best-golf-courses-rankings
5ba782f6-63a4-4b1a-876a-a4b5eba29f0d,f8289715-14ab-42d3-8cd7-1e551e89262d,state,NY,12,Golf Digest,2025,https://www.golfdigest.com/courses/guides/new-york-best-golf-courses-rankings
6059e59f-985d-46db-9aaf-4a32aa98202d,100c9b3e-fe29-44f2-a33a-bf8e76f03b0a,state,NY,13,Golf Digest,2025,https://www.golfdigest.com/courses/guides/new-york-best-golf-courses-rankings
15f067f0-90fc-4fae-ad2b-2e24ce2a2a12,a46b60fe-28dd-41a1-9d8f-02be8a61cd43,state,NY,14,Golf Digest,2025,https://www.golfdigest.com/courses/guides/new-york-best-golf-courses-rankings
55bca2c7-87b6-4d66-90db-debca5b288db,f5169975-4d55-4cd9-b3a1-7b8921f415ab,state,NY,15,Golf Digest,2025,https://www.golfdigest.com/courses/guides/new-york-best-golf-courses-rankings
340b26e1-03eb-4cc7-a9da-e616ff6dc504,bd4cff30-2dc7-44f5-8724-9afb172cbe36,state,NY,16,Golf Digest,2025,https://www.golfdigest.com/courses/guides/new-york-best-golf-courses-rankings
9f03fa97-edd9-4898-b283-6e9c6260d004,080148f3-eb8b-4844-b69f-660273eec58a,state,NY,17,Golf Digest,2025,https://www.golfdigest.com/courses/guides/new-york-best-golf-courses-rankings
3777c0cf-0923-4b4f-800d-f3f1a16dac85,ff189c73-cf5f-4fc3-b1b2-b380a6c395ca,state,NY,18,Golf Digest,2025,https://www.golfdigest.com/courses/guides/new-york-best-golf-courses-rankings
e5a21732-dc5d-46e7-b17c-b9496422346a,4b7378fc-128e-4035-bb5d-bc1683a42ef7,state,NY,19,Golf Digest,2025,https://www.golfdigest.com/courses/guides/new-york-best-golf-courses-rankings
bbf9a26f-4894-4fa7-a171-1b925b3de88d,307fc97a-8ca5-4906-b62e-557adba2154d,state,NY,20,Golf Digest,2025,https://www.golfdigest.com/courses/guides/new-york-best-golf-courses-rankings
f36f4ccb-08ea-46f3-a617-544e1b7564a7,adf6d218-7254-43a9-9bfd-bc40d4b845ee,state,NY,21,Golf Digest,2025,https://www.golfdigest.com/courses/guides/new-york-best-golf-courses-rankings
0f2bbd6f-37b4-4582-931c-943e56e33b61,067e66af-c5a3-4418-9f8f-14061a2d45c6,state,NY,22,Golf Digest,2025,https://www.golfdigest.com/courses/guides/new-york-best-golf-courses-rankings
1fdff19d-30df-4726-8473-b4aed66140af,f4bbfb64-5c4a-4ec7-9b60-6a8715e6c63b,state,NY,23,Golf Digest,2025,https://www.golfdigest.com/courses/guides/new-york-best-golf-courses-rankings
dcd134af-50b7-4f2e-ac73-e462d2b8c321,c9224c04-7225-4d75-9f4d-a6173e3dda8d,state,NY,24,Golf Digest,2025,https://www.golfdigest.com/courses/guides/new-york-best-golf-courses-rankings
0cec7e66-7542-4e87-b977-92c6a397e150,cc759632-b8e2-49ce-828a-a906c41f2224,state,NY,25,Golf Digest,2025,https://www.golfdigest.com/courses/guides/new-york-best-golf-courses-rankings
ec2688c5-fe28-45d8-ac06-8d0a95a7fca3,032389cd-a54f-4876-8200-7e7956875ac0,state,NY,26,Golf Digest,2025,https://www.golfdigest.com/courses/guides/new-york-best-golf-courses-rankings
b5c9db56-9095-4849-9c3f-16a7a7022613,dc63a364-1a12-465a-8393-1036184a9f9b,state,NY,27,Golf Digest,2025,https://www.golfdigest.com/courses/guides/new-york-best-golf-courses-rankings
3658ead7-53c4-4778-a69a-596a08ea492e,cd590395-3d7d-4a0f-a2d6-30757e1741e1,state,NY,28,Golf Digest,2025,https://www.golfdigest.com/courses/guides/new-york-best-golf-courses-rankings
617b4f9e-b655-4408-8ab2-415444cf0218,2a64a9b4-fb98-407e-a83e-af554396df64,state,NY,29,Golf Digest,2025,https://www.golfdigest.com/courses/guides/new-york-best-golf-courses-rankings
05809da6-f94b-433e-aaac-650eddf59914,ebd48c45-a36c-4165-8b30-2e949f5b2b5a,state,NY,30,Golf Digest,2025,https://www.golfdigest.com/courses/guides/new-york-best-golf-courses-rankings
43a06e6a-6218-4102-9e52-70362eab3339,1ecca085-f91f-4b98-a6ad-94eb1a8181ff,state,NY,31,Golf Digest,2025,https://www.golfdigest.com/courses/guides/new-york-best-golf-courses-rankings
eacf51f8-f3ec-4454-98e0-3a06ed6175fc,0b0d5c4e-22fa-42c2-81d8-52075bac78dd,state,NY,32,Golf Digest,2025,https://www.golfdigest.com/courses/guides/new-york-best-golf-courses-rankings
4bd245db-5550-4f40-bd1c-3e5815d6903e,196b82a2-a36c-4a4d-a856-07634d8b8151,state,NY,33,Golf Digest,2025,https://www.golfdigest.com/courses/guides/new-york-best-golf-courses-rankings
a3515bd8-1760-428c-b4f2-1d18440a1be3,e131f689-8edf-4935-9d61-39583c15d8ff,state,NY,34,Golf Digest,2025,https://www.golfdigest.com/courses/guides/new-york-best-golf-courses-rankings
2d1e5cb6-ec16-4237-8d76-f81f644db892,2a6ffa4d-9afd-478c-b6d7-19591a041dd8,state,NY,35,Golf Digest,2025,https://www.golfdigest.com/courses/guides/new-york-best-golf-courses-rankings
ef5e1cfe-4061-4267-aa9c-a828edd3cd33,1d66914b-2d7a-41fb-a8a5-8c2042729d6b,state,NY,36,Golf Digest,2025,https://www.golfdigest.com/courses/guides/new-york-best-golf-courses-rankings
089830c9-0e8f-4944-8023-055c334c9f77,dd8308ee-d050-4ede-b456-350729f3ffaa,state,NY,37,Golf Digest,2025,https://www.golfdigest.com/courses/guides/new-york-best-golf-courses-rankings
2d2f9131-dca1-4342-b784-2535762874f5,019175bb-07af-4c70-8eed-2063c838b9aa,state,NY,38,Golf Digest,2025,https://www.golfdigest.com/courses/guides/new-york-best-golf-courses-rankings
72eac0cb-82c9-43eb-8093-1579962bc60c,918f2c57-8786-43b6-8d34-538ba82f16ba,state,NY,39,Golf Digest,2025,https://www.golfdigest.com/courses/guides/new-york-best-golf-courses-rankings
b7dd0a71-2c2b-4a71-9172-415ee6907579,5ae13159-0d0d-4310-8821-f3ee016d922c,state,NY,40,Golf Digest,2025,https://www.golfdigest.com/courses/guides/new-york-best-golf-courses-rankings
e984bad9-74ab-435b-9667-f9a6f7926c32,a37136d1-639f-424e-8fe4-1fa13db214b9,state,NY,41,Golf Digest,2025,https://www.golfdigest.com/courses/guides/new-york-best-golf-courses-rankings
f8295f84-08e7-4d7d-8dc7-0b9a8c07b13f,36d8788e-1700-40f4-8a52-dca908c8d40d,state,NY,42,Golf Digest,2025,https://www.golfdigest.com/courses/guides/new-york-best-golf-courses-rankings
71cd792e-733d-405c-97d3-0c7834205b17,efb6bc7b-9783-4669-a57d-df603be92615,state,NY,43,Golf Digest,2025,https://www.golfdigest.com/courses/guides/new-york-best-golf-courses-rankings
f1ab9d91-7744-4842-bcfa-7f8e28072cf0,fc6f93c5-6ceb-4b29-aef9-ce341a9b61d3,state,NY,44,Golf Digest,2025,https://www.golfdigest.com/courses/guides/new-york-best-golf-courses-rankings
f6ad4ece-0314-4cc7-b9d8-1ffc9b2a4c64,31f883b5-e18b-4c41-9b4f-be481091f281,state,NY,45,Golf Digest,2025,https://www.golfdigest.com/courses/guides/new-york-best-golf-courses-rankings
ae32a098-4215-4d45-b289-1c94b70e1b85,a0a50211-64c0-480c-b36b-eadd4610d8bc,state,NY,46,Golf Digest,2025,https://www.golfdigest.com/courses/guides/new-york-best-golf-courses-rankings
199859fe-e78c-4806-ad87-ebdbfb46c217,772d3d27-157d-46e3-bc18-d7a941dc1aa0,state,NY,47,Golf Digest,2025,https://www.golfdigest.com/courses/guides/new-york-best-golf-courses-rankings
2035f96a-2064-4e24-94b8-2d47a2873efc,488d140c-1bad-45dc-850f-1a110b8aeb85,state,NY,48,Golf Digest,2025,https://www.golfdigest.com/courses/guides/new-york-best-golf-courses-rankings
c58c52fe-21a4-479d-961b-cfd83543c2fc,649cd5e2-3ae4-42e6-90fb-b1ed8477a4b6,state,NY,49,Golf Digest,2025,https://www.golfdigest.com/courses/guides/new-york-best-golf-courses-rankings
afa76845-2dfb-41a3-ad7e-33708253d8cf,7c9aa85e-08c7-4312-8d84-2cd71a3d02a6,state,NY,50,Golf Digest,2025,https://www.golfdigest.com/courses/guides/new-york-best-golf-courses-rankings
d8af3dea-33b4-4dba-98a4-8af5fb9916b3,49d2a397-cb77-46ca-8539-6ca7f0c9eadd,state,NY,51,Golf Digest,2025,https://www.golfdigest.com/courses/guides/new-york-best-golf-courses-rankings
5beb675f-d360-438a-b828-9633f4749b92,b7a9bf7a-17a9-4560-b849-18f9a8bfb39c,state,NY,52,Golf Digest,2025,https://www.golfdigest.com/courses/guides/new-york-best-golf-courses-rankings
c05626b7-1d4d-4eb7-84ee-3f97a981d317,12be5214-5534-4fbb-9565-47f72f2c50de,state,NY,53,Golf Digest,2025,https://www.golfdigest.com/courses/guides/new-york-best-golf-courses-rankings
bb28d94d-0f5d-4f36-974f-e10606527105,be6d13b2-5fc5-41da-93d6-6beca50778c6,state,NY,54,Golf Digest,2025,https://www.golfdigest.com/courses/guides/new-york-best-golf-courses-rankings
1004534c-1478-41ae-9be5-2ba3876b9217,3d2aed49-0d76-47f3-a343-934f36f202e2,state,NY,55,Golf Digest,2025,https://www.golfdigest.com/courses/guides/new-york-best-golf-courses-rankings
5140aeff-15a7-48fa-8e90-1467ec775112,dac4a58b-69d2-4908-b204-5a977ca074a6,state,NY,56,Golf Digest,2025,https://www.golfdigest.com/courses/guides/new-york-best-golf-courses-rankings
87ed671d-0cbc-4293-922a-3198da0d2491,45ada3a5-a5cb-49b8-a49c-3333a9182735,state,NY,57,Golf Digest,2025,https://www.golfdigest.com/courses/guides/new-york-best-golf-courses-rankings
e16b420f-469a-45c6-ac7d-bbf405339052,1c27eafa-e008-4470-b5b4-1e45af6c2ec6,state,NY,58,Golf Digest,2025,https://www.golfdigest.com/courses/guides/new-york-best-golf-courses-rankings
71e01d66-ed8f-4f55-8efa-99257edb7d73,34f0f9ec-1d54-443f-bf0a-2eb2bdf02690,state,NY,59,Golf Digest,2025,https://www.golfdigest.com/courses/guides/new-york-best-golf-courses-rankings
34d990fa-b263-4e8f-b5aa-b95a805bdd39,49d7df64-4548-4631-bac7-0fb81c735990,state,NY,60,Golf Digest,2025,https://www.golfdigest.com/courses/guides/new-york-best-golf-courses-rankings
836aa520-25df-4451-8c6f-6ff3142b093a,82965b3c-13eb-4c58-a815-f50be2406b0f,state,OH,1,Golf Digest,2025,https://www.golfdigest.com/courses/guides/ohio-best-golf-courses-rankings
05def1db-2cb3-44b9-8310-390265cf36fe,74f5a95f-66de-4efd-93f5-03966637f7f4,state,OH,2,Golf Digest,2025,https://www.golfdigest.com/courses/guides/ohio-best-golf-courses-rankings
05ed1e26-0ad9-41c1-956d-ad77ad4e66d5,36178b32-c05f-46c0-8260-07e92fe18446,state,OH,3,Golf Digest,2025,https://www.golfdigest.com/courses/guides/ohio-best-golf-courses-rankings
8fc76556-3096-4e29-a8d5-805e886ab24c,03308a33-603e-4d34-8015-643c6476d802,state,OH,4,Golf Digest,2025,https://www.golfdigest.com/courses/guides/ohio-best-golf-courses-rankings
d4df57ae-3cf3-4ef5-a7d7-65d1ac8e1d7e,e868f574-9a0e-4929-bba8-60bb137a7b86,state,OH,5,Golf Digest,2025,https://www.golfdigest.com/courses/guides/ohio-best-golf-courses-rankings
6af4e5b8-459a-41d7-8708-146ef2b893b4,d5d7436a-0ea2-4cb3-8e6f-41af3c90974a,state,OH,6,Golf Digest,2025,https://www.golfdigest.com/courses/guides/ohio-best-golf-courses-rankings
656c17ff-1bfc-4875-a5f7-6a418a817d7f,bf0946f4-a64b-4572-a1ec-bf4df2d4a1d8,state,OH,7,Golf Digest,2025,https://www.golfdigest.com/courses/guides/ohio-best-golf-courses-rankings
2834e233-6788-4b2d-9c08-48c2a9d24470,67ab808d-e095-4b11-b9d4-b1c87d9b6b4d,state,OH,8,Golf Digest,2025,https://www.golfdigest.com/courses/guides/ohio-best-golf-courses-rankings
e02911c0-daae-48e1-a5aa-0d4dd0f43a59,6d734e19-ed6d-49b8-b86e-76a1af5eebf2,state,OH,9,Golf Digest,2025,https://www.golfdigest.com/courses/guides/ohio-best-golf-courses-rankings
23de35c8-b55e-4741-b697-d19211df027c,3a5d66a9-79f5-4613-8d56-cb7179cdeb30,state,OH,10,Golf Digest,2025,https://www.golfdigest.com/courses/guides/ohio-best-golf-courses-rankings
e039861b-9e18-4354-b5bb-483974a3ccc3,bb408054-2305-403b-b913-9c41ef451038,state,OH,11,Golf Digest,2025,https://www.golfdigest.com/courses/guides/ohio-best-golf-courses-rankings
226c33dc-f7e5-4f60-adac-e2988c40cec2,b3ab2966-b41b-4af7-8a75-73bd9417b40e,state,OH,12,Golf Digest,2025,https://www.golfdigest.com/courses/guides/ohio-best-golf-courses-rankings
35248851-fe22-4c7b-afe1-b1f3d8e90c7f,8c6d1245-1e94-4830-96cb-731ae202c0f2,state,OH,13,Golf Digest,2025,https://www.golfdigest.com/courses/guides/ohio-best-golf-courses-rankings
a81f8549-246a-4d9b-9801-43f0ec28483b,b62afc92-dd8d-4760-bbf9-4fc453fa3ad8,state,OH,14,Golf Digest,2025,https://www.golfdigest.com/courses/guides/ohio-best-golf-courses-rankings
5ff286e2-67a4-4805-b22f-39cc073801dd,9604faea-87f3-4100-8b3c-a5e151e1ddfe,state,OH,15,Golf Digest,2025,https://www.golfdigest.com/courses/guides/ohio-best-golf-courses-rankings
dff341f3-10b0-4f7d-9cfd-a61bf99c38b2,47a704ab-d65a-42ec-8184-b127f13e4018,state,OH,16,Golf Digest,2025,https://www.golfdigest.com/courses/guides/ohio-best-golf-courses-rankings
ec45c016-337e-4780-81ea-0f18e14147a3,2ce31d31-245b-4639-8381-49e74a3587d4,state,OH,17,Golf Digest,2025,https://www.golfdigest.com/courses/guides/ohio-best-golf-courses-rankings
7b8a0e97-2992-4933-8be9-6c49d75341b7,c18e4679-f85b-4ce0-a22f-49c485568c8a,state,OH,18,Golf Digest,2025,https://www.golfdigest.com/courses/guides/ohio-best-golf-courses-rankings
4436b1e6-b7a0-4423-8bb5-7de5ee111609,21f6af2c-f8c2-4f21-a398-14b5c39c9c2d,state,OH,19,Golf Digest,2025,https://www.golfdigest.com/courses/guides/ohio-best-golf-courses-rankings
45dcc04d-6735-45f6-8912-a6a5c69b5448,97869502-a316-47aa-a158-a8b97c54a427,state,OH,20,Golf Digest,2025,https://www.golfdigest.com/courses/guides/ohio-best-golf-courses-rankings
299ffe48-e0d7-413c-9aa6-24eaf2db318e,550ab8d9-4a09-4a13-9b63-e8c5ccbd0ebe,state,OH,21,Golf Digest,2025,https://www.golfdigest.com/courses/guides/ohio-best-golf-courses-rankings
14e046f1-128d-4417-a699-ce1bf9c21c06,f492e8f1-e2c3-4558-9154-2d1a33f23a18,state,OH,22,Golf Digest,2025,https://www.golfdigest.com/courses/guides/ohio-best-golf-courses-rankings
5a616643-dd14-43ca-b3a7-931dd7a6b455,c429c260-f8b8-41b3-8f20-0bf09b53030c,state,OH,23,Golf Digest,2025,https://www.golfdigest.com/courses/guides/ohio-best-golf-courses-rankings
523a5010-ca24-4fd2-aa57-9468dbebba8b,5383fd75-8d5a-47d0-a762-da1664bde3c0,state,OH,24,Golf Digest,2025,https://www.golfdigest.com/courses/guides/ohio-best-golf-courses-rankings
c8f64241-6fe8-45af-b832-850a61d34990,67085243-be3a-44ed-afd2-76ac74f8ab59,state,OH,25,Golf Digest,2025,https://www.golfdigest.com/courses/guides/ohio-best-golf-courses-rankings
9e449c81-2abf-441a-b96f-4a3183d42cb3,82088abf-9729-4369-adfe-71b89bb0ba16,state,OH,26,Golf Digest,2025,https://www.golfdigest.com/courses/guides/ohio-best-golf-courses-rankings
cda4d41e-2272-40f6-add5-013e5b93dddb,b3225f30-6384-4d73-91e1-6c78915bf62b,state,OH,27,Golf Digest,2025,https://www.golfdigest.com/courses/guides/ohio-best-golf-courses-rankings
77fb312e-536d-4578-95c7-26c48a5bc3a4,d9770dcb-44de-45ee-8349-a945ebb5cd05,state,OH,28,Golf Digest,2025,https://www.golfdigest.com/courses/guides/ohio-best-golf-courses-rankings
a1c9721d-bf44-4f93-b043-1e77892de0ef,03fc615a-6f17-42dc-a623-7400c26e478e,state,OH,29,Golf Digest,2025,https://www.golfdigest.com/courses/guides/ohio-best-golf-courses-rankings
946e79cf-fdf2-40d8-ae31-64b1e1e8bdc6,4822f9b1-bba2-4d07-ad2b-03009c3b7e9c,state,OH,30,Golf Digest,2025,https://www.golfdigest.com/courses/guides/ohio-best-golf-courses-rankings
719d6109-93cb-4560-b083-a026694f0bf3,6fc2d514-9e51-4d57-84f6-8d3a0e95ed9d,state,OK,1,Golf Digest,2025,https://www.golfdigest.com/courses/guides/oklahoma-best-golf-courses-rankings
4aca9bcd-1acc-40dc-8cdb-6a8dfa7412a6,c6676d42-c92c-4355-b312-e3acad07f579,state,OK,2,Golf Digest,2025,https://www.golfdigest.com/courses/guides/oklahoma-best-golf-courses-rankings
f6602ca7-4f5f-4b65-947a-68d639cae0e4,0398fea2-96f9-430c-b44b-ada8d71f2e7e,state,OK,3,Golf Digest,2025,https://www.golfdigest.com/courses/guides/oklahoma-best-golf-courses-rankings
58ce106e-8278-441f-9367-cf1d708e8540,521d4c63-6b54-4626-9cd9-ff2e849a7c39,state,OK,4,Golf Digest,2025,https://www.golfdigest.com/courses/guides/oklahoma-best-golf-courses-rankings
c8b1937c-936a-4690-9cde-77f67cc1351e,7a4513d4-9c18-4afa-af23-7d13d4268263,state,OK,5,Golf Digest,2025,https://www.golfdigest.com/courses/guides/oklahoma-best-golf-courses-rankings
702e39d2-09ec-4c68-a0fe-5d768e4f411e,d486c6b0-b87f-47ed-9972-29ef0a6fba25,state,OK,6,Golf Digest,2025,https://www.golfdigest.com/courses/guides/oklahoma-best-golf-courses-rankings
951d572b-5961-4971-b245-a8f52c644c7b,02767b1f-6922-48b5-988f-1c86ac7accf8,state,OK,7,Golf Digest,2025,https://www.golfdigest.com/courses/guides/oklahoma-best-golf-courses-rankings
13826509-d0b5-4579-aaed-a740c3e03850,741965a8-92dd-4bd8-b8f4-a020b4ce5556,state,OK,8,Golf Digest,2025,https://www.golfdigest.com/courses/guides/oklahoma-best-golf-courses-rankings
1ecaa6bf-d79a-429d-a5ac-c6ed68733e33,9755d687-bfad-4603-9593-8dc3de29e9ab,state,OK,9,Golf Digest,2025,https://www.golfdigest.com/courses/guides/oklahoma-best-golf-courses-rankings
1e93b85c-aea7-4690-8eda-035c287a5232,e1122a28-9677-4111-b196-3a97512b3840,state,OK,10,Golf Digest,2025,https://www.golfdigest.com/courses/guides/oklahoma-best-golf-courses-rankings
22bb7745-7714-4485-8ba9-38b631a1371c,d5442a8a-4134-4067-bf59-d1f6e170c919,state,OK,11,Golf Digest,2025,https://www.golfdigest.com/courses/guides/oklahoma-best-golf-courses-rankings
9e4352c9-28c2-40b3-b46f-e72f14b983ad,73bddd67-7f0d-479d-9a85-db55180c500e,state,OK,12,Golf Digest,2025,https://www.golfdigest.com/courses/guides/oklahoma-best-golf-courses-rankings
96f20685-7a49-466c-8e54-8aac1bb8328c,af748825-c4a9-4f6b-9f75-ecf8d97a442f,state,OK,13,Golf Digest,2025,https://www.golfdigest.com/courses/guides/oklahoma-best-golf-courses-rankings
2b3079da-22fd-481b-ab39-59fe7e4fb1f8,75f15536-7669-49a7-bf7d-9f27158c265a,state,OK,14,Golf Digest,2025,https://www.golfdigest.com/courses/guides/oklahoma-best-golf-courses-rankings
04757227-bde9-4ff5-8e95-406f096de807,5a235144-c907-465c-85dd-f3daae5c1213,state,OK,15,Golf Digest,2025,https://www.golfdigest.com/courses/guides/oklahoma-best-golf-courses-rankings
976c90d7-c5c3-4d9a-849b-906078b2a743,77dea08f-283d-405b-8d87-dd4adce2f797,state,OR,1,Golf Digest,2025,https://www.golfdigest.com/courses/guides/oregon-best-golf-courses-rankings
76fbac6a-0959-4e0b-b0c9-869795a58cba,62006e67-161e-4be0-b958-2409c55f9388,state,OR,2,Golf Digest,2025,https://www.golfdigest.com/courses/guides/oregon-best-golf-courses-rankings
6baca5ec-f8ca-42ad-bedd-5341c0ce9f73,76255922-7cea-4771-b2dd-edd8c23ccd58,state,OR,3,Golf Digest,2025,https://www.golfdigest.com/courses/guides/oregon-best-golf-courses-rankings
ae7611fd-1213-4f8f-a4fa-1efae712af8d,6c89e930-0544-43b1-8bf5-a3f69f6a5552,state,OR,4,Golf Digest,2025,https://www.golfdigest.com/courses/guides/oregon-best-golf-courses-rankings
1859caff-8559-4ba6-a7a8-47d59dbb50a3,5d4ff207-7b32-4729-aa92-a6aacf1124e6,state,OR,5,Golf Digest,2025,https://www.golfdigest.com/courses/guides/oregon-best-golf-courses-rankings
656a5edb-ee51-4ee1-93be-3a01281fd462,f2792423-33dd-4b2d-b063-15a326c6ef55,state,OR,6,Golf Digest,2025,https://www.golfdigest.com/courses/guides/oregon-best-golf-courses-rankings
8852c407-9753-4493-9ca4-05149e115432,af4dc359-645c-4944-88b8-846f8338d90d,state,OR,7,Golf Digest,2025,https://www.golfdigest.com/courses/guides/oregon-best-golf-courses-rankings
624428a7-1190-47d2-b952-9c641e087db4,55492469-e523-41bc-bbc9-098f92010c30,state,OR,8,Golf Digest,2025,https://www.golfdigest.com/courses/guides/oregon-best-golf-courses-rankings
84327f82-7959-4bc4-ba8b-cb3cb747b41b,477ae08f-a4db-4eab-ba35-1cc91fba29ed,state,OR,9,Golf Digest,2025,https://www.golfdigest.com/courses/guides/oregon-best-golf-courses-rankings
8f73d004-27c4-48f6-b22a-9e57dcf920a9,c6e27640-402e-405b-abe0-fbd566221990,state,OR,10,Golf Digest,2025,https://www.golfdigest.com/courses/guides/oregon-best-golf-courses-rankings
358406a1-bc3f-47c2-b290-b87237647878,b2750d89-f116-4935-9a77-3a6292727441,state,OR,11,Golf Digest,2025,https://www.golfdigest.com/courses/guides/oregon-best-golf-courses-rankings
f68da985-d8cf-45a2-97e4-841aee148486,f4d577cb-6cd3-4bd4-adab-5a649e529186,state,OR,12,Golf Digest,2025,https://www.golfdigest.com/courses/guides/oregon-best-golf-courses-rankings
28a8395d-73c9-46b8-858f-0183d3555015,35d20204-aaa3-4e24-8c06-c6a5c8ad551b,state,OR,13,Golf Digest,2025,https://www.golfdigest.com/courses/guides/oregon-best-golf-courses-rankings
13351b6e-2fca-4028-b864-86be84b7fef0,18497c82-eb39-4e92-956c-cab025c34824,state,OR,14,Golf Digest,2025,https://www.golfdigest.com/courses/guides/oregon-best-golf-courses-rankings
119a8651-9a0d-44dc-8f91-a3b4ce6ae5e5,b7bd6ac7-87d7-4264-8874-2b814d93147f,state,OR,15,Golf Digest,2025,https://www.golfdigest.com/courses/guides/oregon-best-golf-courses-rankings
9f148436-4caf-4203-8d63-ee731ac35869,a9f4ea4d-1abe-4243-8e5d-a22900e1ab80,state,OR,16,Golf Digest,2025,https://www.golfdigest.com/courses/guides/oregon-best-golf-courses-rankings
a0ac76da-1589-485e-8ed9-483f055aa79a,1cde2e81-f94f-4308-9b80-66cb3de9d3a3,state,OR,17,Golf Digest,2025,https://www.golfdigest.com/courses/guides/oregon-best-golf-courses-rankings
c4bd768a-3e4f-45ed-8241-bbbeaa205558,a7e9d90a-30cb-4076-a298-85814efa2861,state,OR,18,Golf Digest,2025,https://www.golfdigest.com/courses/guides/oregon-best-golf-courses-rankings
f6d7c66c-c92c-4ad3-bafc-4de5c5352fd5,9fbe7632-c43a-4612-87d9-e4ac2c975b57,state,PA,1,Golf Digest,2025,https://www.golfdigest.com/courses/guides/pennsylvania-best-golf-courses-rankings
8e462473-78eb-49e5-a881-74cd0bb59e20,2e383ceb-d99d-40df-9f82-d2ee3756d262,state,PA,2,Golf Digest,2025,https://www.golfdigest.com/courses/guides/pennsylvania-best-golf-courses-rankings
ca2edd8a-7334-45df-9364-c5a3fb833cbf,12f40298-6bb2-45d5-8443-a8d737f0e6e1,state,PA,3,Golf Digest,2025,https://www.golfdigest.com/courses/guides/pennsylvania-best-golf-courses-rankings
919bef75-103d-4eb9-85de-cdbe14464dea,e054969a-bcea-451f-82ce-b20913dea2b0,state,PA,4,Golf Digest,2025,https://www.golfdigest.com/courses/guides/pennsylvania-best-golf-courses-rankings
6e64f76c-bf69-447e-b9c9-5fc6ced23315,87df26cf-1709-4490-870f-d754ddace5c7,state,PA,5,Golf Digest,2025,https://www.golfdigest.com/courses/guides/pennsylvania-best-golf-courses-rankings
5eb6d044-f365-4a40-88e2-2e15a8ca3cb8,a4220729-67aa-448f-9a03-956ebbaa77c6,state,PA,6,Golf Digest,2025,https://www.golfdigest.com/courses/guides/pennsylvania-best-golf-courses-rankings
a5f63675-64ed-47e4-8bd5-e81aa7382707,1cb7af57-d72c-49ca-9a9e-81ae139b86c0,state,PA,7,Golf Digest,2025,https://www.golfdigest.com/courses/guides/pennsylvania-best-golf-courses-rankings
c7756a8b-074e-4a9b-85ba-44e440dd0bc3,3560b716-3b42-4dab-ae53-998b21013f10,state,PA,8,Golf Digest,2025,https://www.golfdigest.com/courses/guides/pennsylvania-best-golf-courses-rankings
0dd28dee-3ff4-4c0d-a7e6-410939648dd2,cb8151ba-9733-4f1d-891a-89f89444b84b,state,PA,9,Golf Digest,2025,https://www.golfdigest.com/courses/guides/pennsylvania-best-golf-courses-rankings
c812c346-c7f8-415a-b88c-8f3ab8011ea3,ce2fd235-38d2-457f-ab3d-43edb2a891a9,state,PA,10,Golf Digest,2025,https://www.golfdigest.com/courses/guides/pennsylvania-best-golf-courses-rankings
522e4d3d-1b8c-482b-80f2-0cb334d24477,681439ac-93d9-4097-becc-422158280fbb,state,PA,11,Golf Digest,2025,https://www.golfdigest.com/courses/guides/pennsylvania-best-golf-courses-rankings
91764a6f-0bf8-4995-9cac-e0af3aed1604,936a23e0-61ad-4421-8f65-ab2726ff049c,state,PA,12,Golf Digest,2025,https://www.golfdigest.com/courses/guides/pennsylvania-best-golf-courses-rankings
4ea0d95a-bb33-4f8f-b7d3-707cb82698f2,a20b13df-9c77-47a9-ab9b-f66fe00bc33d,state,PA,13,Golf Digest,2025,https://www.golfdigest.com/courses/guides/pennsylvania-best-golf-courses-rankings
00fd5c9d-0553-4a60-a2eb-a285ef9f6fc8,71d05966-fa86-4e78-b3ed-3d054f7f8937,state,PA,14,Golf Digest,2025,https://www.golfdigest.com/courses/guides/pennsylvania-best-golf-courses-rankings
2ea5cab8-16c3-4a38-8d16-9efe9dde5456,9dc9f0fc-2a7b-4c1a-b751-6d6132300bfa,state,PA,15,Golf Digest,2025,https://www.golfdigest.com/courses/guides/pennsylvania-best-golf-courses-rankings
8978bc60-1a89-4de4-b1a9-0b31179f20ba,5f42ae01-7349-4d3a-90e8-4dfcf895c32d,state,PA,16,Golf Digest,2025,https://www.golfdigest.com/courses/guides/pennsylvania-best-golf-courses-rankings
493cdb35-30bf-4d3b-bdc7-30860f82d348,6b9b9c27-2ebb-41fb-89be-4a71afd198b1,state,PA,17,Golf Digest,2025,https://www.golfdigest.com/courses/guides/pennsylvania-best-golf-courses-rankings
f0bb0241-e0e8-4476-9fac-a03782af7a38,ec090083-ad79-4763-951d-fc036be24ee0,state,PA,18,Golf Digest,2025,https://www.golfdigest.com/courses/guides/pennsylvania-best-golf-courses-rankings
4485f740-862a-400e-910c-9eb68ae08079,677093ca-1177-4788-bde6-ddcca3b6fb98,state,PA,19,Golf Digest,2025,https://www.golfdigest.com/courses/guides/pennsylvania-best-golf-courses-rankings
f43d4b09-c58c-4e28-9e15-4bbaa5f81318,713d0ade-6df7-4fa3-a013-54f4ec9b490f,state,PA,20,Golf Digest,2025,https://www.golfdigest.com/courses/guides/pennsylvania-best-golf-courses-rankings
db488c8a-cbfe-45cc-bd18-958655973661,5163a6c5-c463-454b-8204-b59f892310d7,state,PA,21,Golf Digest,2025,https://www.golfdigest.com/courses/guides/pennsylvania-best-golf-courses-rankings
36f44aa2-0f7d-47b7-bedf-611c19548bf8,f033c093-d445-4651-ab3f-283e21daf6a2,state,PA,22,Golf Digest,2025,https://www.golfdigest.com/courses/guides/pennsylvania-best-golf-courses-rankings
9613c7e4-66bd-4839-9c92-9ef0d70eb1fa,bd52980c-6b93-414c-a38c-a157713d2f57,state,PA,23,Golf Digest,2025,https://www.golfdigest.com/courses/guides/pennsylvania-best-golf-courses-rankings
5ddbf7c1-6ab4-4cd5-921d-294110f77eb6,41dbdad1-f7e9-4941-9689-5c676392bdab,state,PA,24,Golf Digest,2025,https://www.golfdigest.com/courses/guides/pennsylvania-best-golf-courses-rankings
723cd9f2-c23a-4eb0-a160-e35a7521e781,1b706eac-165e-45bb-822e-3990352148ea,state,PA,25,Golf Digest,2025,https://www.golfdigest.com/courses/guides/pennsylvania-best-golf-courses-rankings
4ed47d9e-4339-4247-a3f6-178aa1a2843c,d6c219f7-2b2d-4037-b999-b7765c1d97d1,state,PA,26,Golf Digest,2025,https://www.golfdigest.com/courses/guides/pennsylvania-best-golf-courses-rankings
e813e981-cdd1-4762-8387-c609344e9285,432b82fb-e12a-4626-9cc2-628e11951cd7,state,PA,27,Golf Digest,2025,https://www.golfdigest.com/courses/guides/pennsylvania-best-golf-courses-rankings
afc009db-3e4a-42a1-915a-6dc9dd4579f2,8185abc4-a403-4e81-9c53-e086d47462f8,state,PA,28,Golf Digest,2025,https://www.golfdigest.com/courses/guides/pennsylvania-best-golf-courses-rankings
5ff0d1b1-6ec9-4968-8a5e-31e681777b5e,2a887e83-3726-40e3-8e52-ffcda09f4e5f,state,PA,29,Golf Digest,2025,https://www.golfdigest.com/courses/guides/pennsylvania-best-golf-courses-rankings
814744aa-64bd-45a9-bcd8-cf94fddc77e9,475ff28a-859d-43e3-8a72-afe52e5a617d,state,PA,30,Golf Digest,2025,https://www.golfdigest.com/courses/guides/pennsylvania-best-golf-courses-rankings
bdea8695-e9b0-4036-872c-a3b51e861a45,d336f733-cfe0-4d1f-92ec-86d30d98acd8,state,PA,31,Golf Digest,2025,https://www.golfdigest.com/courses/guides/pennsylvania-best-golf-courses-rankings
05ad99ab-e318-47b3-a2f0-55a95dd41961,a19c9137-e093-4d19-adfe-f491b4f9733c,state,PA,32,Golf Digest,2025,https://www.golfdigest.com/courses/guides/pennsylvania-best-golf-courses-rankings
1f8a2dec-84b6-4e44-850f-8a397b3d1914,5d278c26-0d4a-413f-9851-325fe16e6e8b,state,PA,33,Golf Digest,2025,https://www.golfdigest.com/courses/guides/pennsylvania-best-golf-courses-rankings
fc332108-a05d-483d-b5dc-81faa644aad6,c998f5a1-ff27-4573-8fbf-91a0c1e84b15,state,PA,34,Golf Digest,2025,https://www.golfdigest.com/courses/guides/pennsylvania-best-golf-courses-rankings
ac4c757f-3125-44fa-9757-8762189f646e,358aa75f-ed57-46d0-a67a-7e01d230d1e2,state,PA,35,Golf Digest,2025,https://www.golfdigest.com/courses/guides/pennsylvania-best-golf-courses-rankings
60666162-3296-4ee4-a8b9-506c0d22f5fa,a007908e-8b09-4abb-8876-4ea19f8603ba,state,PA,36,Golf Digest,2025,https://www.golfdigest.com/courses/guides/pennsylvania-best-golf-courses-rankings
327838c7-8071-4718-b83d-6b0a0b9cd15e,eedd640b-d1b0-4b7f-9d94-fe157089d2f7,state,PA,37,Golf Digest,2025,https://www.golfdigest.com/courses/guides/pennsylvania-best-golf-courses-rankings
fd3f6eb3-00b3-4da1-9b8f-08674cda0a40,e289774e-c383-4c8e-a0de-dfedd4cf268f,state,PA,38,Golf Digest,2025,https://www.golfdigest.com/courses/guides/pennsylvania-best-golf-courses-rankings
a706124b-b3c0-4439-a540-471f27b6a6fe,5bdd1618-4195-4dfd-b1dd-60dfeae6ab84,state,PA,39,Golf Digest,2025,https://www.golfdigest.com/courses/guides/pennsylvania-best-golf-courses-rankings
42f91ea3-2086-41f7-93f8-68dea90ccc71,f99a0536-3d46-494a-8d7a-da3286a80984,state,PA,40,Golf Digest,2025,https://www.golfdigest.com/courses/guides/pennsylvania-best-golf-courses-rankings
3d8d951f-5bb7-4db6-9e2d-655a242c2c34,740acd1a-6ca6-462f-a7a9-674a76e0467b,state,PA,41,Golf Digest,2025,https://www.golfdigest.com/courses/guides/pennsylvania-best-golf-courses-rankings
1f1f6602-a993-4b45-8854-e735a4a64886,17f98874-63fe-4eb7-88fe-7bf56bf7c97e,state,PA,42,Golf Digest,2025,https://www.golfdigest.com/courses/guides/pennsylvania-best-golf-courses-rankings
818e4c86-9cd6-4881-99ee-60fcd91e8abb,6f8be33d-4716-4df3-9b40-a01ce152175b,state,PA,43,Golf Digest,2025,https://www.golfdigest.com/courses/guides/pennsylvania-best-golf-courses-rankings
41f4f123-5553-4dfc-9c73-d382b85abcc2,bd58798f-d1e7-4c40-97cc-63d31a76dddf,state,PA,44,Golf Digest,2025,https://www.golfdigest.com/courses/guides/pennsylvania-best-golf-courses-rankings
5c422369-213d-4533-b944-3654fff59ae6,6e2b1aa4-93f4-4568-85f3-ec1d8150fc54,state,PA,45,Golf Digest,2025,https://www.golfdigest.com/courses/guides/pennsylvania-best-golf-courses-rankings
c18824a1-09e3-4c06-9aca-52e04451e025,a85c0b68-06e0-42ff-a09b-48e579d6343f,state,RI,1,Golf Digest,2025,https://www.golfdigest.com/courses/guides/rhode-island-best-golf-courses-rankings
a1c45141-01b8-40ce-93a5-7af82db9c54a,d9e69452-c8f2-49e0-bef2-5f340b040984,state,RI,2,Golf Digest,2025,https://www.golfdigest.com/courses/guides/rhode-island-best-golf-courses-rankings
a0bbd7fc-9f69-4c37-acc8-b1dd87c93343,7b6f1c69-0dbb-41e0-84ed-db4a7e15f60a,state,RI,3,Golf Digest,2025,https://www.golfdigest.com/courses/guides/rhode-island-best-golf-courses-rankings
32d682da-9b72-4a81-a89f-6324789ec94f,0d61f5fd-fe8c-48f1-b227-510a4c1f8fe4,state,RI,4,Golf Digest,2025,https://www.golfdigest.com/courses/guides/rhode-island-best-golf-courses-rankings
a582a6e5-48b1-4e89-a7cf-60235828d87d,794358b9-0667-497c-a62d-374df8ca14c1,state,RI,5,Golf Digest,2025,https://www.golfdigest.com/courses/guides/rhode-island-best-golf-courses-rankings
871dffff-baaa-4843-aa98-d220f5656125,b67ee09e-0fba-4322-ad3a-03cecd03ff63,state,RI,6,Golf Digest,2025,https://www.golfdigest.com/courses/guides/rhode-island-best-golf-courses-rankings
c44d1ea5-b959-4ff4-aca1-ac2c90bcc863,2f90816b-a87d-4b07-92ee-e5b62151d92c,state,RI,7,Golf Digest,2025,https://www.golfdigest.com/courses/guides/rhode-island-best-golf-courses-rankings
a76c68a7-4435-444a-b892-2a7dc8f98ed0,56582108-3dc5-4ba3-baef-6dcc5a9e8dd7,state,SC,1,Golf Digest,2025,https://www.golfdigest.com/courses/guides/south-carolina-best-golf-courses-rankings
4c54e4e1-5b33-4643-b05e-26433cd8301a,ee8aa084-ddb1-433f-a70b-2c1f4d5c08b6,state,SC,2,Golf Digest,2025,https://www.golfdigest.com/courses/guides/south-carolina-best-golf-courses-rankings
aa83f9f9-b88b-4190-ad3d-297b473e3934,3b55d952-d7ae-44f6-a141-0f18b28d0307,state,SC,3,Golf Digest,2025,https://www.golfdigest.com/courses/guides/south-carolina-best-golf-courses-rankings
02ab8c1a-8a13-4de1-8e8c-9728d5150b8c,26b2c828-e154-4880-895b-9e9d8edf9e39,state,SC,4,Golf Digest,2025,https://www.golfdigest.com/courses/guides/south-carolina-best-golf-courses-rankings
b797e32c-118e-440a-94da-1b994039fae4,781785a6-174d-4976-b081-82ab35dae999,state,SC,5,Golf Digest,2025,https://www.golfdigest.com/courses/guides/south-carolina-best-golf-courses-rankings
d834bd8c-97cc-4cdf-9d83-8c8cc69e519f,da4b4dd6-9f0c-4af4-abb5-ccf2b2f1f86e,state,SC,6,Golf Digest,2025,https://www.golfdigest.com/courses/guides/south-carolina-best-golf-courses-rankings
8f44333a-c7ee-4b26-b4a4-7a5fb6e2daed,f2ff1513-c83b-439d-8cf2-bb8884bf3da7,state,SC,7,Golf Digest,2025,https://www.golfdigest.com/courses/guides/south-carolina-best-golf-courses-rankings
6c374767-4afb-428c-8d9c-8e1b273bc947,f89e4ad2-e307-43ad-9332-621aae684396,state,SC,8,Golf Digest,2025,https://www.golfdigest.com/courses/guides/south-carolina-best-golf-courses-rankings
12d59320-605b-4996-9b9c-b0a2a680cbec,b55414af-8cd1-4274-b590-4bcf54c422c1,state,SC,9,Golf Digest,2025,https://www.golfdigest.com/courses/guides/south-carolina-best-golf-courses-rankings
b69432f4-f985-4055-84e2-0d2c882f2558,e302e3ed-68ba-4678-9816-e021fa2dd489,state,SC,10,Golf Digest,2025,https://www.golfdigest.com/courses/guides/south-carolina-best-golf-courses-rankings
58c958be-9f01-453f-a0b4-e09918d6ed53,eca35870-4543-4165-9a5f-ae5b5e562585,state,SC,11,Golf Digest,2025,https://www.golfdigest.com/courses/guides/south-carolina-best-golf-courses-rankings
338d7a90-955b-441f-9633-d9026acd9871,89e3cfde-b3d6-4edb-aa8a-a0e89407b162,state,SC,12,Golf Digest,2025,https://www.golfdigest.com/courses/guides/south-carolina-best-golf-courses-rankings
6aacdb33-e34e-4e06-92b7-dfd464db0742,58365aa0-79cc-4295-9439-11bd49a71165,state,SC,13,Golf Digest,2025,https://www.golfdigest.com/courses/guides/south-carolina-best-golf-courses-rankings
331036b5-c82b-4f4f-95e8-a03c0aedfafe,20e20994-8fa6-4332-a138-c1441c8e7473,state,SC,14,Golf Digest,2025,https://www.golfdigest.com/courses/guides/south-carolina-best-golf-courses-rankings
9d53499b-d888-4773-a119-d3b29df2eb8e,dca02432-f6a9-46b2-a146-822af5e84ec6,state,SC,15,Golf Digest,2025,https://www.golfdigest.com/courses/guides/south-carolina-best-golf-courses-rankings
9205a769-89a2-413f-b943-aca75980eaa6,208aa99b-6132-431a-9031-fa4f215d0884,state,SC,16,Golf Digest,2025,https://www.golfdigest.com/courses/guides/south-carolina-best-golf-courses-rankings
24a8cbb2-34d1-4db6-93ff-b540aaa816e9,b0feadf6-1ed5-4d15-8ac5-616af7809652,state,SC,17,Golf Digest,2025,https://www.golfdigest.com/courses/guides/south-carolina-best-golf-courses-rankings
876d1a38-2422-4713-99ca-f97a84915084,9c098dea-4711-4e2b-997a-a37348cebf54,state,SC,18,Golf Digest,2025,https://www.golfdigest.com/courses/guides/south-carolina-best-golf-courses-rankings
502e33e1-f9a4-4999-828d-1a81ca09f90c,27278dc7-c13e-4192-8588-e7ed2baff028,state,SC,19,Golf Digest,2025,https://www.golfdigest.com/courses/guides/south-carolina-best-golf-courses-rankings
54ba3d24-197b-4130-8769-cb9d2bf43446,f37b2a22-b279-42eb-9189-9e51dfdabf73,state,SC,20,Golf Digest,2025,https://www.golfdigest.com/courses/guides/south-carolina-best-golf-courses-rankings
bde1ae87-2c10-4d07-8454-d45512a599b9,9a57c458-8af3-4b94-9be6-48d3c00f1ff5,state,SC,21,Golf Digest,2025,https://www.golfdigest.com/courses/guides/south-carolina-best-golf-courses-rankings
41e39058-5fd3-4e02-bc55-65c82c67b5a8,dd55d5c2-9f22-45e0-a513-9dcf9ee67a7a,state,SC,22,Golf Digest,2025,https://www.golfdigest.com/courses/guides/south-carolina-best-golf-courses-rankings
f14ef995-1099-46ed-83ea-beba68802e57,fc704013-fd78-476a-a12b-5f90ba4877e8,state,SC,23,Golf Digest,2025,https://www.golfdigest.com/courses/guides/south-carolina-best-golf-courses-rankings
49adac44-91d1-419a-870f-db10424b1efd,eef3de41-9fd3-41be-af57-cffe99023912,state,SC,24,Golf Digest,2025,https://www.golfdigest.com/courses/guides/south-carolina-best-golf-courses-rankings
161a3635-dc51-4fb4-8238-1e6a08dda6e6,1c325b3b-a6d9-439e-85f3-832b2baa300c,state,SC,25,Golf Digest,2025,https://www.golfdigest.com/courses/guides/south-carolina-best-golf-courses-rankings
04694030-af6b-4ba9-8c82-ccb0ad012ef1,d3f77c38-6ecb-496f-9fc8-7d79829084d4,state,SC,26,Golf Digest,2025,https://www.golfdigest.com/courses/guides/south-carolina-best-golf-courses-rankings
4eda7ea8-4cf8-4f04-8127-4ee11265cb66,d78169c4-29f0-44ed-920f-a6bbe4a68172,state,SC,27,Golf Digest,2025,https://www.golfdigest.com/courses/guides/south-carolina-best-golf-courses-rankings
8648f94d-69fe-4ca0-9115-d8a4cd06715d,e0589f2a-316f-4ce8-ba2d-65fd3443cecb,state,SC,28,Golf Digest,2025,https://www.golfdigest.com/courses/guides/south-carolina-best-golf-courses-rankings
bb2b98df-c963-46ab-aa03-ba90ce76360e,476d8788-5f2e-4b8c-8061-19eed5ab3f1a,state,SC,29,Golf Digest,2025,https://www.golfdigest.com/courses/guides/south-carolina-best-golf-courses-rankings
f8923718-91a6-47dd-89b8-e21b871ad45e,534d77f7-54d4-4930-a569-bb96c78ff85b,state,SC,30,Golf Digest,2025,https://www.golfdigest.com/courses/guides/south-carolina-best-golf-courses-rankings
d7c001eb-cd9d-4265-8306-dda09f467a56,f4015837-4417-4467-9f57-519c1b1e11a4,state,SC,31,Golf Digest,2025,https://www.golfdigest.com/courses/guides/south-carolina-best-golf-courses-rankings
a1e0fb95-c015-4d6f-8286-d324d6f9f015,f52021db-fed7-46c0-a5a6-c17a76e81482,state,SC,32,Golf Digest,2025,https://www.golfdigest.com/courses/guides/south-carolina-best-golf-courses-rankings
47fa8f25-76a6-4d25-8ed6-4471eb0d2868,c54d228b-8c71-4f4e-ae69-cf59d61e32b8,state,SC,33,Golf Digest,2025,https://www.golfdigest.com/courses/guides/south-carolina-best-golf-courses-rankings
82005298-d4b7-4221-afec-924540b0071c,59d5cbcc-e53b-400b-a6df-60f906bb6566,state,SC,34,Golf Digest,2025,https://www.golfdigest.com/courses/guides/south-carolina-best-golf-courses-rankings
dee963a1-8dbb-4ab0-9197-33ba690cc168,d0a1df1d-0ff2-44ce-87b4-f468be874398,state,SC,35,Golf Digest,2025,https://www.golfdigest.com/courses/guides/south-carolina-best-golf-courses-rankings
17ccc96c-bdde-4923-993f-56112f780f95,132877ab-9d77-4248-a970-dfe89ac371d8,state,SC,36,Golf Digest,2025,https://www.golfdigest.com/courses/guides/south-carolina-best-golf-courses-rankings
08c66eb8-671f-415d-a31d-9ee24dade978,d1acd0f8-bd21-4901-bea2-b7a79bf4a35a,state,SC,37,Golf Digest,2025,https://www.golfdigest.com/courses/guides/south-carolina-best-golf-courses-rankings
e45ed1a7-b0eb-4234-8368-f5b8164f5d35,46ed0d5d-1eb6-4e1a-91d8-00ad34830f5d,state,SC,38,Golf Digest,2025,https://www.golfdigest.com/courses/guides/south-carolina-best-golf-courses-rankings
17592778-f318-4363-8b84-82a8a7780553,43b8946e-36ad-4d39-8bbd-fbb4677e15d0,state,SC,39,Golf Digest,2025,https://www.golfdigest.com/courses/guides/south-carolina-best-golf-courses-rankings
be4adeb3-0008-453d-8e1b-e65ed641d558,e0544dff-aab9-48dd-8adb-7277e28d68df,state,SC,40,Golf Digest,2025,https://www.golfdigest.com/courses/guides/south-carolina-best-golf-courses-rankings
0f139fc1-fa5e-4161-a29e-843de81ffee3,1a81bf7c-ad0f-46a2-894a-2850b41ddaef,state,SC,41,Golf Digest,2025,https://www.golfdigest.com/courses/guides/south-carolina-best-golf-courses-rankings
4ea97f2e-3a59-4f00-abbe-81c0ea70ba05,a0000f06-34fd-4d41-ad2e-d97f4108c9a5,state,SC,42,Golf Digest,2025,https://www.golfdigest.com/courses/guides/south-carolina-best-golf-courses-rankings
92c3cafd-5041-47d9-95ad-380647929d98,dfc059cd-24f0-4e6a-96be-f9925ad2241c,state,SC,43,Golf Digest,2025,https://www.golfdigest.com/courses/guides/south-carolina-best-golf-courses-rankings
96751476-6b40-480e-86eb-f017857088f5,16ba1d51-1847-4b65-9f38-fa9b1bb7f777,state,SC,44,Golf Digest,2025,https://www.golfdigest.com/courses/guides/south-carolina-best-golf-courses-rankings
fb89a4b5-b2db-419a-85f9-de9937ac979f,05a717cd-60a4-4a75-9007-26333da446e4,state,SC,45,Golf Digest,2025,https://www.golfdigest.com/courses/guides/south-carolina-best-golf-courses-rankings
fc1b3afa-3fe6-49fc-9a31-78d8358b6c3c,998b24a4-d060-47aa-8cfb-1465a992c107,state,SC,46,Golf Digest,2025,https://www.golfdigest.com/courses/guides/south-carolina-best-golf-courses-rankings
af55dd8a-abcf-447b-89c1-540e2b9c686d,d8048568-a15a-4d8d-bb9b-ee855fc91f2b,state,SC,47,Golf Digest,2025,https://www.golfdigest.com/courses/guides/south-carolina-best-golf-courses-rankings
1b79c100-0513-4a21-8405-d9edec18c55c,9817c13a-a794-4ca6-b82b-6852ffe0696a,state,SC,48,Golf Digest,2025,https://www.golfdigest.com/courses/guides/south-carolina-best-golf-courses-rankings
7c3cd450-c3b9-4ba4-8563-f96b8e5745f2,8c6d8a8b-e8d5-48fd-8e3c-2a382314e790,state,SC,49,Golf Digest,2025,https://www.golfdigest.com/courses/guides/south-carolina-best-golf-courses-rankings
065bb1fc-b249-4d6d-b2ae-49f6cee6298e,d8411c59-9038-4f7a-bea6-7afa330e1b6c,state,SC,50,Golf Digest,2025,https://www.golfdigest.com/courses/guides/south-carolina-best-golf-courses-rankings
ec789329-1b6f-4ee3-9469-032fe0ea1118,777fd6ea-c777-4581-a22c-5e31feb4be9d,state,SD,1,Golf Digest,2025,https://www.golfdigest.com/courses/guides/south-dakota-best-golf-courses-rankings
a03b6a0e-9fbd-43c9-9a62-de18d306cd86,85a93e6c-da92-423c-9668-0b216fd89423,state,SD,2,Golf Digest,2025,https://www.golfdigest.com/courses/guides/south-dakota-best-golf-courses-rankings
c6007bf4-c0f2-49e9-9e97-4528fcd7db76,3294bbc6-a7d7-4ea5-a675-11c80e32f972,state,SD,3,Golf Digest,2025,https://www.golfdigest.com/courses/guides/south-dakota-best-golf-courses-rankings
eaeefae9-21ae-4883-af84-d1af0525add9,7306809a-fd5d-43fe-b23d-fc2e66e2cd62,state,SD,4,Golf Digest,2025,https://www.golfdigest.com/courses/guides/south-dakota-best-golf-courses-rankings
7bfcbaf4-dc1c-4e2c-99dd-a8aa07d238c4,61a9e1f3-d8ae-46e3-9a1b-ba69cbf40411,state,SD,5,Golf Digest,2025,https://www.golfdigest.com/courses/guides/south-dakota-best-golf-courses-rankings
8dbce22d-48c2-459f-8f5e-98139f3fb79f,b63498ed-0301-41e7-b231-366769804eb3,state,TN,1,Golf Digest,2025,https://www.golfdigest.com/courses/guides/tennessee-best-golf-courses-rankings
6e1682fd-6c37-46db-a749-72749960aff3,c484766f-c3c2-4961-853f-54f3fb85bd9e,state,TN,2,Golf Digest,2025,https://www.golfdigest.com/courses/guides/tennessee-best-golf-courses-rankings
e62d231e-0fe6-457c-8f6a-c4407e799f4d,18756932-a59d-4740-9673-6f7aff48f510,state,TN,3,Golf Digest,2025,https://www.golfdigest.com/courses/guides/tennessee-best-golf-courses-rankings
e86a21b3-77f5-4caf-b3e6-111c5fafe7f8,5cb2abe2-faf2-4d30-9f4e-19240b1ca99e,state,TN,4,Golf Digest,2025,https://www.golfdigest.com/courses/guides/tennessee-best-golf-courses-rankings
d7b52244-71da-4a9a-8bcd-d77bf3b472dc,1ad90a76-4c64-4279-b6d8-8bea2c2d6f75,state,TN,5,Golf Digest,2025,https://www.golfdigest.com/courses/guides/tennessee-best-golf-courses-rankings
fb51e2e1-0e0a-4913-8245-62943b5dbf7f,4e3c79b4-e7ab-4bf6-ae62-fa392464b36f,state,TN,6,Golf Digest,2025,https://www.golfdigest.com/courses/guides/tennessee-best-golf-courses-rankings
62bd78f5-33a0-4bd5-a071-1ed8f849c3a5,1d89dec9-34ae-4fbe-b473-67bfde17060a,state,TN,7,Golf Digest,2025,https://www.golfdigest.com/courses/guides/tennessee-best-golf-courses-rankings
3be6c18e-db9e-4f29-b7bd-3ac3e10ffcef,4670873a-a661-4ca2-93cb-f8a97ff3b144,state,TN,8,Golf Digest,2025,https://www.golfdigest.com/courses/guides/tennessee-best-golf-courses-rankings
859c56cf-f38f-473f-8d9e-122998f69e31,99df7802-3dd7-49a0-99cf-92590c23bc42,state,TN,9,Golf Digest,2025,https://www.golfdigest.com/courses/guides/tennessee-best-golf-courses-rankings
95ea5440-750f-42fc-a470-e91ce4cb11f9,001fb5b6-a2d6-460a-b362-9a6d50524d24,state,TN,10,Golf Digest,2025,https://www.golfdigest.com/courses/guides/tennessee-best-golf-courses-rankings
3e02904d-151c-4de9-bd74-4d73751d9d6a,926ff27e-d155-49ea-9cca-36488189abc6,state,TN,11,Golf Digest,2025,https://www.golfdigest.com/courses/guides/tennessee-best-golf-courses-rankings
33e7af93-2491-4dcb-beec-a1a83db72d6e,5da5356b-5db8-41f8-b974-e61b80e50d30,state,TN,12,Golf Digest,2025,https://www.golfdigest.com/courses/guides/tennessee-best-golf-courses-rankings
f69fbe58-cae5-412e-bee0-d87c25a5c955,20d45f30-4c4d-40d6-86ac-7ca072582c81,state,TN,13,Golf Digest,2025,https://www.golfdigest.com/courses/guides/tennessee-best-golf-courses-rankings
bd4fcce8-7c3b-4b91-8e1c-c8e9a05268e9,c1b00de9-33fe-4d95-aa0b-5cd8137add45,state,TN,14,Golf Digest,2025,https://www.golfdigest.com/courses/guides/tennessee-best-golf-courses-rankings
287f4814-5601-4bf5-a25e-479f1f2dfbfe,2af227a8-da4c-4a8a-9de9-3eaa283c6342,state,TN,15,Golf Digest,2025,https://www.golfdigest.com/courses/guides/tennessee-best-golf-courses-rankings
9810b421-173f-4823-9073-39f3b9f92e86,70685b36-f6a2-49e9-843f-b4705b006019,state,TX,1,Golf Digest,2025,https://www.golfdigest.com/courses/guides/texas-best-golf-courses-rankings
6e98c821-8908-410a-9826-3cb37b897b12,38bef293-9539-40bf-b69b-9e2c9625df86,state,TX,2,Golf Digest,2025,https://www.golfdigest.com/courses/guides/texas-best-golf-courses-rankings
40651776-4424-45fb-a92c-5377afbdab04,8d372b8c-060c-4fc3-a5bd-fd004c47de6b,state,TX,3,Golf Digest,2025,https://www.golfdigest.com/courses/guides/texas-best-golf-courses-rankings
c489c4db-eee4-487c-ae15-9fe239444578,c3f37fa3-395f-44f3-b521-ba9f071c1a8e,state,TX,4,Golf Digest,2025,https://www.golfdigest.com/courses/guides/texas-best-golf-courses-rankings
2b3ae657-47be-42e2-96cb-f5ad2804f507,66e09f54-deda-41a3-b16d-7e205256541d,state,TX,5,Golf Digest,2025,https://www.golfdigest.com/courses/guides/texas-best-golf-courses-rankings
322ab9b3-9ecd-4f76-812c-326419a5678c,1cd04b43-73a1-41ce-9f36-c6e25a7a767c,state,TX,6,Golf Digest,2025,https://www.golfdigest.com/courses/guides/texas-best-golf-courses-rankings
719784f7-1b4e-4349-94d7-a8697a2fe627,b095527a-cb05-4618-8c3b-f260b2fe81ba,state,TX,7,Golf Digest,2025,https://www.golfdigest.com/courses/guides/texas-best-golf-courses-rankings
2b3388ec-7e16-4578-9014-3588785a5284,bd90be01-70ee-441e-85ef-6f2339fefd1a,state,TX,8,Golf Digest,2025,https://www.golfdigest.com/courses/guides/texas-best-golf-courses-rankings
e7c755c8-f059-48b0-9f88-e8bd1e79f139,30feaaa1-cd05-492a-bdca-873a48c655b3,state,TX,9,Golf Digest,2025,https://www.golfdigest.com/courses/guides/texas-best-golf-courses-rankings
8b66f0c2-9ccc-4ed5-809d-84897d67da52,9367dccb-0358-455d-b609-2118d59015d1,state,TX,10,Golf Digest,2025,https://www.golfdigest.com/courses/guides/texas-best-golf-courses-rankings
d5ce4e05-5bbb-4df6-95ce-20b142a8d5a4,1a046e5e-3593-46a4-aba1-3e9868b29a99,state,TX,11,Golf Digest,2025,https://www.golfdigest.com/courses/guides/texas-best-golf-courses-rankings
66979489-4b87-422b-93de-42b0b032c587,4aba9998-9e7b-430b-8b26-b8ae014f431d,state,TX,12,Golf Digest,2025,https://www.golfdigest.com/courses/guides/texas-best-golf-courses-rankings
81e93d8f-9228-4951-aad1-033e2a2d4fce,b8db9b40-e419-4bc8-9b78-8c253cf97098,state,TX,13,Golf Digest,2025,https://www.golfdigest.com/courses/guides/texas-best-golf-courses-rankings
6de75424-152c-4062-8134-b4f4e9869501,c300439e-2841-45bb-8888-0ef0652ff0b9,state,TX,14,Golf Digest,2025,https://www.golfdigest.com/courses/guides/texas-best-golf-courses-rankings
42a1cafe-ad85-455f-9b8d-53156fecc254,50764828-38da-433e-bc0f-3a9359f114ce,state,TX,15,Golf Digest,2025,https://www.golfdigest.com/courses/guides/texas-best-golf-courses-rankings
14982952-e406-4628-af0d-ceb834c04078,845e7e87-df2a-4fdb-b056-0d71cbe1fb57,state,TX,16,Golf Digest,2025,https://www.golfdigest.com/courses/guides/texas-best-golf-courses-rankings
b2c9df15-6eff-4659-af19-25c2d7f77a0c,8d384e02-9468-4214-abe6-b91e3df91830,state,TX,17,Golf Digest,2025,https://www.golfdigest.com/courses/guides/texas-best-golf-courses-rankings
31b5cced-f5e3-4ec9-bd7b-cf38b29ad2dd,a6e15215-8601-4f03-b668-897997b1ad09,state,TX,18,Golf Digest,2025,https://www.golfdigest.com/courses/guides/texas-best-golf-courses-rankings
387d2449-2d64-40f3-b717-04d9968401d3,4788fffa-7b58-4ce3-94de-72b43cc8c77c,state,TX,19,Golf Digest,2025,https://www.golfdigest.com/courses/guides/texas-best-golf-courses-rankings
0458f75b-be65-4d7a-b09e-cd61667fbfb4,3191a32c-b043-40b2-b226-0e9e7c0ad657,state,TX,20,Golf Digest,2025,https://www.golfdigest.com/courses/guides/texas-best-golf-courses-rankings
6e410fce-8996-48d1-b407-e735da89c287,320a98ab-9685-4f45-b3ad-8f5bf5a14411,state,TX,21,Golf Digest,2025,https://www.golfdigest.com/courses/guides/texas-best-golf-courses-rankings
53941120-8b42-427f-9176-111498ea59d0,f81b6951-d530-4452-abb0-fb9202d01b5d,state,TX,22,Golf Digest,2025,https://www.golfdigest.com/courses/guides/texas-best-golf-courses-rankings
d91b2f58-5471-48a4-8eaf-3cc1e8d5f745,571e7289-2bf6-457b-9d75-92b02f334336,state,TX,23,Golf Digest,2025,https://www.golfdigest.com/courses/guides/texas-best-golf-courses-rankings
5b3f82c1-05d8-4db1-a67d-e858e6c41f32,31a0b008-520c-435a-a485-6c6520621a52,state,TX,24,Golf Digest,2025,https://www.golfdigest.com/courses/guides/texas-best-golf-courses-rankings
2009d76f-9a04-4ca4-a56b-6c4f61e8a18c,68a4b7ac-4529-4d9b-8dd8-0bbe7cb8e94b,state,TX,25,Golf Digest,2025,https://www.golfdigest.com/courses/guides/texas-best-golf-courses-rankings
4436e6c9-40fa-4b5d-9da4-e9392ee0aa11,31764428-0f7a-4d99-a3b4-0ce67e2cd7bf,state,TX,26,Golf Digest,2025,https://www.golfdigest.com/courses/guides/texas-best-golf-courses-rankings
eb840f70-28d3-4465-be46-bbd7207dae8b,63da5dbe-5aca-4ca9-8082-742651d277d1,state,TX,27,Golf Digest,2025,https://www.golfdigest.com/courses/guides/texas-best-golf-courses-rankings
28dc4e6a-c55b-42aa-a01c-0255895cb577,1a408681-8d39-4128-b406-c48cf1488c8e,state,TX,28,Golf Digest,2025,https://www.golfdigest.com/courses/guides/texas-best-golf-courses-rankings
9e57e261-f38e-4115-bd48-b1478bacec89,e3312688-a8b2-4141-93fc-f70845ff38cd,state,TX,29,Golf Digest,2025,https://www.golfdigest.com/courses/guides/texas-best-golf-courses-rankings
67930cc0-2c98-47bc-addf-ba2844b550a2,0a8f6927-52b8-4cbc-95d0-c51885f1ad92,state,TX,30,Golf Digest,2025,https://www.golfdigest.com/courses/guides/texas-best-golf-courses-rankings
7813fc11-731b-443b-9b7e-c2fc6d7a4c1b,2386060f-d431-41e8-b41c-457f43f824c3,state,TX,31,Golf Digest,2025,https://www.golfdigest.com/courses/guides/texas-best-golf-courses-rankings
974cea59-5321-49a1-bcdb-8778c826ee7a,11739af1-ee35-449b-84c6-2ae14c10bc71,state,TX,32,Golf Digest,2025,https://www.golfdigest.com/courses/guides/texas-best-golf-courses-rankings
858b6160-8284-4d22-96b6-4f3b8c352c8b,b4ef6031-f85d-47e8-ad3c-123600ce21a8,state,TX,33,Golf Digest,2025,https://www.golfdigest.com/courses/guides/texas-best-golf-courses-rankings
9f93f770-fc75-4676-86da-9898dda344e7,5d86172a-1c6f-43ed-965c-603790ef5787,state,TX,34,Golf Digest,2025,https://www.golfdigest.com/courses/guides/texas-best-golf-courses-rankings
20c79031-5691-46a6-93d3-58497ff9b8c1,9788b2f0-a279-41ae-8a39-3c750b7867e3,state,TX,35,Golf Digest,2025,https://www.golfdigest.com/courses/guides/texas-best-golf-courses-rankings
0d8c3feb-b9b9-465f-b536-7e7aabfec129,8f3f6e5d-d8db-42ce-a1b8-065987fc1a87,state,TX,36,Golf Digest,2025,https://www.golfdigest.com/courses/guides/texas-best-golf-courses-rankings
6de8fd20-986d-49db-87fc-8797abb5a56d,5b88636e-39b0-4b08-88d6-f16cf13b7012,state,TX,37,Golf Digest,2025,https://www.golfdigest.com/courses/guides/texas-best-golf-courses-rankings
1a71189d-38c1-44f4-904c-21a8e9ad610a,4b8454c1-1946-4887-9f6c-7f81dbf3cbbd,state,TX,38,Golf Digest,2025,https://www.golfdigest.com/courses/guides/texas-best-golf-courses-rankings
a8d87933-099f-425a-8efc-8df39d098a9a,1ae061cd-2c13-4439-83eb-d42d38abdeb5,state,TX,39,Golf Digest,2025,https://www.golfdigest.com/courses/guides/texas-best-golf-courses-rankings
b21efa87-531d-422b-8364-1ea0d63da3a5,064ad2c1-a2c5-41f1-9295-10f30a22d982,state,TX,40,Golf Digest,2025,https://www.golfdigest.com/courses/guides/texas-best-golf-courses-rankings
a492fed8-9fa1-488f-8803-714a04a524fc,6502e84c-5f87-44bd-9339-64010b8e5578,state,UT,1,Golf Digest,2025,https://www.golfdigest.com/courses/guides/utah-best-golf-courses-rankings
f498bd66-812e-4717-a8cf-705cd2a2c541,aada5324-48eb-4594-9958-c7441a570481,state,UT,2,Golf Digest,2025,https://www.golfdigest.com/courses/guides/utah-best-golf-courses-rankings
032d050c-2069-4a14-bc3e-694aaeb3f1b4,2949499e-7339-46a7-9ead-156f3b579ac9,state,UT,3,Golf Digest,2025,https://www.golfdigest.com/courses/guides/utah-best-golf-courses-rankings
6f835bb9-b1c3-40d6-b2c3-4afec7cb2046,2674b01b-b2d1-48f8-b2f8-ff70daf4b305,state,UT,4,Golf Digest,2025,https://www.golfdigest.com/courses/guides/utah-best-golf-courses-rankings
a5b9bee6-d5b2-41e4-9eec-10c8c6ffd97f,79b0cf45-1cf4-41fe-aa12-9384f3f28c4e,state,UT,5,Golf Digest,2025,https://www.golfdigest.com/courses/guides/utah-best-golf-courses-rankings
87a56ad6-1821-4163-93ec-4e48be66e19a,5252b522-6475-4472-a98d-62ab0788aef9,state,UT,6,Golf Digest,2025,https://www.golfdigest.com/courses/guides/utah-best-golf-courses-rankings
92e567eb-f52c-48a8-8034-30670dc1198c,0d9c116d-8c09-49a9-a7c3-3f0081bf0da8,state,UT,7,Golf Digest,2025,https://www.golfdigest.com/courses/guides/utah-best-golf-courses-rankings
2226634e-eba7-4e62-a70e-788cbb89bf2a,09709798-c1ec-489b-ace3-0f07c453a3c2,state,UT,8,Golf Digest,2025,https://www.golfdigest.com/courses/guides/utah-best-golf-courses-rankings
ca751b46-ddf0-48e8-b1b5-862f00025995,72c68aeb-084a-428d-9900-31b9db075773,state,UT,9,Golf Digest,2025,https://www.golfdigest.com/courses/guides/utah-best-golf-courses-rankings
5b2bb4df-1056-4f10-bd19-27ddf5d4a7f0,66d1a7ee-d263-4b6e-a5a0-d3c9e80b43db,state,UT,10,Golf Digest,2025,https://www.golfdigest.com/courses/guides/utah-best-golf-courses-rankings
f1a34575-e72c-4403-b11a-f1c60ef9e9ed,232aad7b-5fce-4885-b00e-2338f03ecd42,state,UT,11,Golf Digest,2025,https://www.golfdigest.com/courses/guides/utah-best-golf-courses-rankings
7f382142-8680-4579-bb5e-c0138c30f51f,454db3de-de8c-4571-8546-c9da7b9de0f0,state,UT,12,Golf Digest,2025,https://www.golfdigest.com/courses/guides/utah-best-golf-courses-rankings
3f2f80d4-88c4-4f61-92d7-53b0ce5c989a,bf08ac77-4e10-4487-8952-e26add2f795e,state,UT,13,Golf Digest,2025,https://www.golfdigest.com/courses/guides/utah-best-golf-courses-rankings
7532d7b4-c4e0-4e40-a71f-4987a8205e58,041e5cc4-ce8e-43fd-8958-ea207d2ecaa7,state,UT,14,Golf Digest,2025,https://www.golfdigest.com/courses/guides/utah-best-golf-courses-rankings
bbed617d-b185-4bf2-a2a0-0cb5d8cd4bad,64c58674-90c4-4f0d-b5b0-5db43bdaf47c,state,UT,15,Golf Digest,2025,https://www.golfdigest.com/courses/guides/utah-best-golf-courses-rankings
7e07f194-146f-443a-9bab-59fbe80660bd,095c1ec6-d757-4444-89b8-873da489e425,state,UT,16,Golf Digest,2025,https://www.golfdigest.com/courses/guides/utah-best-golf-courses-rankings
72ec7a7d-3afe-4884-a166-3dec29c15684,d2d84b1e-430f-4366-8026-3834dcbeee86,state,VA,1,Golf Digest,2025,https://www.golfdigest.com/courses/guides/virginia-best-golf-courses-rankings
9295806c-7630-4bba-96b1-fde5e3360354,b487162c-c798-4113-9abd-0440a16d0cd1,state,VA,2,Golf Digest,2025,https://www.golfdigest.com/courses/guides/virginia-best-golf-courses-rankings
babfbde0-00a1-4ab9-ace5-5a103365fd3b,59f983af-3e47-4fda-ad77-b2a0f38d0fb5,state,VA,3,Golf Digest,2025,https://www.golfdigest.com/courses/guides/virginia-best-golf-courses-rankings
a0858745-161f-45eb-8c57-381fd9ca1896,656c00ec-2740-41e3-82e1-4a0c0b2ddd1f,state,VA,4,Golf Digest,2025,https://www.golfdigest.com/courses/guides/virginia-best-golf-courses-rankings
9047339f-4123-476f-9dc6-55f2c53b6687,b60d6758-a08b-437d-8ce1-7a9569e061e9,state,VA,5,Golf Digest,2025,https://www.golfdigest.com/courses/guides/virginia-best-golf-courses-rankings
eb127940-8ec4-4e75-8884-bf9669726ac0,14d28952-48e2-4ae2-9ef1-305165d8278c,state,VA,6,Golf Digest,2025,https://www.golfdigest.com/courses/guides/virginia-best-golf-courses-rankings
6b70610f-438e-4e9a-85a2-70cc8d802270,88cbd490-339b-450a-ac80-e5565a1031f8,state,VA,7,Golf Digest,2025,https://www.golfdigest.com/courses/guides/virginia-best-golf-courses-rankings
0ac1a189-3752-4afd-8f2f-5ebed45b7ce8,e3626c54-711c-4ec4-a660-ec8aa90f55c7,state,VA,8,Golf Digest,2025,https://www.golfdigest.com/courses/guides/virginia-best-golf-courses-rankings
ac2b7510-be31-49b3-b6a4-3ce84c4e886c,e471a942-f4a3-4427-b183-ee53169f28d6,state,VA,9,Golf Digest,2025,https://www.golfdigest.com/courses/guides/virginia-best-golf-courses-rankings
5acee177-65f9-4927-a08d-4e6a3c6ae604,8758ec14-8e06-4d44-bcec-3422771a47a0,state,VA,10,Golf Digest,2025,https://www.golfdigest.com/courses/guides/virginia-best-golf-courses-rankings
e6b48874-c3ae-4fdc-a3d6-819ec078a140,7eff13fb-a0a7-498e-9dcd-4ff58584f377,state,VA,11,Golf Digest,2025,https://www.golfdigest.com/courses/guides/virginia-best-golf-courses-rankings
3a51cacd-6338-49f6-ac9c-94d0b292a764,4c215cb0-eabd-45db-a381-0650cdb372af,state,VA,12,Golf Digest,2025,https://www.golfdigest.com/courses/guides/virginia-best-golf-courses-rankings
26c1391c-fa22-457e-bd5f-bb6f6ca116bc,d448bc3c-0173-45c9-9087-47025e98e0b6,state,VA,13,Golf Digest,2025,https://www.golfdigest.com/courses/guides/virginia-best-golf-courses-rankings
806d5cd4-6de5-4aae-bd1c-be73499d73ec,8aaf3515-b5b5-4a85-841d-40cc0f73c8fe,state,VA,14,Golf Digest,2025,https://www.golfdigest.com/courses/guides/virginia-best-golf-courses-rankings
9e6311ed-e6eb-4228-9f0c-f81b79db2214,d2a01106-c171-4f10-a9f8-2bb799af8138,state,VA,15,Golf Digest,2025,https://www.golfdigest.com/courses/guides/virginia-best-golf-courses-rankings
d86b680c-2ea2-43c3-be4f-2ad78c3f2bdf,3aa3a830-6f17-4fb4-a008-1b3d2d9b6e64,state,VA,16,Golf Digest,2025,https://www.golfdigest.com/courses/guides/virginia-best-golf-courses-rankings
eaf9cbb9-7c10-4227-a81b-67776998d9b8,7a5fd4ed-affc-4fc9-ab70-051c99de17b9,state,VA,17,Golf Digest,2025,https://www.golfdigest.com/courses/guides/virginia-best-golf-courses-rankings
bdeb1cc0-7ea4-4785-bfc9-e9a6745bb130,9854556a-dea1-4ef8-b3d5-d904c715decc,state,VA,18,Golf Digest,2025,https://www.golfdigest.com/courses/guides/virginia-best-golf-courses-rankings
4a63fe4a-4611-4366-87b3-01b7033d28f4,2dd39812-1844-423f-946b-2d9d02e5bbba,state,VA,19,Golf Digest,2025,https://www.golfdigest.com/courses/guides/virginia-best-golf-courses-rankings
3fbf5577-b29f-4379-9b33-a84af4d5ddeb,eb76dc48-0fad-473b-9ab4-f3dc40f0d186,state,VA,20,Golf Digest,2025,https://www.golfdigest.com/courses/guides/virginia-best-golf-courses-rankings
13f8fe6a-1d94-4c21-8395-7810132ffea0,a4e78ad3-be87-4d58-b4c8-25c1c2a049da,state,VA,21,Golf Digest,2025,https://www.golfdigest.com/courses/guides/virginia-best-golf-courses-rankings
0f5814d4-de32-4aa2-99e9-9c1ea873c8ad,7bd905da-6969-42cc-b685-c105ed994ac2,state,VA,22,Golf Digest,2025,https://www.golfdigest.com/courses/guides/virginia-best-golf-courses-rankings
8e95f945-9464-4d60-ae40-ca757b0f2c2f,cf03ad4f-34c4-4e3e-8a05-34ef42934e29,state,VA,23,Golf Digest,2025,https://www.golfdigest.com/courses/guides/virginia-best-golf-courses-rankings
302f4968-fe84-4940-b2e0-ebd1297741dd,88924f0f-b6af-44d3-8d60-2466b416c63b,state,VA,24,Golf Digest,2025,https://www.golfdigest.com/courses/guides/virginia-best-golf-courses-rankings
534e93f2-6856-4f82-9502-6fd9fe4b750c,2c11536e-3f0a-4417-b58f-f4bd8d37bc3c,state,VA,25,Golf Digest,2025,https://www.golfdigest.com/courses/guides/virginia-best-golf-courses-rankings
99301875-da14-4522-840c-ae9aab7936eb,c2d44b1d-a45d-4a87-83d5-a14a0aca3c25,state,VT,1,Golf Digest,2025,https://www.golfdigest.com/courses/guides/vermont-best-golf-courses-rankings
83edcf6e-af7e-435a-8748-2989c5b5f3db,02d04d14-729d-47ba-8576-ebb256f51126,state,VT,2,Golf Digest,2025,https://www.golfdigest.com/courses/guides/vermont-best-golf-courses-rankings
e525463d-87b8-4525-894b-9013817b1f6c,1314271f-dfbb-4a68-b82a-adc0a83ebb34,state,VT,3,Golf Digest,2025,https://www.golfdigest.com/courses/guides/vermont-best-golf-courses-rankings
95fc6bf7-49a5-4a07-adf3-f5599c082ec1,575cf4bd-953f-42ce-b93a-3ab0a1285d10,state,VT,4,Golf Digest,2025,https://www.golfdigest.com/courses/guides/vermont-best-golf-courses-rankings
662bb0c9-4c8f-414f-8d7d-32b23078a331,658fb064-696b-47d8-8ecb-88f7ca003e45,state,VT,5,Golf Digest,2025,https://www.golfdigest.com/courses/guides/vermont-best-golf-courses-rankings
b0b03277-9017-4b54-b67a-1c620d052187,d76e26ad-0105-4ee5-9966-2690f4810277,state,WA,1,Golf Digest,2025,https://www.golfdigest.com/courses/guides/washington-best-golf-courses-rankings
aafc5ec4-9338-4a9c-9e04-dc190ea21651,7eb8284a-b9d8-451f-9600-a5e59e1a362f,state,WA,2,Golf Digest,2025,https://www.golfdigest.com/courses/guides/washington-best-golf-courses-rankings
a21b44ba-a127-4e1d-b0b1-033b60404c3b,2de2d519-345f-410f-839b-dcfb79781969,state,WA,3,Golf Digest,2025,https://www.golfdigest.com/courses/guides/washington-best-golf-courses-rankings
cdaac2df-5e44-4812-b20d-7df7923eb171,570bd813-b02c-42db-9fac-6d3550dada58,state,WA,4,Golf Digest,2025,https://www.golfdigest.com/courses/guides/washington-best-golf-courses-rankings
a2bc194c-60d2-4ff1-aca9-64fdf4bf3705,f76f5ad7-3159-456f-aae4-4adcc1e5e67a,state,WA,5,Golf Digest,2025,https://www.golfdigest.com/courses/guides/washington-best-golf-courses-rankings
fdf5dbbb-365d-4317-8a9a-f3c0b47b3bb3,15ce9628-7884-4a4c-bbf1-59a3c326167e,state,WA,6,Golf Digest,2025,https://www.golfdigest.com/courses/guides/washington-best-golf-courses-rankings
691a50db-d58d-4f14-b1ef-8952da2fb6c8,2c9494b4-4757-4bd3-a38f-93ae55fd9630,state,WA,7,Golf Digest,2025,https://www.golfdigest.com/courses/guides/washington-best-golf-courses-rankings
bfbc9d35-a3e8-486c-8372-0a2da05a3059,2e12be86-be83-4c32-9c21-d097152b24f5,state,WA,8,Golf Digest,2025,https://www.golfdigest.com/courses/guides/washington-best-golf-courses-rankings
13b0fd1d-1377-4d53-be0e-a9a971cd0069,1c4470d6-a560-498c-b16d-1ddcf35b6eaf,state,WA,9,Golf Digest,2025,https://www.golfdigest.com/courses/guides/washington-best-golf-courses-rankings
5994361d-6e03-444b-b92d-3dcf55bb192d,2a1f42e2-7297-4785-89fa-5f77c8b0470d,state,WA,10,Golf Digest,2025,https://www.golfdigest.com/courses/guides/washington-best-golf-courses-rankings
b65bdffe-5b8c-45bf-89be-c7d1ed4dcace,b10fff24-f8c8-4203-a35e-35c615c4a370,state,WA,11,Golf Digest,2025,https://www.golfdigest.com/courses/guides/washington-best-golf-courses-rankings
2201617c-153b-4f88-b258-98cd14d2afe9,f02ffd17-734e-442e-aedf-cc208511bc44,state,WA,12,Golf Digest,2025,https://www.golfdigest.com/courses/guides/washington-best-golf-courses-rankings
9d7e5839-fd13-4435-9960-2ac55eaa120c,964f59c2-5a8e-4ce4-bf46-29c6563f4604,state,WA,13,Golf Digest,2025,https://www.golfdigest.com/courses/guides/washington-best-golf-courses-rankings
7ed9e885-248e-4fea-8ba7-6f0666dd032c,39f26893-891f-483c-b27b-39ee5d5da66d,state,WA,14,Golf Digest,2025,https://www.golfdigest.com/courses/guides/washington-best-golf-courses-rankings
8641e97f-e953-40ec-a132-e7e044c363d6,714e1c23-4cbb-490c-acfa-adbf4a027b7a,state,WA,15,Golf Digest,2025,https://www.golfdigest.com/courses/guides/washington-best-golf-courses-rankings
39599dc5-bb7d-4a6a-bdc9-d861250416bc,e09f0afe-ba5a-4b05-8214-d42e1195b91f,state,WI,1,Golf Digest,2025,https://www.golfdigest.com/courses/guides/wisconsin-best-golf-courses-rankings
42b54805-159d-417c-98d2-c266dc162879,1973fb27-4612-4c35-9b2a-a64dcba1f82a,state,WI,2,Golf Digest,2025,https://www.golfdigest.com/courses/guides/wisconsin-best-golf-courses-rankings
6dea8af6-c76b-4158-828b-77f49ae96d2f,470d1a31-a1a2-4b6f-916f-7cd660a12a7f,state,WI,3,Golf Digest,2025,https://www.golfdigest.com/courses/guides/wisconsin-best-golf-courses-rankings
ba62632a-481e-4655-8a04-8528ff0a70f8,9e2b8679-6aa6-442e-b5e9-5925d643faa8,state,WI,4,Golf Digest,2025,https://www.golfdigest.com/courses/guides/wisconsin-best-golf-courses-rankings
71c88d17-3f1a-4334-b2eb-db63eceb0fe3,340c503e-38a2-4586-bfcc-3a5d9a055644,state,WI,5,Golf Digest,2025,https://www.golfdigest.com/courses/guides/wisconsin-best-golf-courses-rankings
868c4647-9d8d-40b5-b108-967738f94f59,e51dd251-97d8-4173-8a17-257ddf2da627,state,WI,6,Golf Digest,2025,https://www.golfdigest.com/courses/guides/wisconsin-best-golf-courses-rankings
db9909eb-9dc1-4088-bcab-f71a9c29b4a7,70a1b7ae-4138-43bf-9816-31e509b19da9,state,WI,7,Golf Digest,2025,https://www.golfdigest.com/courses/guides/wisconsin-best-golf-courses-rankings
448181ad-4e14-4f92-99e0-cd0ff4feba87,695ddcb0-7534-437e-af8b-6d8df25396d9,state,WI,8,Golf Digest,2025,https://www.golfdigest.com/courses/guides/wisconsin-best-golf-courses-rankings
bb2510a3-eefb-49f0-979c-c846f1cf95d9,ea661250-4578-441a-b9ae-c16c9612f584,state,WI,9,Golf Digest,2025,https://www.golfdigest.com/courses/guides/wisconsin-best-golf-courses-rankings
f9170378-085f-478c-8e87-93de145507f3,3f1b30cb-f768-4895-930a-7f8537008185,state,WI,10,Golf Digest,2025,https://www.golfdigest.com/courses/guides/wisconsin-best-golf-courses-rankings
1c889028-bb3b-4787-9892-69aa60eb0b80,6d9917a9-46bb-42c3-9722-1342ee69f989,state,WI,11,Golf Digest,2025,https://www.golfdigest.com/courses/guides/wisconsin-best-golf-courses-rankings
1129e490-6d9c-435d-b944-d0ade9ee7ec8,2dc9c304-bfb8-41fb-9ce8-799b20c22508,state,WI,12,Golf Digest,2025,https://www.golfdigest.com/courses/guides/wisconsin-best-golf-courses-rankings
09e317e6-1a72-4105-b226-e0a5774311be,02794d64-77c7-4124-997a-a70f811a9cc8,state,WI,13,Golf Digest,2025,https://www.golfdigest.com/courses/guides/wisconsin-best-golf-courses-rankings
26d68e3c-fa8a-46f7-b9b1-deafcd45c0c3,91d5b27a-8929-4263-b7e5-23cee506ae86,state,WI,14,Golf Digest,2025,https://www.golfdigest.com/courses/guides/wisconsin-best-golf-courses-rankings
48ced723-b2bc-4272-8934-131be26f866f,0cb20345-ad11-4a09-95ce-8173ac26c00c,state,WI,15,Golf Digest,2025,https://www.golfdigest.com/courses/guides/wisconsin-best-golf-courses-rankings
85e94305-7013-46cb-97f8-60e61ccadb99,c192606e-606e-4769-8362-9c9eaf931a88,state,WI,16,Golf Digest,2025,https://www.golfdigest.com/courses/guides/wisconsin-best-golf-courses-rankings
b57f037e-e64a-4c5c-9255-f813d8c552d9,81ad059c-3023-435d-b1dd-204f836eb9d0,state,WI,17,Golf Digest,2025,https://www.golfdigest.com/courses/guides/wisconsin-best-golf-courses-rankings
c893e0d0-60d0-4a15-a5a2-ee9d7469be1f,837045d9-56f3-4dc9-bf80-54114191979d,state,WI,18,Golf Digest,2025,https://www.golfdigest.com/courses/guides/wisconsin-best-golf-courses-rankings
290e8b72-ea01-4662-8ea9-e426ece39720,54837ed4-c85f-414a-856e-ed0a46d0b588,state,WI,19,Golf Digest,2025,https://www.golfdigest.com/courses/guides/wisconsin-best-golf-courses-rankings
502dc023-0c6b-4183-99cd-84088a52eeac,58083873-f407-4acd-8efa-49b019638255,state,WI,20,Golf Digest,2025,https://www.golfdigest.com/courses/guides/wisconsin-best-golf-courses-rankings
b29bf189-57b1-4358-b68d-1681760bf8c4,625e80c0-466b-46c6-9ab6-582c52d9dd4c,state,WI,21,Golf Digest,2025,https://www.golfdigest.com/courses/guides/wisconsin-best-golf-courses-rankings
70770ff5-0b21-499d-9d93-047d98575bee,cb36c9d4-c68b-42e4-a8e0-3d393322e0e7,state,WI,22,Golf Digest,2025,https://www.golfdigest.com/courses/guides/wisconsin-best-golf-courses-rankings
645e3b79-3636-4cd7-957b-086e6813329c,b149e941-9003-4e4a-91ef-68e0c636dba6,state,WI,23,Golf Digest,2025,https://www.golfdigest.com/courses/guides/wisconsin-best-golf-courses-rankings
f3868942-f31d-4e78-bb8b-d1996c353d0c,f14f58b2-4c75-49ed-8452-d2ed0e0bbad5,state,WI,24,Golf Digest,2025,https://www.golfdigest.com/courses/guides/wisconsin-best-golf-courses-rankings
5a0b44f8-00cc-4911-83d9-b8b8418aa6e7,564eba8f-c2e8-420a-83cd-ac8d0c671dfe,state,WI,25,Golf Digest,2025,https://www.golfdigest.com/courses/guides/wisconsin-best-golf-courses-rankings
ed168100-42b9-4535-8e93-1a5e0bb09fd2,e39ebfd5-b4bf-4a78-b1c1-39ac7f0b2703,state,WV,1,Golf Digest,2025,https://www.golfdigest.com/courses/guides/west-virginia-best-golf-courses-rankings
c4137bf7-d24b-46db-96cd-e85f2f9d586c,34102f0f-1daa-44b1-aebb-54ec38cf899c,state,WV,2,Golf Digest,2025,https://www.golfdigest.com/courses/guides/west-virginia-best-golf-courses-rankings
991c68b3-3278-4a06-b021-9e021d8a9503,9f851fdc-9d92-49bf-8424-8feff1da1630,state,WV,3,Golf Digest,2025,https://www.golfdigest.com/courses/guides/west-virginia-best-golf-courses-rankings
8258c5c5-0868-45c0-b8c7-53a34d2aa24c,a943ae68-70ef-45f5-a0e7-d792e1dd2d17,state,WV,4,Golf Digest,2025,https://www.golfdigest.com/courses/guides/west-virginia-best-golf-courses-rankings
be225e2a-2d01-4e8b-ba39-b309e16e6b4f,aeca888d-5c4d-46c3-b718-9d9285d3573c,state,WV,5,Golf Digest,2025,https://www.golfdigest.com/courses/guides/west-virginia-best-golf-courses-rankings
4b5e472e-d880-4647-a9ac-a0ad45dc7f18,596c4be6-a905-4551-9fa3-1c6225381544,state,WV,6,Golf Digest,2025,https://www.golfdigest.com/courses/guides/west-virginia-best-golf-courses-rankings
9692ecca-15d8-4181-9d9d-0f3336f268c5,cb4bab7d-ff2c-4b47-ad7d-f5c875b094cf,state,WV,7,Golf Digest,2025,https://www.golfdigest.com/courses/guides/west-virginia-best-golf-courses-rankings
ac69a162-9fcf-4d76-8f10-833034910b00,675168ae-10f9-405e-85d6-dcce45dc76e3,state,WV,8,Golf Digest,2025,https://www.golfdigest.com/courses/guides/west-virginia-best-golf-courses-rankings
e9df4f09-f2a2-44c5-a05e-3273748f7a25,157b8ee7-578c-4a1a-8e20-f9a2d5f07572,state,WV,9,Golf Digest,2025,https://www.golfdigest.com/courses/guides/west-virginia-best-golf-courses-rankings
8c7a3438-1584-4441-a2ec-41d23eb6ee72,b6fa0609-7d07-49e8-a1b4-1c454e38981f,state,WV,10,Golf Digest,2025,https://www.golfdigest.com/courses/guides/west-virginia-best-golf-courses-rankings
20f8d0a7-23cf-497f-9a1d-370e88bf980f,c39bc937-9250-426d-9bfc-caa75cc0c0d2,usa,USA,1,Golf Digest,2025,https://www.golfdigest.com/story/americas-100-greatest-golf-courses-ranking
fb7b4d4b-92b8-468e-a6da-e2a9e1acd23e,a3a9ca55-5b59-45b2-9e88-397e1fa1dc97,usa,USA,2,Golf Digest,2025,https://www.golfdigest.com/story/americas-100-greatest-golf-courses-ranking
d0e4009d-6245-4066-b7c6-b714d48bf0a8,2d09ffa8-9f36-48fc-a984-90f392b2eb80,usa,USA,3,Golf Digest,2025,https://www.golfdigest.com/story/americas-100-greatest-golf-courses-ranking
7c9545e6-0305-4431-8b31-a94f10afec3a,a2c28597-2105-4fd3-9ff4-dc11cced930a,usa,USA,4,Golf Digest,2025,https://www.golfdigest.com/story/americas-100-greatest-golf-courses-ranking
a94f2d07-e675-4203-a344-9905462c83bd,9fbe7632-c43a-4612-87d9-e4ac2c975b57,usa,USA,5,Golf Digest,2025,https://www.golfdigest.com/story/americas-100-greatest-golf-courses-ranking
a6725f21-fc47-4fe8-a112-098dc7e2fe72,2e383ceb-d99d-40df-9f82-d2ee3756d262,usa,USA,6,Golf Digest,2025,https://www.golfdigest.com/story/americas-100-greatest-golf-courses-ranking
949250ab-3bfc-43d6-a5fb-6f04ce801dd2,9e7ddf6b-8685-4f13-9da1-4eaef88f0234,usa,USA,7,Golf Digest,2025,https://www.golfdigest.com/story/americas-100-greatest-golf-courses-ranking
0892df4b-aee0-4902-bdf0-957c3a29f168,42fbe050-ef71-42ca-a89b-145325624d4d,usa,USA,8,Golf Digest,2025,https://www.golfdigest.com/story/americas-100-greatest-golf-courses-ranking
3798e936-d92b-4f80-a516-97d21fe9d394,1abc5e16-63b6-47a7-9cbf-92c3091fab70,usa,USA,9,Golf Digest,2025,https://www.golfdigest.com/story/americas-100-greatest-golf-courses-ranking
7508165c-b939-4f97-911b-067214fe8062,365cf78d-8ce7-406c-a91a-447a60ce4363,usa,USA,10,Golf Digest,2025,https://www.golfdigest.com/story/americas-100-greatest-golf-courses-ranking
7fc31577-6dff-4b09-be10-65e7d85d4a78,3d03e70a-a4c9-4a6b-8484-e2daf2c4686a,usa,USA,11,Golf Digest,2025,https://www.golfdigest.com/story/americas-100-greatest-golf-courses-ranking
cf73d337-23c6-451a-ba40-519c8acd2745,01dff83c-fe59-490b-ab79-3693b3f5d37c,usa,USA,12,Golf Digest,2025,https://www.golfdigest.com/story/americas-100-greatest-golf-courses-ranking
99150247-befa-4086-8213-981ff81c98b0,0004a482-9636-4602-9132-08a94513d6ec,usa,USA,13,Golf Digest,2025,https://www.golfdigest.com/story/americas-100-greatest-golf-courses-ranking
a90428b5-5cdd-4356-a390-70de48f3cf9c,debec220-0bec-402a-99d0-266feb60982c,usa,USA,14,Golf Digest,2025,https://www.golfdigest.com/story/americas-100-greatest-golf-courses-ranking
00cd87c9-3750-4fcb-aabe-f4701ed4bae5,9f5f1ade-93bf-4a8c-8cf9-4a384345a653,usa,USA,15,Golf Digest,2025,https://www.golfdigest.com/story/americas-100-greatest-golf-courses-ranking
c967fcbd-0690-4afc-a3ad-73f5f256614e,4b401c17-a33b-40d6-aa67-f14e86281d31,usa,USA,16,Golf Digest,2025,https://www.golfdigest.com/story/americas-100-greatest-golf-courses-ranking
69b077d4-7948-45ab-b8d9-65c33ea8da56,f2ab0b8b-955f-4d9e-91fc-4928c6818fb9,usa,USA,17,Golf Digest,2025,https://www.golfdigest.com/story/americas-100-greatest-golf-courses-ranking
b45bb0fa-8ca0-4ebc-bc3c-f47b3a6ffb95,a581e4f8-5c2d-4458-96ae-aaa381624813,usa,USA,18,Golf Digest,2025,https://www.golfdigest.com/story/americas-100-greatest-golf-courses-ranking
f0d0cb1b-7516-45bb-879a-4552f98da60e,82965b3c-13eb-4c58-a815-f50be2406b0f,usa,USA,19,Golf Digest,2025,https://www.golfdigest.com/story/americas-100-greatest-golf-courses-ranking
5dea7794-4168-498e-b292-1bbdd8becb68,68c68d6a-c4a4-4d21-a35d-9b00d075d612,usa,USA,20,Golf Digest,2025,https://www.golfdigest.com/story/americas-100-greatest-golf-courses-ranking
bf4152db-1972-446c-b956-ac2ac4577ab1,3cd4dc48-7cfe-4dc2-b82c-ee4b503b0a08,usa,USA,21,Golf Digest,2025,https://www.golfdigest.com/story/americas-100-greatest-golf-courses-ranking
b2c95920-e4d6-4e70-bcba-5c5cfc6764ff,6c262f35-f917-4b53-b22b-34c568f8ac64,usa,USA,22,Golf Digest,2025,https://www.golfdigest.com/story/americas-100-greatest-golf-courses-ranking
56386cd1-ec2c-443d-8e0a-b2af04bd4718,77dea08f-283d-405b-8d87-dd4adce2f797,usa,USA,23,Golf Digest,2025,https://www.golfdigest.com/story/americas-100-greatest-golf-courses-ranking
6c27689d-0a21-4102-8e7d-f84412004e98,52ac067d-f602-4e65-890b-d67c32ab2696,usa,USA,24,Golf Digest,2025,https://www.golfdigest.com/story/americas-100-greatest-golf-courses-ranking
454e4389-0542-4526-a47e-e96684c05a3d,f22aa995-960d-4f85-9e18-34975cccc8ac,usa,USA,25,Golf Digest,2025,https://www.golfdigest.com/story/americas-100-greatest-golf-courses-ranking
afe236e5-6bda-4d11-a5b5-e8d2d58722a2,e09f0afe-ba5a-4b05-8214-d42e1195b91f,usa,USA,26,Golf Digest,2025,https://www.golfdigest.com/story/americas-100-greatest-golf-courses-ranking
1f60d3cd-2cf1-465e-ab7e-f3782e68930f,d6483792-bcca-4e70-a598-c86c9b843c51,usa,USA,27,Golf Digest,2025,https://www.golfdigest.com/story/americas-100-greatest-golf-courses-ranking
7218610d-944d-40e4-a665-1d3417d30b6e,6fc2d514-9e51-4d57-84f6-8d3a0e95ed9d,usa,USA,28,Golf Digest,2025,https://www.golfdigest.com/story/americas-100-greatest-golf-courses-ranking
fbd7bbfa-f7e7-4ba4-9d72-725c972a707e,b63498ed-0301-41e7-b231-366769804eb3,usa,USA,29,Golf Digest,2025,https://www.golfdigest.com/story/americas-100-greatest-golf-courses-ranking
8a821345-3ef9-43d0-9c12-dddba84f817a,d6937dc0-0adf-4ead-834e-b4f78cbd337c,usa,USA,30,Golf Digest,2025,https://www.golfdigest.com/story/americas-100-greatest-golf-courses-ranking
48b76f4e-9e1f-4e18-97fa-9d2d495d4b83,e39ebfd5-b4bf-4a78-b1c1-39ac7f0b2703,usa,USA,31,Golf Digest,2025,https://www.golfdigest.com/story/americas-100-greatest-golf-courses-ranking
04f13945-15f1-4d49-a766-4137349104d8,70fb1441-1455-46f1-a2bc-cc4bb68243a8,usa,USA,32,Golf Digest,2025,https://www.golfdigest.com/story/americas-100-greatest-golf-courses-ranking
bbcc9132-dec4-4ed5-910e-7bd32ec9e68d,263eb183-1f1c-4afc-8979-2a286a6e61f6,usa,USA,33,Golf Digest,2025,https://www.golfdigest.com/story/americas-100-greatest-golf-courses-ranking
c7ccae66-0e28-49ca-82cb-c777d11bb5e3,4f9d15c7-2f47-4597-8120-5a4ac09dd017,usa,USA,34,Golf Digest,2025,https://www.golfdigest.com/story/americas-100-greatest-golf-courses-ranking
ed7f7310-4bb5-4d3c-9714-793acb5d3e3c,04e7cfc0-0490-40b4-a19a-4056dc33540b,usa,USA,35,Golf Digest,2025,https://www.golfdigest.com/story/americas-100-greatest-golf-courses-ranking
80406f10-ed3a-46fe-bd9c-9d91d5938cad,cde28b5e-09ab-4a17-8bef-288319da35bb,usa,USA,36,Golf Digest,2025,https://www.golfdigest.com/story/americas-100-greatest-golf-courses-ranking
cbaf3bfd-ecaa-4dd4-b47e-0b6b96357ae4,8889d172-2e60-419d-bb83-e4a40b554038,usa,USA,37,Golf Digest,2025,https://www.golfdigest.com/story/americas-100-greatest-golf-courses-ranking
d68ba2e2-c748-4713-8539-4c3f907eddf7,07301426-1dca-4708-b8bc-f679ac18f73e,usa,USA,38,Golf Digest,2025,https://www.golfdigest.com/story/americas-100-greatest-golf-courses-ranking
7867b9eb-7930-4157-8ebe-089057884a15,31b40e73-750e-47b0-882e-e80e24be6418,usa,USA,39,Golf Digest,2025,https://www.golfdigest.com/story/americas-100-greatest-golf-courses-ranking
679c3dc8-b51e-4597-a1d5-8c1a8c0c9d7c,ee8aa084-ddb1-433f-a70b-2c1f4d5c08b6,usa,USA,40,Golf Digest,2025,https://www.golfdigest.com/story/americas-100-greatest-golf-courses-ranking
6096146a-7896-4af0-91c4-542e1c8eab6d,ecfc009a-52d4-45fc-86ab-7ec08b8fb53d,usa,USA,41,Golf Digest,2025,https://www.golfdigest.com/story/americas-100-greatest-golf-courses-ranking
a7c9934f-d3b0-4b6e-9d17-23459f298193,202a0ad6-c66d-4541-8356-b8dd3cc48d31,usa,USA,42,Golf Digest,2025,https://www.golfdigest.com/story/americas-100-greatest-golf-courses-ranking
a484c9aa-8798-49bf-9eb6-23f5b1eaf80e,afe5554a-f0dd-4bc9-9da3-ab25c01416a2,usa,USA,43,Golf Digest,2025,https://www.golfdigest.com/story/americas-100-greatest-golf-courses-ranking
2a92ee15-dbd1-43e7-bb05-b5b252e27f87,62006e67-161e-4be0-b958-2409c55f9388,usa,USA,44,Golf Digest,2025,https://www.golfdigest.com/story/americas-100-greatest-golf-courses-ranking
01cddfed-dd6e-4f0d-bfb7-409182006b90,794dad39-54b6-460b-9dfb-efccd76abc96,usa,USA,45,Golf Digest,2025,https://www.golfdigest.com/story/americas-100-greatest-golf-courses-ranking
3b810d02-cc29-4668-bae1-801a0414f5e0,74f5a95f-66de-4efd-93f5-03966637f7f4,usa,USA,46,Golf Digest,2025,https://www.golfdigest.com/story/americas-100-greatest-golf-courses-ranking
41dd1fd9-5262-42bf-ac60-a4e4ac705c52,810ae28f-c8d5-478f-b14f-724571f19ff8,usa,USA,47,Golf Digest,2025,https://www.golfdigest.com/story/americas-100-greatest-golf-courses-ranking
057f11f0-69e5-49d5-a05e-a90f8a270139,36178b32-c05f-46c0-8260-07e92fe18446,usa,USA,48,Golf Digest,2025,https://www.golfdigest.com/story/americas-100-greatest-golf-courses-ranking
f8259cfe-ea2b-43ce-9450-44163b35c0b9,1973fb27-4612-4c35-9b2a-a64dcba1f82a,usa,USA,49,Golf Digest,2025,https://www.golfdigest.com/story/americas-100-greatest-golf-courses-ranking
4ae5e63f-db55-4f67-9ff0-085b503d6a88,a0c1da7b-6f0d-42cf-9a15-c03b533789a4,usa,USA,50,Golf Digest,2025,https://www.golfdigest.com/story/americas-100-greatest-golf-courses-ranking
6e51c523-9ca3-43ba-9d81-8ffbb4432558,fdcc35e4-1286-4f5b-a7e4-bba0fc5b669c,usa,USA,51,Golf Digest,2025,https://www.golfdigest.com/story/americas-100-greatest-golf-courses-ranking
43e522b8-68dc-4c1a-a95e-b1ead0c2ec8d,f659f34a-9750-4ba4-a37f-cd9147bab77a,usa,USA,52,Golf Digest,2025,https://www.golfdigest.com/story/americas-100-greatest-golf-courses-ranking
8d9a8953-17c6-47a5-9593-2fe75fb2e63f,acf7b709-961f-453f-983d-6f8ab561b32e,usa,USA,53,Golf Digest,2025,https://www.golfdigest.com/story/americas-100-greatest-golf-courses-ranking
2fd72fe1-c3fb-44f5-b60e-0fb5cded6828,77f5df1d-5d42-4e06-a43e-4c2872835dc9,usa,USA,54,Golf Digest,2025,https://www.golfdigest.com/story/americas-100-greatest-golf-courses-ranking
66c9e9a8-987e-4d03-baee-9dba1cbb6543,c6b8a61d-30c2-457c-bd03-68a9cdff930e,usa,USA,55,Golf Digest,2025,https://www.golfdigest.com/story/americas-100-greatest-golf-courses-ranking
a8f17f6b-eef3-4f10-98d6-91bbe8d436d6,10a94c3c-f72a-482e-b474-fa943fe56c51,usa,USA,56,Golf Digest,2025,https://www.golfdigest.com/story/americas-100-greatest-golf-courses-ranking
58fe4328-6eba-4ae8-9f31-f18449644e7f,66bcb6cc-0d4c-46df-a303-18e1b3120d3a,usa,USA,57,Golf Digest,2025,https://www.golfdigest.com/story/americas-100-greatest-golf-courses-ranking
c094ceb2-e6a1-46d1-a70e-4262a99df6a2,f8289715-14ab-42d3-8cd7-1e551e89262d,usa,USA,58,Golf Digest,2025,https://www.golfdigest.com/story/americas-100-greatest-golf-courses-ranking
ec0656d4-da7b-440d-add3-2ae54e9fcccd,1ae035ca-dd4d-4e9e-b630-d343901a1943,usa,USA,59,Golf Digest,2025,https://www.golfdigest.com/story/americas-100-greatest-golf-courses-ranking
d956c7b4-41ec-4f21-8590-066aa9ed9902,f55e9043-e4e3-409a-b7e2-2293ad3090da,usa,USA,60,Golf Digest,2025,https://www.golfdigest.com/story/americas-100-greatest-golf-courses-ranking
ebe262c8-4e3c-4975-9d5f-e2483e4e0911,76255922-7cea-4771-b2dd-edd8c23ccd58,usa,USA,61,Golf Digest,2025,https://www.golfdigest.com/story/americas-100-greatest-golf-courses-ranking
bfb442d0-fb4e-4172-ad96-28749b88adbe,03308a33-603e-4d34-8015-643c6476d802,usa,USA,62,Golf Digest,2025,https://www.golfdigest.com/story/americas-100-greatest-golf-courses-ranking
77042ea6-dd0f-4d09-90cf-7e9f7c5f8023,83173464-6e63-43ce-9c63-d611c003b2fb,usa,USA,63,Golf Digest,2025,https://www.golfdigest.com/story/americas-100-greatest-golf-courses-ranking
a38e236b-be8a-4411-9ae4-3e986427c0a7,2a73a848-031d-4b7c-bf29-20fc33875537,usa,USA,64,Golf Digest,2025,https://www.golfdigest.com/story/americas-100-greatest-golf-courses-ranking
326b5e56-8ca2-4f43-8945-649b073b9e6b,7bdd4f59-6782-443b-9316-d7cd615104ab,usa,USA,65,Golf Digest,2025,https://www.golfdigest.com/story/americas-100-greatest-golf-courses-ranking
e0ae392f-e846-4757-bf97-b5525e206b64,70685b36-f6a2-49e9-843f-b4705b006019,usa,USA,66,Golf Digest,2025,https://www.golfdigest.com/story/americas-100-greatest-golf-courses-ranking
367b01ec-f1a3-4c58-8659-fa1e6ee3a371,3b8b3cee-190b-47ea-9bed-178cd6dbb44c,usa,USA,67,Golf Digest,2025,https://www.golfdigest.com/story/americas-100-greatest-golf-courses-ranking
a87368e8-1536-421e-a0bf-3c9dd3ee983e,eab94505-356e-444d-8c10-9db68532c83a,usa,USA,68,Golf Digest,2025,https://www.golfdigest.com/story/americas-100-greatest-golf-courses-ranking
2f57f3c5-298e-41ae-afca-c44a19fd6013,4fe70e40-c3c7-42f7-b7e4-82edb5229772,usa,USA,69,Golf Digest,2025,https://www.golfdigest.com/story/americas-100-greatest-golf-courses-ranking
dd9f561c-ab0c-4659-9568-6e9d46f1a923,4c855835-3a57-4be6-86eb-208d284f09b9,usa,USA,70,Golf Digest,2025,https://www.golfdigest.com/story/americas-100-greatest-golf-courses-ranking
9ad68b84-7f7c-4303-b255-4a3dd6c1b2a5,21f28b9b-66eb-4787-92e5-ccc66fff42f8,usa,USA,71,Golf Digest,2025,https://www.golfdigest.com/story/americas-100-greatest-golf-courses-ranking
f02d3d25-f61c-48bf-ab3b-3e2cd1ba41da,c43400fd-5286-4f19-ae8f-56160cafbf05,usa,USA,72,Golf Digest,2025,https://www.golfdigest.com/story/americas-100-greatest-golf-courses-ranking
5f49972c-b24b-4d59-bfee-09372192347f,f3135cfd-9ada-4458-865c-8e18a14d3d6e,usa,USA,73,Golf Digest,2025,https://www.golfdigest.com/story/americas-100-greatest-golf-courses-ranking
b9b637fd-1f8e-439b-baac-6d2ebeac2313,2c628494-306d-4d47-ab6b-e2871d203f9f,usa,USA,74,Golf Digest,2025,https://www.golfdigest.com/story/americas-100-greatest-golf-courses-ranking
397a28f3-8e51-46f7-bfef-ad4f989fa5e4,100c9b3e-fe29-44f2-a33a-bf8e76f03b0a,usa,USA,75,Golf Digest,2025,https://www.golfdigest.com/story/americas-100-greatest-golf-courses-ranking
f15e25e5-d586-48e4-acc6-4f63bb9c7dfe,b30a083e-a15b-4d6e-8adc-092eb538297e,usa,USA,76,Golf Digest,2025,https://www.golfdigest.com/story/americas-100-greatest-golf-courses-ranking
e8415b4b-29ff-4ebd-9115-28fabe87dfa1,e6add876-93fe-4fc4-966c-3cc93a337287,usa,USA,77,Golf Digest,2025,https://www.golfdigest.com/story/americas-100-greatest-golf-courses-ranking
2c33d75a-2d93-4fc1-a78d-2eb35824ec1d,1857effd-371a-4640-a942-d50b2d2ebe34,usa,USA,78,Golf Digest,2025,https://www.golfdigest.com/story/americas-100-greatest-golf-courses-ranking
cc9f7264-5ec8-42b5-a3b2-5d56620b28dd,d2d84b1e-430f-4366-8026-3834dcbeee86,usa,USA,79,Golf Digest,2025,https://www.golfdigest.com/story/americas-100-greatest-golf-courses-ranking
2ef283a1-62bf-4d59-9e20-54792aad3a41,c6676d42-c92c-4355-b312-e3acad07f579,usa,USA,80,Golf Digest,2025,https://www.golfdigest.com/story/americas-100-greatest-golf-courses-ranking
cdf975d6-7d54-41c4-85cc-a2b82fb8b01d,6c89e930-0544-43b1-8bf5-a3f69f6a5552,usa,USA,81,Golf Digest,2025,https://www.golfdigest.com/story/americas-100-greatest-golf-courses-ranking
06ff7818-9871-460b-9080-4c8befc2ddf1,e868f574-9a0e-4929-bba8-60bb137a7b86,usa,USA,82,Golf Digest,2025,https://www.golfdigest.com/story/americas-100-greatest-golf-courses-ranking
cbf9f424-918c-4b45-83e0-0918ff2a46ad,e0b89c98-99eb-4e05-97ce-979a3b86ef04,usa,USA,83,Golf Digest,2025,https://www.golfdigest.com/story/americas-100-greatest-golf-courses-ranking
3952b5b6-187b-4269-89e1-479e107193c2,0c808d59-7252-43ef-8f33-eb140e3302a1,usa,USA,84,Golf Digest,2025,https://www.golfdigest.com/story/americas-100-greatest-golf-courses-ranking
b5113e52-9fcd-432f-931b-4e87a302a519,3886d28b-94a3-4e75-988d-ca3cb2e34202,usa,USA,85,Golf Digest,2025,https://www.golfdigest.com/story/americas-100-greatest-golf-courses-ranking
2f68f418-f88f-4917-a356-851808114304,497c73d1-e530-4938-bfac-b5c4029b8f1b,usa,USA,86,Golf Digest,2025,https://www.golfdigest.com/story/americas-100-greatest-golf-courses-ranking
766fd682-a030-4326-957f-88390a39646f,0727a9ac-6fa2-4ac2-ae97-c948f3fb335a,usa,USA,87,Golf Digest,2025,https://www.golfdigest.com/story/americas-100-greatest-golf-courses-ranking
67566135-5eeb-4d09-be0a-6e1bc840e9d9,e4005f8c-3e87-4dc5-9983-0b5591d4a10f,usa,USA,88,Golf Digest,2025,https://www.golfdigest.com/story/americas-100-greatest-golf-courses-ranking
c80d73b2-21c0-4346-aab0-9a113e8504aa,796e798a-3333-41fe-ae10-3c7ecb1d5983,usa,USA,89,Golf Digest,2025,https://www.golfdigest.com/story/americas-100-greatest-golf-courses-ranking
3fb00215-7dde-46cd-95e5-b8327379f6ac,98b1c7ff-e979-4667-81f4-f3fcb1734ca5,usa,USA,90,Golf Digest,2025,https://www.golfdigest.com/story/americas-100-greatest-golf-courses-ranking
7a78f016-6df7-4444-8d33-dd1e13414b5a,73b7970c-d8e4-476c-bf9c-abc59a8727a6,usa,USA,91,Golf Digest,2025,https://www.golfdigest.com/story/americas-100-greatest-golf-courses-ranking
fa805125-5646-41bf-8520-baa3ae68e5c1,34102f0f-1daa-44b1-aebb-54ec38cf899c,usa,USA,92,Golf Digest,2025,https://www.golfdigest.com/story/americas-100-greatest-golf-courses-ranking
97d75e7b-698f-440b-aaa1-3b4a69651630,fc04ca34-fe24-4a9d-9d29-aed87d6e75f1,usa,USA,93,Golf Digest,2025,https://www.golfdigest.com/story/americas-100-greatest-golf-courses-ranking
6a9a41ff-3e8a-405e-b771-1239ea7b8277,a890b7a3-74ca-41c3-9af7-7888c51fe73a,usa,USA,94,Golf Digest,2025,https://www.golfdigest.com/story/americas-100-greatest-golf-courses-ranking
052b174c-35d5-48f5-bf28-b31bca957b2e,9db9eac3-2da9-4038-b9e6-f34192418005,usa,USA,95,Golf Digest,2025,https://www.golfdigest.com/story/americas-100-greatest-golf-courses-ranking
b04bbae7-91e2-4d77-8075-7f65d3fb6faa,38bef293-9539-40bf-b69b-9e2c9625df86,usa,USA,96,Golf Digest,2025,https://www.golfdigest.com/story/americas-100-greatest-golf-courses-ranking
7bb28e33-0232-4c93-8506-566386c09092,9e2b8679-6aa6-442e-b5e9-5925d643faa8,usa,USA,97,Golf Digest,2025,https://www.golfdigest.com/story/americas-100-greatest-golf-courses-ranking
7135cc8b-5e75-4b07-8e1e-2034030eab25,f5169975-4d55-4cd9-b3a1-7b8921f415ab,usa,USA,98,Golf Digest,2025,https://www.golfdigest.com/story/americas-100-greatest-golf-courses-ranking
077ae6ec-5aa1-4600-a714-b194b0427029,d0e0d20c-61ed-4298-b1db-d9818bd137a3,usa,USA,99,Golf Digest,2025,https://www.golfdigest.com/story/americas-100-greatest-golf-courses-ranking
f90d7f55-42fb-4eb5-8008-e2df7f68e921,12f40298-6bb2-45d5-8443-a8d737f0e6e1,usa,USA,100,Golf Digest,2025,https://www.golfdigest.com/story/americas-100-greatest-golf-courses-ranking
3f7cc515-cb3f-44c6-a2f0-89f568f52125,1abc5e16-63b6-47a7-9cbf-92c3091fab70,usa_public,USA_PUBLIC,1,Golf Digest,2025,https://www.golfdigest.com/story/americas-100-greatest-public-golf-courses-ranking
7234aae5-9dcc-4293-91d4-1d727d239815,77dea08f-283d-405b-8d87-dd4adce2f797,usa_public,USA_PUBLIC,2,Golf Digest,2025,https://www.golfdigest.com/story/americas-100-greatest-public-golf-courses-ranking
ae9841b4-4085-4663-b953-b32a5f897dc9,52ac067d-f602-4e65-890b-d67c32ab2696,usa_public,USA_PUBLIC,3,Golf Digest,2025,https://www.golfdigest.com/story/americas-100-greatest-public-golf-courses-ranking
91d22cf5-0460-48f0-9ad3-1d2c7da3b9eb,e09f0afe-ba5a-4b05-8214-d42e1195b91f,usa_public,USA_PUBLIC,4,Golf Digest,2025,https://www.golfdigest.com/story/americas-100-greatest-public-golf-courses-ranking
940f4a4c-7f7f-41cf-b8dc-4cbd8971fb89,d6937dc0-0adf-4ead-834e-b4f78cbd337c,usa_public,USA_PUBLIC,5,Golf Digest,2025,https://www.golfdigest.com/story/americas-100-greatest-public-golf-courses-ranking
61bd7cd3-7c87-4f3a-beeb-3f8ce76ce1f3,70fb1441-1455-46f1-a2bc-cc4bb68243a8,usa_public,USA_PUBLIC,6,Golf Digest,2025,https://www.golfdigest.com/story/americas-100-greatest-public-golf-courses-ranking
d04b3405-0527-45af-ad57-62ebc7b755fb,07301426-1dca-4708-b8bc-f679ac18f73e,usa_public,USA_PUBLIC,7,Golf Digest,2025,https://www.golfdigest.com/story/americas-100-greatest-public-golf-courses-ranking
b6355f7c-5eb0-4c33-847d-6e949dcf708a,ecfc009a-52d4-45fc-86ab-7ec08b8fb53d,usa_public,USA_PUBLIC,8,Golf Digest,2025,https://www.golfdigest.com/story/americas-100-greatest-public-golf-courses-ranking
b633b88a-dbda-478c-a860-565cb9ef301a,62006e67-161e-4be0-b958-2409c55f9388,usa_public,USA_PUBLIC,9,Golf Digest,2025,https://www.golfdigest.com/story/americas-100-greatest-public-golf-courses-ranking
87422eb9-7775-4f79-ab8c-4ac10424cc1a,1973fb27-4612-4c35-9b2a-a64dcba1f82a,usa_public,USA_PUBLIC,10,Golf Digest,2025,https://www.golfdigest.com/story/americas-100-greatest-public-golf-courses-ranking
8f775716-8f7e-4abe-8299-e3acf3b25204,76255922-7cea-4771-b2dd-edd8c23ccd58,usa_public,USA_PUBLIC,11,Golf Digest,2025,https://www.golfdigest.com/story/americas-100-greatest-public-golf-courses-ranking
5d1dd4b0-5181-4589-8f25-291df91d19cb,4fe70e40-c3c7-42f7-b7e4-82edb5229772,usa_public,USA_PUBLIC,12,Golf Digest,2025,https://www.golfdigest.com/story/americas-100-greatest-public-golf-courses-ranking
989a0298-d673-4772-9830-0fa0ad3e3fad,b30a083e-a15b-4d6e-8adc-092eb538297e,usa_public,USA_PUBLIC,13,Golf Digest,2025,https://www.golfdigest.com/story/americas-100-greatest-public-golf-courses-ranking
b8601cbe-b7b3-4e87-82a1-24173d4ac3be,6c89e930-0544-43b1-8bf5-a3f69f6a5552,usa_public,USA_PUBLIC,14,Golf Digest,2025,https://www.golfdigest.com/story/americas-100-greatest-public-golf-courses-ranking
f82309d5-29a6-4b28-8872-2e7c5f8a78be,fc04ca34-fe24-4a9d-9d29-aed87d6e75f1,usa_public,USA_PUBLIC,15,Golf Digest,2025,https://www.golfdigest.com/story/americas-100-greatest-public-golf-courses-ranking
2803b40c-b345-4419-a67b-f7fc5d6f47d0,3768c5b4-f25d-4a62-9d63-f5178c04010b,usa_public,USA_PUBLIC,16,Golf Digest,2025,https://www.golfdigest.com/story/americas-100-greatest-public-golf-courses-ranking
13f055f2-b33a-430b-9ea3-2d62860bbf74,4ec2d7bb-0416-4b12-be2e-c3d214cb0b05,usa_public,USA_PUBLIC,17,Golf Digest,2025,https://www.golfdigest.com/story/americas-100-greatest-public-golf-courses-ranking
5fd01ad9-5dee-4d2a-b61e-a8712ec6460d,2e84ffef-cd45-48b7-97a7-1967ccce7f7d,usa_public,USA_PUBLIC,18,Golf Digest,2025,https://www.golfdigest.com/story/americas-100-greatest-public-golf-courses-ranking
6b30b063-40ed-46e1-b2aa-b1c073aab600,d76e26ad-0105-4ee5-9966-2690f4810277,usa_public,USA_PUBLIC,19,Golf Digest,2025,https://www.golfdigest.com/story/americas-100-greatest-public-golf-courses-ranking
8aeebeab-ed45-465e-a684-bb833a1017d6,55e9e962-17a3-4128-b8b9-71c22d0e7839,usa_public,USA_PUBLIC,20,Golf Digest,2025,https://www.golfdigest.com/story/americas-100-greatest-public-golf-courses-ranking
a61c1a19-b542-4df1-9d6b-9f3a4b947ee7,6c127a47-4956-4ced-b4d7-c4794d9f90de,usa_public,USA_PUBLIC,21,Golf Digest,2025,https://www.golfdigest.com/story/americas-100-greatest-public-golf-courses-ranking
fa4d67c0-0934-4f08-9970-b83ecbd5c709,f82962ac-ff2f-4dcd-9da5-dc38411284f0,usa_public,USA_PUBLIC,22,Golf Digest,2025,https://www.golfdigest.com/story/americas-100-greatest-public-golf-courses-ranking
ade6fa99-37e7-47ae-a1db-56385478c620,3de9dea0-76bd-4276-8bed-58cbbc4e6b04,usa_public,USA_PUBLIC,23,Golf Digest,2025,https://www.golfdigest.com/story/americas-100-greatest-public-golf-courses-ranking
e8972435-d010-447e-bb0e-da8813870bac,9a4590af-f636-4828-bfa3-3fdb23cebd3d,usa_public,USA_PUBLIC,24,Golf Digest,2025,https://www.golfdigest.com/story/americas-100-greatest-public-golf-courses-ranking
ded76db4-5ce6-46b7-bf58-b29dd6bef7e7,8a375e7b-4126-4edf-8ca7-a73c24bc430b,usa_public,USA_PUBLIC,25,Golf Digest,2025,https://www.golfdigest.com/story/americas-100-greatest-public-golf-courses-ranking
498b44cb-7460-42d2-a286-6ac15cc9c12e,10464ad0-6d08-4074-b7a0-b7fa6cb64e91,usa_public,USA_PUBLIC,26,Golf Digest,2025,https://www.golfdigest.com/story/americas-100-greatest-public-golf-courses-ranking
bf8af5e4-30a7-47d2-9fcf-59dfdb50dfec,a62e6b61-b5c4-4f8c-8b67-e3e274dca3ce,usa_public,USA_PUBLIC,27,Golf Digest,2025,https://www.golfdigest.com/story/americas-100-greatest-public-golf-courses-ranking
6988cbf3-00dd-48bb-977f-1440d653225c,d4d8574b-09ed-44b3-b369-739ffe86294e,usa_public,USA_PUBLIC,28,Golf Digest,2025,https://www.golfdigest.com/story/americas-100-greatest-public-golf-courses-ranking
04bb5226-41c3-4c0f-9978-3bc2d909f1cb,656c00ec-2740-41e3-82e1-4a0c0b2ddd1f,usa_public,USA_PUBLIC,29,Golf Digest,2025,https://www.golfdigest.com/story/americas-100-greatest-public-golf-courses-ranking
c1c4bfe7-b8c5-4e78-b53b-f05e48a318d0,269569d4-5714-4ec6-88c0-362e0fb4c164,usa_public,USA_PUBLIC,30,Golf Digest,2025,https://www.golfdigest.com/story/americas-100-greatest-public-golf-courses-ranking
a6295df3-cc4e-4a83-b023-86217112b0e6,2de2d519-345f-410f-839b-dcfb79781969,usa_public,USA_PUBLIC,31,Golf Digest,2025,https://www.golfdigest.com/story/americas-100-greatest-public-golf-courses-ranking
3c7d2324-8c38-4438-ad97-0d2ce6e98eab,49ff0246-aa17-4435-aa46-c15cf7048fb7,usa_public,USA_PUBLIC,32,Golf Digest,2025,https://www.golfdigest.com/story/americas-100-greatest-public-golf-courses-ranking
6b902442-7a60-48af-a4d7-8659db7024e4,df858836-7e87-400e-9c80-652c29951f26,usa_public,USA_PUBLIC,33,Golf Digest,2025,https://www.golfdigest.com/story/americas-100-greatest-public-golf-courses-ranking
8342a70b-84a6-424b-b600-9fc96eb4fd6f,bd90be01-70ee-441e-85ef-6f2339fefd1a,usa_public,USA_PUBLIC,34,Golf Digest,2025,https://www.golfdigest.com/story/americas-100-greatest-public-golf-courses-ranking
fddf6b7e-e370-411e-ab9a-c197d2e6b3f6,aada5324-48eb-4594-9958-c7441a570481,usa_public,USA_PUBLIC,35,Golf Digest,2025,https://www.golfdigest.com/story/americas-100-greatest-public-golf-courses-ranking
bd9fbea6-387d-4e77-aff6-31ceb619e0a9,53355f20-0401-4111-8d78-9813b0bef5ed,usa_public,USA_PUBLIC,36,Golf Digest,2025,https://www.golfdigest.com/story/americas-100-greatest-public-golf-courses-ranking
cb4c7e70-593b-42af-870a-f6fbe2235207,6477cbed-547a-4c9a-86a4-085b14fa3d4a,usa_public,USA_PUBLIC,37,Golf Digest,2025,https://www.golfdigest.com/story/americas-100-greatest-public-golf-courses-ranking
4847c754-1309-4ed3-a44e-05bbde90cc0a,9bcaf46e-6c63-4bf0-a7fc-bb41779bfb7f,usa_public,USA_PUBLIC,38,Golf Digest,2025,https://www.golfdigest.com/story/americas-100-greatest-public-golf-courses-ranking
3bbfad81-d772-4fed-822c-79abc03eca58,9f851fdc-9d92-49bf-8424-8feff1da1630,usa_public,USA_PUBLIC,39,Golf Digest,2025,https://www.golfdigest.com/story/americas-100-greatest-public-golf-courses-ranking
82cf2bb3-6b88-4b45-926a-12b56829902b,f43e2f0c-1a42-4b7b-99ee-3513e8e24f3c,usa_public,USA_PUBLIC,40,Golf Digest,2025,https://www.golfdigest.com/story/americas-100-greatest-public-golf-courses-ranking
5700663f-1e1a-4afc-a46c-be9b9da50ffc,55492469-e523-41bc-bbc9-098f92010c30,usa_public,USA_PUBLIC,41,Golf Digest,2025,https://www.golfdigest.com/story/americas-100-greatest-public-golf-courses-ranking
4028ccc7-563c-4ebb-b4ee-653a5463e933,14d28952-48e2-4ae2-9ef1-305165d8278c,usa_public,USA_PUBLIC,42,Golf Digest,2025,https://www.golfdigest.com/story/americas-100-greatest-public-golf-courses-ranking
e8651f90-920e-48fb-a687-870f9769286b,4be84f85-4558-4b79-8865-64016650b880,usa_public,USA_PUBLIC,43,Golf Digest,2025,https://www.golfdigest.com/story/americas-100-greatest-public-golf-courses-ranking
53d816c5-9c08-453d-b1c1-f00369b53611,f9f4e13c-b39f-4574-a34e-5186645a565a,usa_public,USA_PUBLIC,44,Golf Digest,2025,https://www.golfdigest.com/story/americas-100-greatest-public-golf-courses-ranking
456ad323-3cd6-4488-90e3-876fc1d873f9,0356438b-0160-4725-b272-671c1e622c7b,usa_public,USA_PUBLIC,45,Golf Digest,2025,https://www.golfdigest.com/story/americas-100-greatest-public-golf-courses-ranking
d3ddce6f-0f05-48cc-a1fd-690e2be1ece4,a4d90ba1-1733-41da-ad4e-5e3a6b3f73ac,usa_public,USA_PUBLIC,46,Golf Digest,2025,https://www.golfdigest.com/story/americas-100-greatest-public-golf-courses-ranking
a4e8e573-a23e-4ce7-bc72-6d3378bce0a4,c69ba996-87af-4b4e-92ea-0cc625a7233c,usa_public,USA_PUBLIC,47,Golf Digest,2025,https://www.golfdigest.com/story/americas-100-greatest-public-golf-courses-ranking
31ae1ee1-ccb9-4542-b01f-83bef6a1233a,e96a69f6-df36-494b-b65e-39caf16dc627,usa_public,USA_PUBLIC,48,Golf Digest,2025,https://www.golfdigest.com/story/americas-100-greatest-public-golf-courses-ranking
623c0e9b-303f-4d52-aa82-1cff17261c16,695ddcb0-7534-437e-af8b-6d8df25396d9,usa_public,USA_PUBLIC,49,Golf Digest,2025,https://www.golfdigest.com/story/americas-100-greatest-public-golf-courses-ranking
cb23c62c-4d17-4ebd-8616-255d62ac5219,502c90cb-19f9-442f-b77d-ede1888fb6c3,usa_public,USA_PUBLIC,50,Golf Digest,2025,https://www.golfdigest.com/story/americas-100-greatest-public-golf-courses-ranking
3a846223-bad6-4aec-aab3-f3e22bd63dc0,038625f3-197c-43d8-8671-9db73e9661a7,usa_public,USA_PUBLIC,51,Golf Digest,2025,https://www.golfdigest.com/story/americas-100-greatest-public-golf-courses-ranking
806a4054-9f09-426e-8bf5-cffaf855051c,be03cb3a-bd55-45fd-ad96-3874cce46b6f,usa_public,USA_PUBLIC,52,Golf Digest,2025,https://www.golfdigest.com/story/americas-100-greatest-public-golf-courses-ranking
a6275e83-b74a-4f8e-89f9-948c658d89c7,7d067110-5311-4f12-82b0-f22cbf186e40,usa_public,USA_PUBLIC,53,Golf Digest,2025,https://www.golfdigest.com/story/americas-100-greatest-public-golf-courses-ranking
1ed2eb1b-6ec7-4d41-a4e4-88c49d7510ef,6a0138e5-15b3-467c-9b61-2c108d91a09c,usa_public,USA_PUBLIC,54,Golf Digest,2025,https://www.golfdigest.com/story/americas-100-greatest-public-golf-courses-ranking
b5a09f79-b1c2-49e4-aff0-f785ee07a129,78cc91c4-4de4-4183-a174-b3f784d47448,usa_public,USA_PUBLIC,55,Golf Digest,2025,https://www.golfdigest.com/story/americas-100-greatest-public-golf-courses-ranking
f9b68c13-609b-45be-a441-668fb3d660dd,382ec4fb-bd25-410c-a903-9acab636f217,usa_public,USA_PUBLIC,56,Golf Digest,2025,https://www.golfdigest.com/story/americas-100-greatest-public-golf-courses-ranking
a1ff47f7-44c3-4e58-b262-212016628813,e4841c5b-85a8-4876-a98f-ed407460be11,usa_public,USA_PUBLIC,57,Golf Digest,2025,https://www.golfdigest.com/story/americas-100-greatest-public-golf-courses-ranking
c67518ff-ccfe-456c-a7ef-6c142697d9a2,0c5185f3-ad92-4a25-a71f-e7e8ce998100,usa_public,USA_PUBLIC,58,Golf Digest,2025,https://www.golfdigest.com/story/americas-100-greatest-public-golf-courses-ranking
78aca032-1601-44ab-a418-148ce16bd15b,7e768fbf-7d09-4297-9c2f-16f5468dd6b9,usa_public,USA_PUBLIC,59,Golf Digest,2025,https://www.golfdigest.com/story/americas-100-greatest-public-golf-courses-ranking
d8dbfee8-b480-488f-8a14-292279844a6d,7acbc22c-6005-4aff-b198-c92bb58181c5,usa_public,USA_PUBLIC,60,Golf Digest,2025,https://www.golfdigest.com/story/americas-100-greatest-public-golf-courses-ranking
a5c20159-bf9f-44cd-9457-c22255c738be,477ae08f-a4db-4eab-ba35-1cc91fba29ed,usa_public,USA_PUBLIC,61,Golf Digest,2025,https://www.golfdigest.com/story/americas-100-greatest-public-golf-courses-ranking
cd6f223b-0112-4149-bc6b-3983c25c71f9,5d0299e1-df54-450d-addb-b9cc97aca2c2,usa_public,USA_PUBLIC,62,Golf Digest,2025,https://www.golfdigest.com/story/americas-100-greatest-public-golf-courses-ranking
ced01e42-e804-4b88-8646-b9b020e29a5f,a8b92133-7c99-4145-8491-5c84b7809c4f,usa_public,USA_PUBLIC,63,Golf Digest,2025,https://www.golfdigest.com/story/americas-100-greatest-public-golf-courses-ranking
fb342be4-e551-42e0-a12e-b9288f4eb203,681439ac-93d9-4097-becc-422158280fbb,usa_public,USA_PUBLIC,64,Golf Digest,2025,https://www.golfdigest.com/story/americas-100-greatest-public-golf-courses-ranking
efb6b642-df14-4971-a84e-a7e2e05d840b,6d9917a9-46bb-42c3-9722-1342ee69f989,usa_public,USA_PUBLIC,65,Golf Digest,2025,https://www.golfdigest.com/story/americas-100-greatest-public-golf-courses-ranking
51c1277e-f4cf-4e9a-b940-aa46237e8e7a,02794d64-77c7-4124-997a-a70f811a9cc8,usa_public,USA_PUBLIC,66,Golf Digest,2025,https://www.golfdigest.com/story/americas-100-greatest-public-golf-courses-ranking
c919df18-a59f-4c1e-8c86-7f491a6080a3,51200b29-bcfa-43fa-b97a-58dad9e25808,usa_public,USA_PUBLIC,67,Golf Digest,2025,https://www.golfdigest.com/story/americas-100-greatest-public-golf-courses-ranking
1cac7b15-cb0b-4b1c-9207-ffe39ee12325,9032f96d-5ac6-49c0-933e-a20b552b17e0,usa_public,USA_PUBLIC,68,Golf Digest,2025,https://www.golfdigest.com/story/americas-100-greatest-public-golf-courses-ranking
03cf6564-d85a-4a82-9d2d-d990800b9599,b2750d89-f116-4935-9a77-3a6292727441,usa_public,USA_PUBLIC,69,Golf Digest,2025,https://www.golfdigest.com/story/americas-100-greatest-public-golf-courses-ranking
ae477aad-9950-45bd-8c84-e96fbb75410c,70b25dbf-73ed-4c81-993c-f8bb0612b397,usa_public,USA_PUBLIC,70,Golf Digest,2025,https://www.golfdigest.com/story/americas-100-greatest-public-golf-courses-ranking
3c776807-8c7d-4664-adec-87c761dfbdba,c4dc88fc-4dea-446e-8538-3685c3e44847,usa_public,USA_PUBLIC,71,Golf Digest,2025,https://www.golfdigest.com/story/americas-100-greatest-public-golf-courses-ranking
a12f2b86-3aca-47e7-9879-2795319ad05f,e5527571-95d9-43b6-a6ea-03fe556f01b6,usa_public,USA_PUBLIC,72,Golf Digest,2025,https://www.golfdigest.com/story/americas-100-greatest-public-golf-courses-ranking
00e4d679-0638-4f5a-8306-2804a10debb9,df23f9c1-5669-4d60-bb65-3b5bafb5bcc9,usa_public,USA_PUBLIC,73,Golf Digest,2025,https://www.golfdigest.com/story/americas-100-greatest-public-golf-courses-ranking
ef766a9f-7e0b-4ec5-8596-b8f9d07f053a,6758e5d4-c5af-471b-a6c2-c7637096330d,usa_public,USA_PUBLIC,74,Golf Digest,2025,https://www.golfdigest.com/story/americas-100-greatest-public-golf-courses-ranking
4faee52d-260e-42be-bb94-05b8189b1885,e3626c54-711c-4ec4-a660-ec8aa90f55c7,usa_public,USA_PUBLIC,75,Golf Digest,2025,https://www.golfdigest.com/story/americas-100-greatest-public-golf-courses-ranking
3df63fc3-cf38-4655-812b-e775d3770d82,7f941f62-4eb6-4095-84c5-b26d22500e60,usa_public,USA_PUBLIC,76,Golf Digest,2025,https://www.golfdigest.com/story/americas-100-greatest-public-golf-courses-ranking
06ec9f8c-2a93-4774-b39f-151a20572dc6,f81b6951-d530-4452-abb0-fb9202d01b5d,usa_public,USA_PUBLIC,77,Golf Digest,2025,https://www.golfdigest.com/story/americas-100-greatest-public-golf-courses-ranking
4cd3d36a-8b85-440f-bdb9-e17bea0aab46,e5ee0796-0779-4a96-ba82-ba9ca68b562f,usa_public,USA_PUBLIC,78,Golf Digest,2025,https://www.golfdigest.com/story/americas-100-greatest-public-golf-courses-ranking
e921dcbc-028e-4a3f-ba8b-b6ca52b83358,9a57c458-8af3-4b94-9be6-48d3c00f1ff5,usa_public,USA_PUBLIC,79,Golf Digest,2025,https://www.golfdigest.com/story/americas-100-greatest-public-golf-courses-ranking
66ca3dd7-e365-45e5-b6f4-c77f09ce2a27,98daef80-d1bf-4e30-b688-19d72d20ad44,usa_public,USA_PUBLIC,80,Golf Digest,2025,https://www.golfdigest.com/story/americas-100-greatest-public-golf-courses-ranking
c14d5a51-46f4-4528-8970-96cf9bb17460,e3faa4a3-3c6b-4320-93e7-8416b2e006cb,usa_public,USA_PUBLIC,81,Golf Digest,2025,https://www.golfdigest.com/story/americas-100-greatest-public-golf-courses-ranking
8b1bf32f-5cc3-47c6-87df-9d541363d228,3a5a24b1-0012-4aef-9fc7-93050ed8ef27,usa_public,USA_PUBLIC,82,Golf Digest,2025,https://www.golfdigest.com/story/americas-100-greatest-public-golf-courses-ranking
5ac08dde-4385-41c3-a902-5864acd04b1a,9b25ed69-c1ae-4489-907c-fc7f2edd99e3,usa_public,USA_PUBLIC,83,Golf Digest,2025,https://www.golfdigest.com/story/americas-100-greatest-public-golf-courses-ranking
c178a4f1-e7f9-4fdd-abf6-d1b0dcf0441f,1fb24d56-b34c-4fcc-8302-baf652d8efc5,usa_public,USA_PUBLIC,84,Golf Digest,2025,https://www.golfdigest.com/story/americas-100-greatest-public-golf-courses-ranking
167693d1-2c3a-4c1d-a281-0b817bcf86a0,542fab5d-f1ba-4375-919c-b768eee694f0,usa_public,USA_PUBLIC,85,Golf Digest,2025,https://www.golfdigest.com/story/americas-100-greatest-public-golf-courses-ranking
5841c379-7625-4aa4-a056-59da93202257,203c8e4c-8f6c-43dc-a59f-91da776539fb,usa_public,USA_PUBLIC,86,Golf Digest,2025,https://www.golfdigest.com/story/americas-100-greatest-public-golf-courses-ranking
72b01bf8-ae56-49bc-86cd-7f0fbe8af348,c3a3ab83-86e7-42ab-a03a-e27029edc5be,usa_public,USA_PUBLIC,87,Golf Digest,2025,https://www.golfdigest.com/story/americas-100-greatest-public-golf-courses-ranking
5a181c1a-8fd4-4520-a9b2-2484c57d9430,dbeb9428-21da-4379-8a57-085d6b9235e0,usa_public,USA_PUBLIC,88,Golf Digest,2025,https://www.golfdigest.com/story/americas-100-greatest-public-golf-courses-ranking
ba16b0ad-08ff-419e-a99f-b1f859cb817f,d6e0da5f-edb8-4aa7-adf2-7dfdacb2ba83,usa_public,USA_PUBLIC,89,Golf Digest,2025,https://www.golfdigest.com/story/americas-100-greatest-public-golf-courses-ranking
bb541316-d51b-4c02-ac49-f2f25fcfc96d,811ef12e-7abf-4921-8d56-fb1fb496d69d,usa_public,USA_PUBLIC,90,Golf Digest,2025,https://www.golfdigest.com/story/americas-100-greatest-public-golf-courses-ranking
a731c75c-33f8-4540-8288-da6f0b88c8eb,b62afc92-dd8d-4760-bbf9-4fc453fa3ad8,usa_public,USA_PUBLIC,91,Golf Digest,2025,https://www.golfdigest.com/story/americas-100-greatest-public-golf-courses-ranking
18a6ca8d-402a-43e9-b7b3-a1b37626f6ee,91d5b27a-8929-4263-b7e5-23cee506ae86,usa_public,USA_PUBLIC,92,Golf Digest,2025,https://www.golfdigest.com/story/americas-100-greatest-public-golf-courses-ranking
f1eb35de-1617-4e7f-9f9b-3efe0f814757,d32b6493-d491-4ebf-9fb7-e9f386efd601,usa_public,USA_PUBLIC,93,Golf Digest,2025,https://www.golfdigest.com/story/americas-100-greatest-public-golf-courses-ranking
f2d21b57-8540-40a2-9019-6e555a419c42,4926fd4b-6085-4827-b03d-53aaa5bb5d1f,usa_public,USA_PUBLIC,94,Golf Digest,2025,https://www.golfdigest.com/story/americas-100-greatest-public-golf-courses-ranking
bde12429-2e4b-4611-9e97-9a140f169da8,26e1a582-a651-44e5-a335-851ec0ff85eb,usa_public,USA_PUBLIC,95,Golf Digest,2025,https://www.golfdigest.com/story/americas-100-greatest-public-golf-courses-ranking
35d629b9-fa80-41b7-bf17-611f9a46e6c1,15ce9628-7884-4a4c-bbf1-59a3c326167e,usa_public,USA_PUBLIC,96,Golf Digest,2025,https://www.golfdigest.com/story/americas-100-greatest-public-golf-courses-ranking
87195d93-4a49-40b6-94b5-bfcc12adb786,ab3a0d2c-83ae-4607-b5ac-0b6ff5b3d7b1,usa_public,USA_PUBLIC,97,Golf Digest,2025,https://www.golfdigest.com/story/americas-100-greatest-public-golf-courses-ranking
dcf5fd39-ab30-4eb7-800f-3fa373f19722,41aee574-5008-49c9-a231-22d1c9d4763e,usa_public,USA_PUBLIC,98,Golf Digest,2025,https://www.golfdigest.com/story/americas-100-greatest-public-golf-courses-ranking
b3356654-cf4f-419d-877a-c0de9003d2e3,048072ee-5e5f-480b-ad22-e90279380123,usa_public,USA_PUBLIC,99,Golf Digest,2025,https://www.golfdigest.com/story/americas-100-greatest-public-golf-courses-ranking
d9cbfad9-3a39-475f-b603-4078d1468e7c,a74d146a-bbf3-4676-81a1-83ee06657c9e,usa_public,USA_PUBLIC,100,Golf Digest,2025,https://www.golfdigest.com/story/americas-100-greatest-public-golf-courses-ranking
2beb14c3-370b-4a7d-b3f8-7896bb238e03,aecb12b7-e50c-44b8-866e-5eb68f936d25,world,WORLD,1,Golf Digest,2024,https://www.golfdigest.com/story/worlds-100-greatest-golf-courses-2024-2025
10994f8c-e7f8-40b1-af12-c167b99ea775,fe2f2a62-6a5b-464d-b57f-075bbc7df479,world,WORLD,2,Golf Digest,2024,https://www.golfdigest.com/story/worlds-100-greatest-golf-courses-2024-2025
eae8aa1b-ee1b-49f0-bd4e-0995de1b0a93,27518719-dc92-4858-92bc-71eb46efd92d,world,WORLD,3,Golf Digest,2024,https://www.golfdigest.com/story/worlds-100-greatest-golf-courses-2024-2025
bfbfb143-0885-4722-9d84-a95b58be60cd,03ed8c8c-bd64-42f9-8842-dfffd5697cd2,world,WORLD,4,Golf Digest,2024,https://www.golfdigest.com/story/worlds-100-greatest-golf-courses-2024-2025
79ac3017-34f6-451b-b4fc-b814c3a19293,e14363a1-4823-48bd-8098-abc4aaf2126d,world,WORLD,5,Golf Digest,2024,https://www.golfdigest.com/story/worlds-100-greatest-golf-courses-2024-2025
1a28de8e-d276-481a-9d6a-b46853d1eff8,5beb362f-5314-4648-b5d6-61e80f22f677,world,WORLD,6,Golf Digest,2024,https://www.golfdigest.com/story/worlds-100-greatest-golf-courses-2024-2025
033b0713-aa75-41de-b182-346c712bb644,51d56ebf-100c-45d9-b164-1f0e66a4b9ad,world,WORLD,7,Golf Digest,2024,https://www.golfdigest.com/story/worlds-100-greatest-golf-courses-2024-2025
e1905285-b55d-4f81-bba0-80ab6f92f805,5c34e0b8-8476-4685-b4ea-7166416d0565,world,WORLD,8,Golf Digest,2024,https://www.golfdigest.com/story/worlds-100-greatest-golf-courses-2024-2025
dca63f00-9dbf-4945-b8a5-e6c39d6f0852,1b77bbec-e05f-400f-ae14-5c305da300ad,world,WORLD,9,Golf Digest,2024,https://www.golfdigest.com/story/worlds-100-greatest-golf-courses-2024-2025
eaf0728f-4a3c-430e-b488-24aad9947aec,fe6c711a-8286-492f-80e7-847d3349ffee,world,WORLD,10,Golf Digest,2024,https://www.golfdigest.com/story/worlds-100-greatest-golf-courses-2024-2025
3ecf7015-a697-4107-bd26-2348ae3b5848,62d2e9d5-4676-47c3-9f2f-1b9bb418d734,world,WORLD,11,Golf Digest,2024,https://www.golfdigest.com/story/worlds-100-greatest-golf-courses-2024-2025
be92f20d-2945-4df5-b626-0cbb3c9f1139,b34d17b3-0d21-4c0b-8bef-368a700cc4d9,world,WORLD,12,Golf Digest,2024,https://www.golfdigest.com/story/worlds-100-greatest-golf-courses-2024-2025
3b6b52a8-8662-4421-8807-3aa11f3c0619,2f1d6f19-ccd6-4147-b6c1-131c0837f53d,world,WORLD,13,Golf Digest,2024,https://www.golfdigest.com/story/worlds-100-greatest-golf-courses-2024-2025
a414f9f2-ebfa-48c9-8e67-c39229f42495,436dea20-722e-4ea4-bc72-57bf452af70d,world,WORLD,14,Golf Digest,2024,https://www.golfdigest.com/story/worlds-100-greatest-golf-courses-2024-2025
faee2a9f-02fd-42b0-9fa4-6b2a24a8d082,daeb65ae-2f91-4a60-893f-ec8dffd1f873,world,WORLD,15,Golf Digest,2024,https://www.golfdigest.com/story/worlds-100-greatest-golf-courses-2024-2025
f9a2c12e-3ac0-43b7-a8fe-7d5f8b91c2f3,0813eaca-554f-457a-b1b2-3c7f0652758e,world,WORLD,16,Golf Digest,2024,https://www.golfdigest.com/story/worlds-100-greatest-golf-courses-2024-2025
31a2afca-102d-4fed-9ec4-3cd1e9a6f85d,0a08b136-99dd-4b8f-a542-a401f1446b1f,world,WORLD,17,Golf Digest,2024,https://www.golfdigest.com/story/worlds-100-greatest-golf-courses-2024-2025
8eeb1898-44f3-431c-8a3a-a23d37f2778e,f8f52fc4-889e-4efd-883e-bd407350a1e0,world,WORLD,18,Golf Digest,2024,https://www.golfdigest.com/story/worlds-100-greatest-golf-courses-2024-2025
fd5ada38-593f-4a83-af37-f12282b902d9,c06fefcf-7918-4cb7-93f1-5b4dcdea9fcc,world,WORLD,19,Golf Digest,2024,https://www.golfdigest.com/story/worlds-100-greatest-golf-courses-2024-2025
8841575a-1297-432d-b6a6-8036a0e146f0,6523c9e3-750b-4b92-abd5-b3de66ae2863,world,WORLD,20,Golf Digest,2024,https://www.golfdigest.com/story/worlds-100-greatest-golf-courses-2024-2025
4bc30d8b-8f36-4197-84e1-5015ee42039a,3b5e17b8-4bd4-4d9f-a531-b1b4082363cb,world,WORLD,21,Golf Digest,2024,https://www.golfdigest.com/story/worlds-100-greatest-golf-courses-2024-2025
96b28bb9-814d-4e9a-80e5-c135c83ddc61,359a08fa-773d-4817-ab62-6d721d9f4534,world,WORLD,22,Golf Digest,2024,https://www.golfdigest.com/story/worlds-100-greatest-golf-courses-2024-2025
c411aeeb-b28b-4fb0-9210-6854bec7cf82,6274084b-374b-41ad-84b8-7353b279a5ac,world,WORLD,23,Golf Digest,2024,https://www.golfdigest.com/story/worlds-100-greatest-golf-courses-2024-2025
5d093f62-9bdc-4b0a-aecd-e1b88327a71b,ac1e6fa8-1a02-4736-99e0-a0001acfd5f7,world,WORLD,24,Golf Digest,2024,https://www.golfdigest.com/story/worlds-100-greatest-golf-courses-2024-2025
ff5b6939-4583-400e-b632-6384bdee1d4d,6f29ee53-c5fa-48a0-b443-213aebe016e4,world,WORLD,25,Golf Digest,2024,https://www.golfdigest.com/story/worlds-100-greatest-golf-courses-2024-2025
1dffb448-bc6c-46a8-a194-339a9769f63a,f2447f22-3c42-4226-88c6-bbd1023c97ec,world,WORLD,26,Golf Digest,2024,https://www.golfdigest.com/story/worlds-100-greatest-golf-courses-2024-2025
28a3c247-27a9-4514-b88b-4debc5a318a9,14a46410-6c6f-4f9a-9bb4-4f6827a5156f,world,WORLD,27,Golf Digest,2024,https://www.golfdigest.com/story/worlds-100-greatest-golf-courses-2024-2025
a66ec889-b302-433b-af60-01191b7801c2,795d9fa9-522f-4b31-9e76-661e95b83e68,world,WORLD,28,Golf Digest,2024,https://www.golfdigest.com/story/worlds-100-greatest-golf-courses-2024-2025
2970c826-6af5-418c-909d-a731c14d3fea,29eaa31d-82a0-4717-a87a-2b39c0b4cd36,world,WORLD,29,Golf Digest,2024,https://www.golfdigest.com/story/worlds-100-greatest-golf-courses-2024-2025
3bdad68e-23fd-4a71-ab89-1f9e3e5c4ab3,ec375c46-17b6-439f-ab5b-3caa5a8def2c,world,WORLD,30,Golf Digest,2024,https://www.golfdigest.com/story/worlds-100-greatest-golf-courses-2024-2025
7c946eeb-4ad3-4574-8efe-18f497788dbe,157f59f7-bc2a-4317-b371-b9fcc81c75bc,world,WORLD,31,Golf Digest,2024,https://www.golfdigest.com/story/worlds-100-greatest-golf-courses-2024-2025
48db0dbc-4a8c-4e14-b15e-1aa44fb2ec34,3fb20428-4805-497e-8d07-e4d194208d15,world,WORLD,32,Golf Digest,2024,https://www.golfdigest.com/story/worlds-100-greatest-golf-courses-2024-2025
49d73577-4525-4227-87a6-8c400ffebddf,5bfc1d45-b511-4d2f-9270-98cd7845a2ab,world,WORLD,33,Golf Digest,2024,https://www.golfdigest.com/story/worlds-100-greatest-golf-courses-2024-2025
9d3fbed0-42b7-4f31-809e-647e33d16c6b,f53d0018-5dca-4839-a32d-02f8e2637492,world,WORLD,34,Golf Digest,2024,https://www.golfdigest.com/story/worlds-100-greatest-golf-courses-2024-2025
15e83698-7bf5-444d-8ab5-5d6f096eb284,4a867272-16ed-450e-a482-f27aa4098883,world,WORLD,35,Golf Digest,2024,https://www.golfdigest.com/story/worlds-100-greatest-golf-courses-2024-2025
628241d1-7080-4a35-b1f5-0c4a8f03c65f,6e674f1f-8c39-44e0-923a-481ece2391c3,world,WORLD,36,Golf Digest,2024,https://www.golfdigest.com/story/worlds-100-greatest-golf-courses-2024-2025
4ce57f00-77c5-4803-bee4-6bb28875cab1,b375cc2a-82e6-47d7-9867-02bb5b7e5a81,world,WORLD,37,Golf Digest,2024,https://www.golfdigest.com/story/worlds-100-greatest-golf-courses-2024-2025
852a1a8b-5696-4974-8393-8871e9e2f958,0801b047-a71a-49f0-a6c4-67f5900b4327,world,WORLD,38,Golf Digest,2024,https://www.golfdigest.com/story/worlds-100-greatest-golf-courses-2024-2025
053aac31-826f-40bb-9ecf-ba9387987a78,2ed326ce-6b6a-487c-8bfd-f0f41313a56d,world,WORLD,39,Golf Digest,2024,https://www.golfdigest.com/story/worlds-100-greatest-golf-courses-2024-2025
f146f289-9bbb-4b96-a78f-b570d08a29d7,e7c0db63-9303-4b49-8657-897e615d2ddd,world,WORLD,40,Golf Digest,2024,https://www.golfdigest.com/story/worlds-100-greatest-golf-courses-2024-2025
cb25dd38-b777-46b0-80e8-ee9c9cd7142c,ba869744-1c7e-4359-89f9-1ce21e5702b5,world,WORLD,41,Golf Digest,2024,https://www.golfdigest.com/story/worlds-100-greatest-golf-courses-2024-2025
6cf3cfc7-2b37-4c22-b93e-11bb0fe8bdaf,fa9014db-8b32-4687-b3f2-5d96e79293cf,world,WORLD,42,Golf Digest,2024,https://www.golfdigest.com/story/worlds-100-greatest-golf-courses-2024-2025
e1ece869-a5fd-4ce7-889e-14ea1528f177,f5acb271-eb8b-40f3-825b-4dcec65a3c39,world,WORLD,43,Golf Digest,2024,https://www.golfdigest.com/story/worlds-100-greatest-golf-courses-2024-2025
4021dacf-57bc-4ec6-a262-b1907ef608de,7729c6ca-f1f9-4722-ac8c-1ec7dcac2d62,world,WORLD,44,Golf Digest,2024,https://www.golfdigest.com/story/worlds-100-greatest-golf-courses-2024-2025
438ee0b3-ddfd-488e-b1f3-71a68458dcdc,83aba57f-9643-4f40-a98b-ce51663677b1,world,WORLD,45,Golf Digest,2024,https://www.golfdigest.com/story/worlds-100-greatest-golf-courses-2024-2025
1ac99fe7-b1fd-4072-b11e-157427d427a3,52e4b471-b498-4efc-b251-7cb0743c4b5a,world,WORLD,46,Golf Digest,2024,https://www.golfdigest.com/story/worlds-100-greatest-golf-courses-2024-2025
b1852927-fcd5-4409-bf32-2620692edca8,50503f9d-f7f2-4b10-aec7-9ede5a930c57,world,WORLD,47,Golf Digest,2024,https://www.golfdigest.com/story/worlds-100-greatest-golf-courses-2024-2025
e5399220-d7f0-4c11-aab3-a427d4b8f2fe,4b9c95d8-e1d8-4ca0-b2fe-13d8479fb5ec,world,WORLD,48,Golf Digest,2024,https://www.golfdigest.com/story/worlds-100-greatest-golf-courses-2024-2025
42ec1ac1-93aa-4a43-a303-edc4dbffc9d2,1eb3f9fc-98af-453d-a8e1-e7d990e6a3a6,world,WORLD,49,Golf Digest,2024,https://www.golfdigest.com/story/worlds-100-greatest-golf-courses-2024-2025
d9de9fd1-bb06-46be-b4df-fe724aa507ab,d4575894-e270-489f-80fc-429ba3858528,world,WORLD,50,Golf Digest,2024,https://www.golfdigest.com/story/worlds-100-greatest-golf-courses-2024-2025
ea3f1d26-1ed3-4a83-9927-bbd5b511cee1,838f1439-a852-4dba-be44-a4fd6f5e44d1,world,WORLD,51,Golf Digest,2024,https://www.golfdigest.com/story/worlds-100-greatest-golf-courses-2024-2025
642f7a0a-c4a6-4cbe-9c18-a6847d04ce3d,7649a652-52f9-4380-82bf-7152e1e79462,world,WORLD,52,Golf Digest,2024,https://www.golfdigest.com/story/worlds-100-greatest-golf-courses-2024-2025
f85bdd37-3c9c-4e93-a2d5-5a5ff3c19ab8,45ee3d42-9822-4f5f-9106-53df246a9a2f,world,WORLD,53,Golf Digest,2024,https://www.golfdigest.com/story/worlds-100-greatest-golf-courses-2024-2025
f8c820a6-8eb1-458a-b5ba-93faeeca7527,bdca0802-c26c-439b-86c5-b321a9762146,world,WORLD,54,Golf Digest,2024,https://www.golfdigest.com/story/worlds-100-greatest-golf-courses-2024-2025
d97c4dcb-6d8a-4c37-9872-c1dd868a4bf2,8a22d1d4-0cf9-443c-9074-e03930293285,world,WORLD,55,Golf Digest,2024,https://www.golfdigest.com/story/worlds-100-greatest-golf-courses-2024-2025
ec2bb4ba-7a0d-4f46-9973-5c704f5446a0,805b9733-dc79-43e8-bd28-a4fcf18260be,world,WORLD,56,Golf Digest,2024,https://www.golfdigest.com/story/worlds-100-greatest-golf-courses-2024-2025
ebb74905-c5a4-4a76-80ca-4064b0709c95,651b0f28-7949-4e59-91ef-86762725ade6,world,WORLD,57,Golf Digest,2024,https://www.golfdigest.com/story/worlds-100-greatest-golf-courses-2024-2025
d332c980-0dc9-489b-b726-1835cc3c0f2b,1cee0760-fa89-47c6-b082-62875ebf5f98,world,WORLD,58,Golf Digest,2024,https://www.golfdigest.com/story/worlds-100-greatest-golf-courses-2024-2025
a969a3e4-928f-4d47-ac4f-a35f0bab4d65,4a8afb0d-160a-42ec-b878-7d9fb2310d7f,world,WORLD,59,Golf Digest,2024,https://www.golfdigest.com/story/worlds-100-greatest-golf-courses-2024-2025
e7ec99ce-5581-4756-bdce-a8f6c2b21485,75e1e7a0-1bb3-44ae-9ee0-4acf457d229e,world,WORLD,60,Golf Digest,2024,https://www.golfdigest.com/story/worlds-100-greatest-golf-courses-2024-2025
4fb85bf5-d3d1-41ea-87ce-6d808e611e89,f7a4ba45-822a-46a1-a447-b2bc64336a79,world,WORLD,61,Golf Digest,2024,https://www.golfdigest.com/story/worlds-100-greatest-golf-courses-2024-2025
016e2eb0-2c95-4895-b96c-f057209e8a7e,3d1e1e12-c0f2-4fe8-998a-9d80d9848f8f,world,WORLD,62,Golf Digest,2024,https://www.golfdigest.com/story/worlds-100-greatest-golf-courses-2024-2025
9abb4916-9ff4-4336-a19f-057e9154fdf6,c337e0b6-d051-422a-8ba4-601ab21c6ae9,world,WORLD,63,Golf Digest,2024,https://www.golfdigest.com/story/worlds-100-greatest-golf-courses-2024-2025
b92ddb45-2c71-45b7-8cd5-d6c44ffb4d1e,0c400c2a-c082-4724-8a12-0d24ae85fc31,world,WORLD,64,Golf Digest,2024,https://www.golfdigest.com/story/worlds-100-greatest-golf-courses-2024-2025
9c4d563a-9c37-42db-a04b-3f52d61694a9,830ce8f7-5de6-4fc4-bbf1-e158b9ff1a25,world,WORLD,65,Golf Digest,2024,https://www.golfdigest.com/story/worlds-100-greatest-golf-courses-2024-2025
867ed077-10a4-4939-9878-7ebf30e53d2d,384d1228-2770-4585-988d-23dd6b539319,world,WORLD,66,Golf Digest,2024,https://www.golfdigest.com/story/worlds-100-greatest-golf-courses-2024-2025
de7b3c87-561b-4d78-bc8e-a1f5c5a867ad,20583e78-8116-408d-a4ef-ddb14125afca,world,WORLD,67,Golf Digest,2024,https://www.golfdigest.com/story/worlds-100-greatest-golf-courses-2024-2025
126c96e0-0530-472d-b897-e794d0895f9f,467725b1-8404-4095-9eec-7ccb98153ca3,world,WORLD,68,Golf Digest,2024,https://www.golfdigest.com/story/worlds-100-greatest-golf-courses-2024-2025
0379615c-146a-4c7e-91e5-a1fd04233f95,a1ea3f77-fdcd-4e15-9fdb-23d25e6e8f0e,world,WORLD,69,Golf Digest,2024,https://www.golfdigest.com/story/worlds-100-greatest-golf-courses-2024-2025
145f47cd-b316-4079-8932-a1782c33cd5e,9f663226-9be0-4e9e-9ebe-b6eea2cb91cc,world,WORLD,70,Golf Digest,2024,https://www.golfdigest.com/story/worlds-100-greatest-golf-courses-2024-2025
ed8b0718-fd86-450a-827c-b7392a8990f1,59e9c790-9e3c-4dcb-9814-3f5493532394,world,WORLD,71,Golf Digest,2024,https://www.golfdigest.com/story/worlds-100-greatest-golf-courses-2024-2025
362a94b4-0378-4fe4-a1a3-b08a79e5cc07,f5b9bad7-947e-4f1b-b1c9-4d07710a0c97,world,WORLD,72,Golf Digest,2024,https://www.golfdigest.com/story/worlds-100-greatest-golf-courses-2024-2025
b2dc5b17-0ae6-4399-bfd3-98385f5b1381,497adb16-06e3-4247-a362-0cee999724f4,world,WORLD,73,Golf Digest,2024,https://www.golfdigest.com/story/worlds-100-greatest-golf-courses-2024-2025
8aca8168-4b89-48b3-8c02-2662e0cd87cd,3f93eb5d-e319-41da-a0f5-7c1a81eb92c5,world,WORLD,74,Golf Digest,2024,https://www.golfdigest.com/story/worlds-100-greatest-golf-courses-2024-2025
d2ae8810-a394-456d-b091-b4d134cb7019,2e98c332-b4c3-4264-9221-7810f0de613c,world,WORLD,75,Golf Digest,2024,https://www.golfdigest.com/story/worlds-100-greatest-golf-courses-2024-2025
35d585e6-6a89-4839-8c7b-0cb97aa9de9e,9364e2fa-d778-4e1f-810e-4a95e38c4c68,world,WORLD,76,Golf Digest,2024,https://www.golfdigest.com/story/worlds-100-greatest-golf-courses-2024-2025
b16c520a-2eb2-4d6c-9413-1c37062b2efc,513bde8e-ca52-48d1-8847-eefc7a07eaff,world,WORLD,77,Golf Digest,2024,https://www.golfdigest.com/story/worlds-100-greatest-golf-courses-2024-2025
501b4f45-82fb-48c2-81de-e714000ff21d,1ecd0644-5782-407b-b830-119dd7a2138f,world,WORLD,78,Golf Digest,2024,https://www.golfdigest.com/story/worlds-100-greatest-golf-courses-2024-2025
8c239be0-ae67-409f-929d-319b6a48d19b,2bcba8d2-3a10-4446-b0bd-75c364bebf5f,world,WORLD,79,Golf Digest,2024,https://www.golfdigest.com/story/worlds-100-greatest-golf-courses-2024-2025
941a8dbf-5e39-4f26-a1b0-8feadca9351d,75f4b4d7-3d52-4bde-a0d6-a5cabc468f5b,world,WORLD,80,Golf Digest,2024,https://www.golfdigest.com/story/worlds-100-greatest-golf-courses-2024-2025
638251f2-d469-4b69-82e6-d2524d88d18d,97da66b8-42f2-4bc7-b003-ac47a66f8bbf,world,WORLD,81,Golf Digest,2024,https://www.golfdigest.com/story/worlds-100-greatest-golf-courses-2024-2025
25b485dd-db25-4c5c-b0c0-6a712e8f22d1,d00e9a42-fbb8-4d90-99ab-27d2cab98f1e,world,WORLD,82,Golf Digest,2024,https://www.golfdigest.com/story/worlds-100-greatest-golf-courses-2024-2025
825bfa7b-6d6f-4abd-b0df-26aa4953ae8e,1bfae0ca-99e7-4691-8ab1-851b05c2bdf8,world,WORLD,83,Golf Digest,2024,https://www.golfdigest.com/story/worlds-100-greatest-golf-courses-2024-2025
4f5204c3-5f27-4234-a1b6-0b984b9e9211,4f66800a-0423-41a4-b3bd-fd74fe60b662,world,WORLD,84,Golf Digest,2024,https://www.golfdigest.com/story/worlds-100-greatest-golf-courses-2024-2025
7f89a293-c95c-48df-b275-9417a3c7dbe3,6257269f-7860-4969-8cd4-2df12837e2c8,world,WORLD,85,Golf Digest,2024,https://www.golfdigest.com/story/worlds-100-greatest-golf-courses-2024-2025
7179d451-d5b1-4495-b194-126e422044db,b62cbaf0-20b7-4ca7-9811-febbfa223e4f,world,WORLD,86,Golf Digest,2024,https://www.golfdigest.com/story/worlds-100-greatest-golf-courses-2024-2025
de73968f-a1a5-4239-9212-61da1620d3d5,6814246f-2ce4-4174-b4af-ba18b154ece3,world,WORLD,87,Golf Digest,2024,https://www.golfdigest.com/story/worlds-100-greatest-golf-courses-2024-2025
da9c42a7-f569-4b8e-a355-5092ce6f1f91,b33d3d23-6dbf-4bcf-a734-eb1215e5b998,world,WORLD,88,Golf Digest,2024,https://www.golfdigest.com/story/worlds-100-greatest-golf-courses-2024-2025
07311883-2ca1-4179-8dfa-27e5a96c327d,fb953543-744d-428e-ba34-1a8ade54043a,world,WORLD,89,Golf Digest,2024,https://www.golfdigest.com/story/worlds-100-greatest-golf-courses-2024-2025
e1b35bc7-3f84-4ee2-8452-df0902eb80ac,87901b03-c283-4f42-8db2-a33d7042281e,world,WORLD,90,Golf Digest,2024,https://www.golfdigest.com/story/worlds-100-greatest-golf-courses-2024-2025
7d2a43da-7b25-4769-a2ca-67b71b58620c,b981b6be-d9d1-4bb0-9b21-e83d5a93c98a,world,WORLD,91,Golf Digest,2024,https://www.golfdigest.com/story/worlds-100-greatest-golf-courses-2024-2025
666eb889-3e05-4428-9f9b-20a8cd3c112d,69d24398-3d03-45c3-82f6-57c776718f17,world,WORLD,92,Golf Digest,2024,https://www.golfdigest.com/story/worlds-100-greatest-golf-courses-2024-2025
78eee186-2820-4362-a8c8-6720bb00ec91,470394be-b174-4b5d-b917-4b1930edda77,world,WORLD,93,Golf Digest,2024,https://www.golfdigest.com/story/worlds-100-greatest-golf-courses-2024-2025
e621cea1-7ee1-48ae-a09c-3264bba5d824,48af5eab-7e99-41dd-9cf1-c4a0cf2f8f97,world,WORLD,94,Golf Digest,2024,https://www.golfdigest.com/story/worlds-100-greatest-golf-courses-2024-2025
c4d4f85b-23a2-4329-84d7-fabee6ede6c9,31c569a1-2c31-4e0e-b27c-813d9d348b46,world,WORLD,95,Golf Digest,2024,https://www.golfdigest.com/story/worlds-100-greatest-golf-courses-2024-2025
c4f3c745-c5d5-4720-8ea8-9febbfeb350e,a9d48c7f-efe2-4f27-9b28-b9c38246fdb3,world,WORLD,96,Golf Digest,2024,https://www.golfdigest.com/story/worlds-100-greatest-golf-courses-2024-2025
a8804063-374c-43b4-bc2d-29f8cbe1961c,83d91a47-18bd-4355-bfeb-923105b01b28,world,WORLD,97,Golf Digest,2024,https://www.golfdigest.com/story/worlds-100-greatest-golf-courses-2024-2025
920088d7-8bd0-475b-957e-66ef67b51f6f,901eb88a-6b25-4b9b-a486-5a2ad65c9e85,world,WORLD,98,Golf Digest,2024,https://www.golfdigest.com/story/worlds-100-greatest-golf-courses-2024-2025
c68b0b5b-f936-4611-8aee-ee0f92c180db,36947a24-6bc5-46df-8207-c035de270c28,world,WORLD,99,Golf Digest,2024,https://www.golfdigest.com/story/worlds-100-greatest-golf-courses-2024-2025
42bfa91d-94c0-46d6-b703-9feca34bf025,d926b50a-1cc1-4ef4-ba5c-0e6d54c4f7db,world,WORLD,100,Golf Digest,2024,https://www.golfdigest.com/story/worlds-100-greatest-golf-courses-2024-2025
