id,stable_id,name,city,state,country,website_url,logo_url,is_custom
c742cde9-cd1e-4504-82a3-013d5f55c3b7,,"""The Old Course"" at Sugar Loaf",Cedar,MI,USA,http://www.sugarloaftheoldcourse.com/,,false
dd4ab96e-d2a1-4be9-9f1d-b09c769045e9,,Ak-Chin Southern Dunes Golf Club,Maricopa,AZ,USA,,,false
7eb8284a-b9d8-451f-9600-a5e59e1a362f,,Aldarra Golf Club,Sammamish,WA,USA,,,false
901eb88a-6b25-4b9b-a486-5a2ad65c9e85,,Amata Spring Country Club,Chonburi,Chonburi,Thailand,,,false
98413f17-286f-4884-be8e-550b0791bfef,,American Dunes,Grand Haven,MI,USA,,,false
1cd5676c-cbcb-458a-97d3-7e583485be15,,Anchorage Golf Course,Anchorage,AK,USA,,,false
866a7c3b-b59f-4793-a53c-c3003c74b08c,,Annandale Golf Club,Madison,MS,USA,,,false
1b4a64b0-43a5-44d5-a492-ec3cb9627fb1,,Ansley Golf Club: Settindown Creek,Roswell,GA,USA,,,false
f216176c-3786-4f58-a86e-8923c5e62ee7,,Antrim Dells,Banks Township,MI,USA,https://www.a-ga-ming.com/antrimdells/,,false
9dc9f0fc-2a7b-4c1a-b751-6d6132300bfa,,Applebrook Golf Club,Malvern,PA,USA,,,false
890631df-6917-41c0-aa88-45d30a1b6a74,,ArborLinks,Nebraska City,NE,USA,,,false
3768c5b4-f25d-4a62-9d63-f5178c04010b,michigan11,Arcadia Bluffs Golf Club,Arcadia,MI,USA,,,false
7d067110-5311-4f12-82b0-f22cbf186e40,michigan9,Arcadia Bluffs: South,Arcadia,MI,USA,,,false
58c581a6-4815-4538-acf2-09006e820153,,Arcola Country Club,Paramus,NJ,USA,,,false
86c10d8e-fcb0-49c9-8059-643302bcf1c7,,Arnold Palmer's Bay Hill Club & Lodge: Challenger/Champion,Orlando,FL,USA,,,false
12f40298-6bb2-45d5-8443-a8d737f0e6e1,usa100,Aronimink Golf Club,Newtown Square,PA,USA,,,false
3fa8b4d6-3e61-4fd5-8b90-67c80aa4f4f6,,Arrowhead Golf Club,Caro,MI,USA,http://1arrowhead.net/,,false
6d6c7a02-efa0-45c0-8865-399e016a828c,,Aspen Glen Club,Carbondale,CO,USA,,,false
8a0cdab3-4f43-46ee-ac55-448504577a44,,Atlanta Athletic Club: Highlands,Johns Creek,GA,USA,,,false
8286ee83-7eaa-4f60-a7d5-e60ad082b253,,Atlanta Athletic Club: Riverside,Johns Creek,GA,USA,,,false
1da1d206-ef40-471c-b4d4-48c45cbd9fc6,,Atlanta Country Club,Marietta,GA,USA,,,false
b18ae135-aa7b-4c59-a4f8-f2f24288b58d,,Atlantic Beach Country Club,Atlantic Beach,FL,USA,,,false
4fa8067c-9d71-41e2-a741-68f3c24d357c,,Atlantic City Country Club,Northfield,NJ,USA,,,false
080148f3-eb8b-4844-b69f-660273eec58a,,Atlantic Golf Club,Water Mill,NY,USA,,,false
ffaca149-2b60-4b14-b763-096adcbfc7d4,,Augusta Country Club,Augusta,GA,USA,,,false
a3a9ca55-5b59-45b2-9e88-397e1fa1dc97,usa2,Augusta National Golf Club,Augusta,GA,USA,,,false
9367dccb-0358-455d-b609-2118d59015d1,,Austin Country Club,Austin,TX,USA,,,false
4aba9998-9e7b-430b-8b26-b8ae014f431d,,Austin Golf Club,Spicewood,TX,USA,,,false
6a89c74a-0391-430d-beca-c39a446d8dd2,michigan98,Bahle Farms Golf Course,Ellsworth,MI,USA,,,false
cedbc6e1-e0e6-435f-a0ba-839bcdfb9c39,,Baker Hill Golf Club,Newbury,NH,USA,,,false
e208e7c6-53c4-4aa3-b2be-56e6e0cc2c5f,,Balcomie Links,Anstruther,Fife,Scotland,https://crailgolfingsociety.co.uk/golf/balcomie-links/,,false
918f2c57-8786-43b6-8d34-538ba82f16ba,,Bally's Golf Links at Ferry Point,Bronx,NY,USA,,,false
fe6c711a-8286-492f-80e7-847d3349ffee,world46,Ballybunion Golf Club (Old),Ballybunion,Kerry,Ireland,,,false
b60d6758-a08b-437d-8ce1-7a9569e061e9,,Ballyhack Golf Club,Roanoke,VA,USA,,,false
4f9d15c7-2f47-4597-8120-5a4ac09dd017,usa34,Ballyneal Golf & Hunt Club,Holyoke,CO,USA,,,false
e06e6b0b-0504-458e-b1c7-523cb1f47986,,Ballyneal Golf Club,Holyoke,CO,USA,,,false
4d1ad651-3082-4fc4-b48c-2038d29c7b01,,Balsam Mountain Preserve,Sylva,NC,USA,,,false
8d7e16a5-ef5b-405d-94f5-59d42197c527,,Baltimore Country Club: East,Lutherville Timonium,MD,USA,,,false
202a0ad6-c66d-4541-8356-b8dd3cc48d31,usa42,Baltusrol Golf Club: Lower,Springfield,NJ,USA,,,false
0c808d59-7252-43ef-8f33-eb140e3302a1,usa84,Baltusrol Golf Club: Upper,Springfield,NJ,USA,,,false
62006e67-161e-4be0-b958-2409c55f9388,usa44,Bandon Dunes,Bandon,OR,USA,,,false
a62e6b61-b5c4-4f8c-8b67-e3e274dca3ce,,Bandon Dunes Golf Resort: Sheep Ranch,Bandon,OR,USA,,,false
76255922-7cea-4771-b2dd-edd8c23ccd58,usa61,Bandon Trails,Bandon,OR,USA,,,false
75e1e7a0-1bb3-44ae-9ee0-4acf457d229e,world66,Banff Springs Golf Club (Thompson),Banff,Alberta,Canada,,,false
534d77f7-54d4-4930-a569-bb96c78ff85b,,Barefoot Resort & Golf: Dye Course,North Myrtle Beach,SC,USA,,,false
8c6d8a8b-e8d5-48fd-8e3c-2a382314e790,,Barefoot Resort & Golf: Fazio Course,North Myrtle Beach,SC,USA,,,false
ec375c46-17b6-439f-ab5b-3caa5a8def2c,,Barnbougle Dunes,Bridport,Tasmania,Australia,,,false
2ed326ce-6b6a-487c-8bfd-f0f41313a56d,world38,Barnbougle Lost Farm,Bridport,Tasmania,Australia,,,false
53dab4b2-6247-4d2e-93e7-90a19b0e91fb,michigan13,Barton Hills Country Club,Ann Arbor,MI,USA,,,false
09572bf5-c12f-49eb-b137-a46a1ce0e6e2,michigan19,Battle Creek Country Club,Battle Creek,MI,USA,,,false
a74d146a-bbf3-4676-81a1-83ee06657c9e,michigan28,Bay Harbor Golf Club: Links/Quarry,Bay Harbor,MI,USA,,,false
45c4d6e0-10bb-47fe-82d6-5082b718cdb3,,Bayonne Golf Club,Bayonne,NJ,USA,,,false
52b750ac-1850-4c7f-af86-f4ca5d204b22,michigan80,Bayview Country Club,Traverse City,MI,USA,,,false
8397df6c-2c76-4a96-a023-bf8228d899c2,,Baywood Greens: Woodside/Waterside,Long Neck,DE,USA,,,false
64cb6d42-ea57-4a16-8916-c10431138a67,,Bear Creek Golf Club,Denver,CO,USA,,,false
1e2a2cf0-c059-46ff-aeee-eddcf8920f39,michigan84,Bedford Valley Golf Club,Battle Creek,MI,USA,,,false
4e701990-83fe-4cb3-adf8-61ab654230f2,,Bel-Air Country Club,Los Angeles,CA,USA,,,false
59d5cbcc-e53b-400b-a6df-60f906bb6566,,Belfair: East,Bluffton,SC,USA,,,false
f4015837-4417-4467-9f57-519c1b1e11a4,,Belfair: West,Bluffton,SC,USA,,,false
36e5ebe5-3946-4a70-8d80-29c4082070eb,,Belgrade Lakes Golf Club,Belgrade Lakes,ME,USA,,,false
c1b00de9-33fe-4d95-aa0b-5cd8137add45,,Belle Meade Country Club,Nashville,TN,USA,,,false
aa8f1462-6bcd-4f2f-bd43-d15ac10e3e69,,Belleair Country Club: West,Belleair,FL,USA,,,false
7238a438-fcaf-4462-8d23-5bf332a00a42,,Bellerive Country Club,Saint Louis,MO,USA,,,false
a797fe39-6c66-451e-a0fe-896ec45c6824,,Belmont Country Club,Belmont,MA,USA,,,false
d8048761-bf68-42b1-b9f7-abce61411770,michigan8,Belvedere Golf Club,Charlevoix,MI,USA,,,false
e0544dff-aab9-48dd-8adb-7277e28d68df,,Berkeley Hall: North Course,Bluffton,SC,USA,,,false
05a717cd-60a4-4a75-9007-26333da446e4,,Berkeley Hall: South Course,Bluffton,SC,USA,,,false
07301426-1dca-4708-b8bc-f679ac18f73e,usa38,Bethpage Black,Farmingdale,NY,USA,,,false
08a312ae-d075-4ae2-a818-9e9419e58a8a,,Beverly Country Club,Chicago,IL,USA,,,false
ed8dba47-05a9-439b-b80b-b700cfa4f236,,Bidermann Golf Course,Wilmington,DE,USA,,,false
4926fd4b-6085-4827-b03d-53aaa5bb5d1f,,Big Cedar Lodge: Buffalo Ridge,Ridgedale,MO,USA,,,false
736435d4-dcf4-45c7-8992-d68b266e381e,,Big Cedar Lodge: Buffalo Ridge,Hollister,MO,USA,,,false
a4d90ba1-1733-41da-ad4e-5e3a6b3f73ac,,Big Cedar Lodge: Ozarks National,Ridgedale,MO,USA,,,false
c2c5901d-bbd0-4382-b46d-93ca33c97a1f,,Big Cedar Lodge: Ozarks National,Hollister,MO,USA,,,false
e3faa4a3-3c6b-4320-93e7-8416b2e006cb,,Big Cedar Lodge: Payne's Valley,Ridgedale,MO,USA,,,false
bd0f0058-1416-4357-84f2-e7c7b74c7b52,,Big Cedar Lodge: Payne's Valley,Hollister,MO,USA,,,false
8d372b8c-060c-4fc3-a5bd-fd004c47de6b,,Big Easy Ranch: The Covey,Columbus,TX,USA,,,false
03f1be44-2e15-4b2a-9e62-711860b52d5c,,Big Spring Country Club,Louisville,KY,USA,,,false
206802cd-3027-4d03-9bde-a22d0c938d81,,Bighorn Golf Club: Canyons,Palm Desert,CA,USA,,,false
a5190e2d-1145-40fb-bf55-85a1af6e969b,,Bighorn Golf Club: Mountains,Palm Desert,CA,USA,,,false
525c3a86-6fbd-426f-9a09-61736111d802,,Biltmore Forest Country Club,Asheville,NC,USA,,,false
2c5f1a01-aec3-4c44-86c5-dad01cf2fd8e,,Birck Boilermaker Golf Complex: Ackerman-Allen,West Lafayette,IN,USA,,,false
65b21553-3b10-4f17-b3ff-c17333a0189c,,Birck Boilermaker Golf Complex: Kampen Course,West Lafayette,IN,USA,,,false
d448bc3c-0173-45c9-9087-47025e98e0b6,,Birdwood Golf Course at Boar's Head Resort,Charlottesville,VA,USA,,,false
5d00679b-32af-4164-b685-20937607992c,michigan24,Birmingham Country Club,Birmingham,MI,USA,,,false
798405fc-f5b8-4a9e-bc06-d74a8786ecf4,,Black Bear Golf Club,Vanderbilt,MI,USA,https://www.golfblackbear.net/,,false
5da5356b-5db8-41f8-b974-e61b80e50d30,,Black Creek Club,Chattanooga,TN,USA,,,false
aada5324-48eb-4594-9958-c7441a570481,,Black Desert Resort,Ivins,UT,USA,,,false
0fbf7c41-0f10-4fba-96eb-c9c601b89c4f,,Black Diamond Ranch: Quarry,Lecanto,FL,USA,,,false
92aaff6d-c2b2-4907-bdd7-61a3652f47f3,,Black Diamond Ranch: Ranch,Lecanto,FL,USA,,,false
bf4cfa0a-065e-4a53-847d-4b5ef30bbf30,,Black Hall Club,Old Lyme,CT,USA,,,false
b1bf8839-e0d4-4d56-ac9f-fdda826cfc89,,Black Lake Golf Club,Onaway,MI,USA,,,false
542fab5d-f1ba-4375-919c-b768eee694f0,,Black Mesa Golf Club,La Cueva,NM,USA,,,false
4b228239-e152-4dff-9760-3400b3f9b265,,Black Mesa Golf Club,Espanola,NM,USA,,,false
5a231213-e75b-4e6a-81f8-d87c2401b17b,,Black Sheep Golf Club: 1st/2nd Nines,Sugar Grove,IL,USA,,,false
1bf41b3f-13ae-4337-93db-a7724bcd931d,,Blackheath Golf Club,Oakland Township,MI,USA,https://www.blackheathgolfclub.com/,,false
cc1903fc-498b-45d0-a69a-c7ac82704a1d,,Blackstone Country Club,Peoria,AZ,USA,,,false
91d5b27a-8929-4263-b7e5-23cee506ae86,,Blackwolf Run: Meadow Valleys,Kohler,WI,USA,,,false
340c503e-38a2-4586-bfcc-3a5d9a055644,,Blackwolf Run: River,Kohler,WI,USA,,,false
4ec2d7bb-0416-4b12-be2e-c3d214cb0b05,,Blackwolf Run: River,,WI,USA,,,false
cb139965-1843-4631-bc14-2f2567f2bfff,,Blessings Golf Club,Fayetteville,AR,USA,,,false
783166f1-528a-47c0-83a3-7db48bd7393c,michigan16,Bloomfield Hills Country Club,Bloomfield Hills,MI,USA,,,false
ea661250-4578-441a-b9ae-c16c9612f584,,Blue Mound Golf & Country Club,Wauwatosa,WI,USA,,,false
c3f37fa3-395f-44f3-b521-ba9f071c1a8e,,Bluejack National,Montgomery,TX,USA,,,false
695a411a-bd86-44c4-a43b-9c947a1a9f99,michigan48,Blythefield Country Club,Belmont,MI,USA,,,false
1ebe8278-4ca5-4065-a463-9d126a96e5b1,,Bob O'Link Golf Club,Highland Park,IL,USA,,,false
5bab2e28-3dd7-4503-9f46-ae343d2100b1,,Boca Rio Golf Club,Boca Raton,FL,USA,,,false
eade9871-e711-4532-b436-5652607e0db3,,Boone Valley Golf Club,Augusta,MO,USA,,,false
31a0b008-520c-435a-a485-6c6520621a52,,Boot Ranch,Fredericksburg,TX,USA,,,false
50cdc302-e4fe-4993-a5cf-703d33708772,,Boothbay Harbor Country Club,Boothbay,ME,USA,,,false
73b7970c-d8e4-476c-bf9c-abc59a8727a6,usa91,Boston Golf Club,Hingham,MA,USA,,,false
6a13a3dc-53ff-4b7a-8298-f9a9815026b3,,Boulder Pointe Golf Club,Oxford,MI,USA,,,false
cc035e17-07a2-4ad3-9ea4-6c54ec223dfa,michigan52,Boyne Highlands: Heather,Harbor Springs,MI,USA,,,false
168c93be-abc2-4612-b279-ec0539699181,michigan91,Boyne Mountain: Alpine,Boyne Falls,MI,USA,,,false
79b3a042-fc20-4000-a876-4b6962ab4520,michigan77,Boyne Mountain: Donald Ross Memorial,Boyne Falls,MI,USA,,,false
72e49877-0da2-4bbb-957c-6c8dcee100ca,,Brae Burn Country Club: Main,West Newton,MA,USA,,,false
d7483d12-0413-4f5d-94c4-9f001b4cd2c4,,Brae-Burn Golf Club,Plymouth,MI,USA,https://www.braeburngc.com/,,false
c719a2ba-6a57-44ab-9009-2ba0abd71cac,,Branson Hills Golf Club,Branson,MO,USA,,,false
a7e9d90a-30cb-4076-a298-85814efa2861,,Brasada Canyons,Powell Butte,OR,USA,,,false
cc18e080-0216-4e0f-b4fa-31a4558e05d2,,Brickyard Crossing Golf Course,Indianapolis,IN,USA,,,false
11739af1-ee35-449b-84c6-2ae14c10bc71,,Briggs Ranch,San Antonio,TX,USA,,,false
0fe86bfa-0c2f-425b-9e3f-8f3640fa9b5c,,Bright's Creek,Mill Spring,NC,USA,,,false
926dfcc7-63f4-44e8-a23b-7177b46199e0,,Bronze Buffalo Sporting Club at Teton Springs,Victor,ID,USA,,,false
b095527a-cb05-4618-8c3b-f260b2fe81ba,,Brook Hollow Golf Club,Dallas,TX,USA,,,false
3c40d17f-cd48-48cb-a926-4b0fe0062912,,Brooklawn Country Club,Fairfield,CT,USA,,,false
6d734e19-ed6d-49b8-b86e-76a1af5eebf2,,Brookside Country Club,Canton,OH,USA,,,false
f492e8f1-e2c3-4558-9154-2d1a33f23a18,,Brookside Golf and Country Club,Columbus,OH,USA,,,false
0e571e28-4aa7-4149-908c-53bf4d34d9a0,,Bruce Hills Golf Course,Romeo,MI,USA,https://golfbrucehills.com/,,false
f00f112b-9e90-4e47-b21b-8cc7491946ff,michigan72,Buck's Run Golf Club,Shepherd,MI,USA,,,false
ed5534b9-acf8-4be9-9792-64be881d3bf2,,Bull Valley Golf Club,Woodstock,IL,USA,,,false
937fc3c4-4cb7-40f9-aeaf-9c4b06d1347e,,Bull's Bridge Golf Club,South Kent,CT,USA,,,false
00f203fd-7722-4a4c-a6d1-977a614ac8d9,,Bulle Rock Golf Course,Havre de Grace,MD,USA,,,false
d3f77c38-6ecb-496f-9fc8-7d79829084d4,,Bulls Bay Golf Club,Mount Pleasant,SC,USA,,,false
8a564bfe-9067-4d78-b45f-f1f6c630fb64,,Bully Pulpit Golf Course,Medora,ND,USA,,,false
ab4a9082-8c56-424c-9be6-beaf5027e530,,Burning Tree Club,Bethesda,MD,USA,,,false
0727a9ac-6fa2-4ac2-ae97-c948f3fb335a,usa87,Butler National Golf Club,Oak Brook,IL,USA,,,false
3704fb73-5662-47dd-8f93-e6532dcd6920,,Butterfield Country Club: White/Blue Nines,Oak Brook,IL,USA,,,false
d926b50a-1cc1-4ef4-ba5c-0e6d54c4f7db,world73,Cabo del Sol (Cove Club),Cabo San Lucas,Baja California Sur,Mexico,,,false
502c90cb-19f9-442f-b77d-ede1888fb6c3,,Cabot Citrus Farms: Karoo,,FL,USA,,,false
2f1d6f19-ccd6-4147-b6c1-131c0837f53d,world14,Cabot Cliffs,Inverness,Nova Scotia,Canada,,,false
6f29ee53-c5fa-48a0-b443-213aebe016e4,world25,Cabot Links,Inverness,Nova Scotia,Canada,,,false
210f3b4d-39ef-4da9-ac7e-2d04b93af6c6,,Cadillac Country Club,Cherry Grove Township,MI,USA,http://www.cadillaccountryclub.org/,,false
476d8788-5f2e-4b8c-8061-19eed5ab3f1a,,Caledonia Golf & Fish Club,Pawleys Island,SC,USA,,,false
66bcb6cc-0d4c-46df-a303-18e1b3120d3a,usa57,California Golf Club of San Francisco,South San Francisco,CA,USA,,,false
dfc059cd-24f0-4e6a-96be-f9925ad2241c,,Callawassie Island: Dogwood/Magnolia/Palmetto,Callawassie Island,SC,USA,,,false
eab94505-356e-444d-8c10-9db68532c83a,usa68,Calusa Pines Golf Club,Naples,FL,USA,,,false
36178b32-c05f-46c0-8260-07e92fe18446,usa48,Camargo Club,Cincinnati,OH,USA,,,false
742257c6-44f1-447e-a82e-7be148a5c163,,Camp Creek Golf Club,Panama City Beach,FL,USA,,,false
67ab808d-e095-4b11-b9d4-b1c87d9b6b4d,,Canterbury Golf Club,Beachwood,OH,USA,,,false
2a1f42e2-7297-4785-89fa-5f77c8b0470d,,Canterwood Golf & Country Club,Gig Harbor,WA,USA,,,false
948442a1-971d-42db-9553-6ca4087cfa4c,,Cantigny Golf: Woodside/Lakeside/Hillside/Youth Links,Wheaton,IL,USA,,,false
497c73d1-e530-4938-bfac-b5c4029b8f1b,usa86,Canyata Golf Club,Marshall,IL,USA,,,false
095c1ec6-d757-4444-89b8-873da489e425,,Canyons Golf Course at Park City Mountain,Park City,UT,USA,,,false
b01bb01c-140f-4cc3-8ae9-60964ee58040,,Cape Arundel Golf Club,Kennebunkport,ME,USA,,,false
b62cbaf0-20b7-4ca7-9811-febbfa223e4f,world89,Cape Breton Highlands Links,Ingonish Beach,Nova Scotia,Canada,,,false
ddeb47f6-4849-45e7-90bc-62211e17f082,,Cape Cod National Golf Club,Brewster,MA,USA,,,false
7f8479a4-19b8-43ec-939c-11b73b97ee9b,,Cape Fear Country Club,Wilmington,NC,USA,,,false
daeb65ae-2f91-4a60-893f-ec8dffd1f873,world32,Cape Kidnappers Golf Course,Te Awanga,Hawke's Bay,New Zealand,,,false
436dea20-722e-4ea4-bc72-57bf452af70d,world13,Cape Wickham Golf Links,Wickham,Tasmania,Australia,,,false
1cee0760-fa89-47c6-b082-62875ebf5f98,,Capilano Golf & Country Club,West Vancouver,British Columbia,Canada,,,false
a8b21129-50bb-468d-85ec-dce05ce20a76,,Capital City Club: Brookhaven,Atlanta,GA,USA,,,false
8b75f143-0df5-4f5a-8044-9dbf88110807,,Capital City Club: Crabapple,Alpharetta,GA,USA,,,false
c43400fd-5286-4f19-ae8f-56160cafbf05,usa72,CapRock Ranch,Valentine,NE,USA,,,false
0813eaca-554f-457a-b1b2-3c7f0652758e,world16,Carnoustie Golf Links (Championship),Carnoustie,Angus,Scotland,,,false
1f8cc208-c4f4-44bd-9548-f5c63de500d3,,Casa de Campo (Dye Fore),La Romana,La Romana,Dominican Republic,,https://www.casadecampo.com.do/,false
6bc5f941-31db-4a02-bd65-0f6bef5bfa75,,Casa de Campo (The Links),,La Romana,Dominican Republic,,https://www.casadecampo.com.do/,false
bdca0802-c26c-439b-86c5-b321a9762146,world50,Casa de Campo: Teeth of the Dog,La Romana,La Romana,Dominican Republic,,,false
6758e5d4-c5af-471b-a6c2-c7637096330d,,Cascata,Boulder City,NV,USA,,,false
a0c1da7b-6f0d-42cf-9a15-c03b533789a4,usa50,Castle Pines Golf Club,Castle Rock,CO,USA,,,false
838f1439-a852-4dba-be44-a4fd6f5e44d1,,Castle Stuart Golf Links,Inverness,Highland,Scotland,,,false
3ac72a34-bf4b-4dd7-a194-865612fb7449,,Cattails Golf Club,South Lyon,MI,USA,https://www.cattailsgolfclub.com/,,false
8fea1fdd-4b91-4779-9f4d-cf7c5aa518c0,,Caves Valley Golf Club,Owings Mills,MD,USA,,,false
4442a0fc-e729-4e63-91e9-5123a75d0b63,,CDA National (formerly The Club at Rock Creek),Coeur D Alene,ID,USA,,,false
85af65eb-00df-4fe9-ba9d-afa7017f63f8,,Cedar Rapids Country Club,Cedar Rapids,IA,USA,,,false
9755d687-bfad-4603-9593-8dc3de29e9ab,,Cedar Ridge Country Club,Broken Arrow,OK,USA,,,false
df439f51-4b1b-487e-a43a-419d462b6230,michigan49,Cedar River at Shanty Creek,Bellaire,MI,USA,,,false
1ecca085-f91f-4b98-a6ad-94eb1a8181ff,,Century Country Club,Purchase,NY,USA,,,false
d76e26ad-0105-4ee5-9966-2690f4810277,,Chambers Bay,University Place,WA,USA,,,false
8e49e439-581a-4aaf-b90d-ba1655bfd98b,michigan46,Champion Hill Golf Course,Marshall,MI,USA,,,false
97131cbf-24ed-4980-a1e3-3e15a02f5b55,,Champion Hills Club,Hendersonville,NC,USA,,,false
571e7289-2bf6-457b-9d75-92b02f334336,,Champions Golf Club Cypress Creek,Houston,TX,USA,,,false
63da5dbe-5aca-4ca9-8082-742651d277d1,,Champions Golf Club Jackrabbit Course,Houston,TX,USA,,,false
9ff68ef5-a407-4e1d-8d97-a165fa95f962,,Champions Retreat: Bluff/Island,Evans,GA,USA,,,false
64aac25f-b103-4518-81ca-9b880b85a3a5,,Championship Golf Course At University of New Mexico,Albuquerque,NM,USA,,,false
8efefe6e-ed4b-4b5d-bf2a-24da78c3184d,,Chandler Park Golf Course,Detroit,MI,USA,https://chandlerparkgolfcourse.com/,,false
0a2f48c3-895c-4290-94f3-6895a9ea6eda,,Chaparral Pines,Payson,AZ,USA,,,false
ad8f880b-e46a-4b20-9a4a-de764365badb,,Charles River Country Club,Newton,MA,USA,,,false
0d50520e-2165-4394-9ea1-2fd9f62ea25c,,Charlotte Country Club,Charlotte,NC,USA,,,false
001fb5b6-a2d6-460a-b362-9a6d50524d24,,Chattanooga Golf & Country Club,Chattanooga,TN,USA,,,false
b0feadf6-1ed5-4d15-8ac5-616af7809652,,Chechessee Creek Club,Okatie,SC,USA,,,false
e40bc553-dee8-431a-b18f-c5d9cb150280,,Chenal Country Club: Bear Den,Little Rock,AR,USA,,,false
215c2cf1-b5a3-441a-97b3-84e0e0d7dd46,,Chenal Country Club: Founders,Little Rock,AR,USA,,,false
9de1a4fe-bd7b-46de-89d2-d1f947c81e31,,Cherokee Town & Country Club: North,Atlanta,GA,USA,,,false
08a4f4d8-d904-4cd9-b69e-e73f669c3abf,,Cherokee Town & Country Club: South,Atlanta,GA,USA,,,false
258dc43d-3c9f-4a8e-9d0e-40272826255f,,Cherry Creek Country Club,Denver,CO,USA,,,false
221e6e8a-c571-40cc-ae93-db29f7d7ce6d,,Cherry Creek Golf Club,Shelby Township,MI,USA,,,false
cef785d7-d6d7-4218-b2b1-78759a4ab642,,Cherry Creek Golf Club,Shelby Township,MI,USA,https://www.cherrycreekgolf.com/,,false
83173464-6e63-43ce-9c63-d611c003b2fb,usa63,Cherry Hills Country Club,Englewood,CO,USA,,,false
2f28ebf1-2bba-4659-856d-13aa62aa2090,,Chevy Chase Club,Chevy Chase,MD,USA,,,false
3d03e70a-a4c9-4a6b-8484-e2daf2c4686a,usa11,Chicago Golf Club,Wheaton,IL,USA,,,false
068d853f-e40e-49a9-bbdb-a82ef25f9f25,,Chicago Highlands Club,Westchester,IL,USA,,,false
89231433-8411-4e72-a1d8-06addf3632e1,,Circling Raven Golf Club,Worley,ID,USA,,,false
a7587fd3-349b-4948-88d4-07793c8bfc4f,,Claremont Country Club,Oakland,CA,USA,http://www.claremontcountryclub.com,,false
fc8d7b1b-59a4-4643-b5c4-e4e04d712192,,Claremont Golf Club,Portland,OR,USA,http://www.claremontgolfclub.com/,,false
972e8ee8-9576-4cef-afcf-f96eae54a843,,Clear Creek Tahoe,Carson City,NV,USA,,,false
3a4433bd-ddc6-4acf-b2b3-befc08efedec,,Cochiti Golf Club,Cochiti Lake,NM,USA,,,false
2ef4d8c3-29fa-419b-ab2c-fa50aa6bcf5c,,Coeur d'Alene Resort Golf & Spa Resort,Coeur D Alene,ID,USA,,,false
31e76203-7311-43ff-a24b-0cd83a4b6743,,Cog Hill Golf & Country Club: # 4 - Dubsdread,Lemont,IL,USA,,,false
7f941f62-4eb6-4095-84c5-b26d22500e60,,Cog Hill Golf & Country Club: Dubsdread (Course #4),Lemont,IL,USA,,,false
82e925a0-d743-48c8-99d8-d4687e00cfad,,Colbert Hills,Manhattan,KS,USA,,,false
9604faea-87f3-4100-8b3c-a5e151e1ddfe,,Coldstream Country Club,Cincinnati,OH,USA,,,false
71b01400-5c7d-48ae-a973-8b8820f48c7c,michigan81,College Fields Golf Club,Okemos,MI,USA,,,false
dd55d5c2-9f22-45e0-a513-9dcf9ee67a7a,,Colleton River Club: Jack Nicklaus Course,Bluffton,SC,USA,,,false
20e20994-8fa6-4332-a138-c1441c8e7473,,Colleton River Club: Pete Dye Course,Bluffton,SC,USA,,,false
66e09f54-deda-41a3-b16d-7e205256541d,,Colonial Country Club,Fort Worth,TX,USA,,,false
1d89dec9-34ae-4fbe-b473-67bfde17060a,,Colonial Country Club (South),Cordova,TN,USA,,,false
486e09c2-df81-4ccb-bb83-2d1498059017,,Colonial Golf Course,Hart,MI,USA,https://www.colonialgolfhart.com/,,false
f77042d3-b6fb-4fd8-8baa-efa34480853b,,Colorado Golf Club,Parker,CO,USA,,,false
728e2d38-7d34-4ab3-b39b-eb530bd4627d,,Columbia Country Club,Chevy Chase,MD,USA,,,false
b7bd6ac7-87d7-4264-8874-2b814d93147f,,Columbia Edgewater Country Club,Portland,OR,USA,,,false
2e94188e-3202-410f-aef1-98d88dc7e0c6,,Columbine Country Club,Littleton,CO,USA,,,false
c18e4679-f85b-4ce0-a22f-49c485568c8a,,Columbus Country Club: Championship,Columbus,OH,USA,,,false
a007908e-8b09-4abb-8876-4ea19f8603ba,,Commonwealth National Golf Club,Horsham,PA,USA,,,false
7878538e-bf67-4600-94ee-95b18b2d6365,,Concord Country Club,Concord,MA,USA,,,false
178228c5-7107-4e70-a2fb-1db902716b7d,,Conestoga Golf Club,Mesquite,NV,USA,,,false
ee8aa084-ddb1-433f-a70b-2c1f4d5c08b6,usa40,Congaree Golf Club,Ridgeland,SC,USA,,,false
b3225f30-6384-4d73-91e1-6c78915bf62b,,Congress Lake Club,Hartville,OH,USA,,,false
3b8b3cee-190b-47ea-9bed-178cd6dbb44c,usa67,Congressional Country Club: Blue,Bethesda,MD,USA,,,false
65fdfa9b-8018-4170-bc41-d00f68fb02b6,,Congressional Country Club: Gold,Bethesda,MD,USA,,,false
01831cf0-ab1c-42e6-a329-7b37a69adb5a,,Conway Farms Golf Club,Lake Forest,IL,USA,,,false
e73d38b9-d630-4b4d-b0c4-9f68b3e05aa7,,Copper Hills Golf and Country Club,Oxford,MI,USA,https://copperhills.com/,,false
64c58674-90c4-4f0d-b5b0-5db43bdaf47c,,Copper Rock,Hurricane,UT,USA,,,false
749828c8-cf94-4573-8e8c-dec77d572685,,Coral Creek Club,Placida,FL,USA,,,false
be03cb3a-bd55-45fd-ad96-3874cce46b6f,,CordeValle Golf Club,San Martin,CA,USA,,,false
58365aa0-79cc-4295-9439-11bd49a71165,,Country Club of Charleston,Charleston,SC,USA,,,false
b73b1671-1ae6-4378-917f-850653a193ca,michigan14,Country Club of Detroit,Grosse Pointe Farms,MI,USA,,,false
a0aa0ebd-4b88-4e11-b83b-c3490aafad35,,Country Club of Fairfield,Fairfield,CT,USA,,,false
cc84965d-a1ae-4d9c-ac13-0b3997e0f1ce,michigan58,Country Club of Jackson,Jackson,MI,USA,,,false
9f756d0f-2b48-4cbe-99f2-74cd4138b6f6,michigan55,Country Club of Lansing,Lansing,MI,USA,,,false
699114fc-e964-445a-9ed7-daa8d66ce973,,Country Club of North Carolina: Dogwood,Pinehurst,NC,USA,,,false
7ed87ac0-e03c-4868-bfc4-09e0ce6f4841,,Country Club of the Rockies,Edwards,CO,USA,,,false
02d04d14-729d-47ba-8576-ebb256f51126,,Country Club of Vermont,Waterbury Center,VT,USA,,,false
b33d3d23-6dbf-4bcf-a734-eb1215e5b998,,County Sligo Golf Club - Rosses Point (Colt Championship),Rosses Point,Sligo,Ireland,,,false
e156a237-966d-4939-82f8-2d3c4d45ed06,,Coyote Preserve Golf Club,Fenton,MI,USA,https://www.coyotepreserve.com/,,false
6986a09f-7191-4766-8e53-25048bddfb15,,Coyote Springs Golf Club,Coyote Springs,NV,USA,,,false
1d66914b-2d7a-41fb-a8a5-8c2042729d6b,,Crag Burn Golf Club,East Aurora,NY,USA,,,false
8c71496d-f18a-49a1-9ad5-9525a19fc204,,Craigielaw Golf Course,,East Lothian,Scotland,https://www.craigielawgolfclub.com/,,false
d0e0d20c-61ed-4298-b1db-d9818bd137a3,usa99,Crooked Stick Golf Club,Carmel,IN,USA,,,false
b2750d89-f116-4935-9a77-3a6292727441,,Crosswater Golf Course,Sunriver,OR,USA,,,false
3b5e17b8-4bd4-4d9f-a531-b1b4082363cb,world26,Cruden Bay Golf Club,Cruden Bay,Aberdeenshire,Scotland,,,false
9f5f1ade-93bf-4a8c-8cf9-4a384345a653,usa15,Crystal Downs Country Club,Frankfort,MI,USA,,,false
f608f92f-b7d1-48c4-a88d-c062568b0b0d,michigan92,Crystal Mountain: Mountain Ridge,Thompsonville,MI,USA,,,false
9ac968ff-e792-47c9-a6e1-99147f52e802,,Currahee Club,Toccoa,GA,USA,,,false
a4e78ad3-be87-4d58-b4c8-25c1c2a049da,,Cutalong At Lake Anna,Mineral,VA,USA,,,false
2d09ffa8-9f36-48fc-a984-90f392b2eb80,usa3,Cypress Point Club,Pebble Beach,CA,USA,,,false
7c1d2fc0-e844-4a15-985a-864fd602c76c,,Dacotah Ridge Golf Club,Morton,MN,USA,,,false
61a9e1f3-d8ae-46e3-9a1b-ba69cbf40411,,Dakota Dunes Country Club,Dakota Dunes,SD,USA,,,false
2b5024ed-ac80-46c3-822e-cdb467052278,,Dalhousie Golf Club,Cape Girardeau,MO,USA,,,false
38bef293-9539-40bf-b69b-9e2c9625df86,usa96,Dallas National Golf Club,Dallas,TX,USA,,,false
8fe99cfe-906b-419c-b209-2e8b07f07347,,Dancing Rabbit Golf Club: Azaleas,Philadelphia,MS,USA,,,false
a467e057-9330-4451-8aa6-fdd51dc83f99,,Dancing Rabbit Golf Club: The Oaks,Philadelphia,MS,USA,,,false
998b24a4-d060-47aa-8cfb-1465a992c107,,Daniel Island Club: Beresford Creek,Charleston,SC,USA,,,false
d1acd0f8-bd21-4901-bea2-b7a79bf4a35a,,Daniel Island Club: Ralston Creek,Charleston,SC,USA,,,false
a2f999e2-67ef-4ddc-ab99-af7ee2010ff1,,Davenport Country Club,Bettendorf,IA,USA,,,false
53e35b75-7c58-48db-901e-3a43a88ebe85,,Deacon's Lodge Golf Course,Pequot Lakes,MN,USA,,,false
1148c68a-25a1-47d4-af50-e0f9a0891ac9,michigan39,Dearborn Country Club,Dearborn,MI,USA,,,false
d0a1df1d-0ff2-44ce-87b4-f468be874398,,DeBordieu Club,Georgetown,SC,USA,,,false
ff1670d5-73bf-4a58-8d95-c3abea57c684,,Dedham Country and Polo Club,Dedham,MA,USA,,,false
032389cd-a54f-4876-8200-7e7956875ac0,,Deepdale Golf Club,Manhasset,NY,USA,,,false
0d36d759-baec-420d-af5f-089e824accc0,,Denver Country Club,Denver,CO,USA,,,false
dc863843-b99a-45d6-825f-7963ea1e8965,,Des Moines Golf and Country Club: North,West Des Moines,IA,USA,,,false
03e5af32-c8cc-451a-9ab0-57df0a83e1f2,,Des Moines Golf and Country Club: South,West Des Moines,IA,USA,,,false
39f26893-891f-483c-b27b-39ee5d5da66d,,Desert Canyon Golf Resort,Orondo,WA,USA,,,false
3fb0ba59-1df5-43ee-801d-b4b9e78d2ee8,,Desert Forest Golf Club,Carefree,AZ,USA,,,false
f7af07d6-a499-40cb-9be4-a3ce99d04e0c,,Desert Highlands Golf Club,Scottsdale,AZ,USA,,,false
f95ec258-5a8c-40d4-bef3-8f4883e433bb,,Desert Mountain Club: Chiricahua Course,Scottsdale,AZ,USA,,,false
35d1d4d0-f792-42bc-93cd-f3c145fa30e7,,Desert Mountain Club: Cochise Course,Scottsdale,AZ,USA,,,false
2b579cb2-e930-4020-80d9-eb6b2914ab1d,,Desert Mountain Club: Geronimo Course,Scottsdale,AZ,USA,,,false
bfc1269e-830b-491f-bad0-cd52246767e0,,Desert Mountain Club: Outlaw Course,Scottsdale,AZ,USA,,,false
86b6916f-fd9f-4062-ab9f-dda65b8c3568,,Desert Mountain Club: Renegade Course,Scottsdale,AZ,USA,,,false
5740268d-50c5-4686-b17d-9122d67c24be,michigan30,Detroit Golf Club: North,Detroit,MI,USA,,,false
33240633-e672-4cf1-9e44-1c24de372c42,michigan56,Detroit Golf Club: South,Detroit,MI,USA,,,false
717c1cc2-be0b-4ed2-9f6d-cb780536bda8,,Diamante Country Club,Hot Springs Village,AR,USA,,,false
50503f9d-f7f2-4b10-aec7-9ede5a930c57,world64,Diamante Golf Club: Dunes,Cabo San Lucas,Baja California Sur,Mexico,,,false
9db9eac3-2da9-4038-b9e6-f34192418005,usa95,Diamond Creek,Banner Elk,NC,USA,,,false
f7dc84f4-9514-45a9-8529-6d5b2a864e9a,michigan27,Diamond Springs Golf Course,Hamilton,MI,USA,,,false
c8345b18-709c-4b1f-bc6a-114d79d3aae3,,Dismal River Club: Red,Mullen,NE,USA,,,false
6d45d718-c6f3-410f-be36-d0c69fe1b0c8,,Dismal River Club: White,Mullen,NE,USA,,,false
10cedc66-a185-4bfc-9b37-d600dd66440f,,Dormie Club,West End,NC,USA,,,false
e1122a28-9677-4111-b196-3a97512b3840,,Dornick Hills Golf & Country Club,Ardmore,OK,USA,,,false
575cf4bd-953f-42ce-b93a-3ab0a1285d10,,Dorset Field Club,Dorset,VT,USA,,,false
d5d7436a-0ea2-4cb3-8e6f-41af3c90974a,,Double Eagle Club,Galena,OH,USA,,,false
a7061cf4-63b8-4dc5-bf3d-96add051b1ac,,Downing Farms Golf Course,Salem Township,MI,USA,http://www.downingfarmsgolf.com,,false
093a8dd3-5681-4faf-90e9-900a0539fdf8,,DragonRidge Country Club,Henderson,NV,USA,,,false
a6e15215-8601-4f03-b668-897997b1ad09,,Driftwood Golf Club,Driftwood,TX,USA,,,false
0e6e8b2f-26df-461a-9390-6e4b849f6a90,,Druid Hills Golf Club,Atlanta,GA,USA,,,false
408c1cb3-70f2-4889-ac9e-56571ddf8fcc,,Duke University Golf Club,Durham,NC,USA,,,false
39cecaf3-9f3f-49bc-98c2-1ed0128a2ec5,,Dunbar Golf Club,Dunbar,East Lothian,Scotland,https://www.dunbargolfclub.com/,,false
b286d900-fce0-451f-b96b-046638888a6a,michigan100,Dunes Club,New Buffalo,MI,USA,,,false
34b6e43a-335b-4c1e-b02b-2b476fe37e75,,Dunmaglas Golf Club,Charlevoix,MI,USA,https://www.dunmaglas.com/,,false
4ebfe859-665b-4798-a797-35c5df9f341c,,Dunwoody Country Club,Atlanta,GA,USA,,,false
75f4b4d7-3d52-4bde-a0d6-a5cabc468f5b,,Durban Country Club,Durban,KwaZulu-Natal,South Africa,,,false
333987f7-17e6-4878-9142-474a78d41d1b,,Eagle Crest Golf Club,Ypsilanti,MI,USA,,,false
968c5c13-9923-4e85-85d7-26bcdb966df7,michigan37,Eagle Eye Golf Club,Bath,MI,USA,,,false
8fbd5bd7-d676-4583-ae67-6f1963d1585e,,Eagle Glen Golf Course,Farwell,MI,USA,https://www.golfeagleglen.biz/,,false
d94d3ae4-ae37-48c5-b5cc-16e274ba6436,,Eagle Point Golf Club,Wilmington,NC,USA,,,false
dd8308ee-d050-4ede-b456-350729f3ffaa,,East Hampton Golf Club,East Hampton,NY,USA,,,false
f7418b1d-a4ad-4aa9-b74a-9156429937cd,,East Lake Golf Club,Atlanta,GA,USA,,,false
10da6c8e-c917-4542-9804-4230094f1b55,,Eastward Ho!,Chatham,MA,USA,,,false
9b25ed69-c1ae-4489-907c-fc7f2edd99e3,,Edgewood Tahoe Golf Course,Stateline,NV,USA,,,false
b9033aed-5037-45c3-801a-1c58ad80cff9,michigan68,Egypt Valley Country Club: Ridge,Ada,MI,USA,,,false
9e6c4051-0eda-4c51-9109-ba9fb27578a1,,Eisenhower Golf Club: Blue,USAFA Academy,CO,USA,,,false
c2d44b1d-a45d-4a87-83d5-a14a0aca3c25,,Ekwanok Country Club,Manchester,VT,USA,,,false
07e33b18-ca3b-4295-bb29-ec352fdfd081,,El Camelón Golf Course at Mayakoba,Playa Del Carmen,Quintana Roo,Mexico,,https://mayakoba.com/el-camaleon-golf-course/,false
faaaba1f-5df9-4662-9661-46a3d9fdb01c,,Eldorado,Clam Lake Township,MI,USA,https://www.golfeldorado.com/,,false
c38258cd-561f-4fa9-b69e-eda90eab97d7,,Eldorado Country Club,Indian Wells,CA,USA,,,false
39d743e0-5d8d-4213-8f05-f1868c32fc79,,Elk River Club,Banner Elk,NC,USA,,,false
7306809a-fd5d-43fe-b23d-fc2e66e2cd62,,Elkhorn Ridge Golf Club,Spearfish,SD,USA,,,false
0799b85f-41e8-4e59-a1dd-f2841b2f5ea8,,Emerald Dunes Club,West Palm Beach,FL,USA,,,false
6abe78a7-4874-4095-a022-66691a13f398,,Emerald Vale Golf Club,Cedar Creek Township,MI,USA,https://www.emeraldvale.com/,,false
a37136d1-639f-424e-8fe4-1fa13db214b9,,Engineers Country Club,Roslyn,NY,USA,,,false
6814246f-2ce4-4174-b4af-ba18b154ece3,,Enniscrone (The Dunes),Enniscrone,Sligo,Ireland,,,false
79b0cf45-1cf4-41fe-aa12-9384f3f28c4e,,Entrada at Snow Canyon,Saint George,UT,USA,,,false
1973fb27-4612-4c35-9b2a-a64dcba1f82a,usa49,Erin Hills,Erin,WI,USA,,,false
8d384e02-9468-4214-abe6-b91e3df91830,,Escondido Golf & Lake Club,Horseshoe Bay,TX,USA,,,false
f8333e3a-cffa-4912-b4fd-e95d9f7f0f57,,Esplanade At Azario Lakewood Ranch,Lakewood Ranch,FL,USA,https://www.esplanadeazarioclub.com/golf/golf-information,,false
1857effd-371a-4640-a942-d50b2d2ebe34,usa78,Essex County Club,Manchester-by-the-Sea,MA,USA,,,false
c4757492-4187-4a24-a34a-ceb897f27b85,,Essex County Club,Manchester,MA,USA,,,false
73f40d8e-c97e-4761-a7fa-f83b765446d8,,Essex County Country Club,West Orange,NJ,USA,,,false
af4dc359-645c-4944-88b8-846f8338d90d,,Eugene Country Club,Eugene,OR,USA,,,false
b41d849c-36d2-4d3d-a47d-d33fa9dccaa6,,Evergreen Resort,Clam Lake Township,MI,USA,http://www.mcguiresresort.com/,,false
0eb7d971-3e11-4d0a-a6f9-c1c0aa6ffb4f,,Exmoor Country Club,Highland Park,IL,USA,,,false
e96a69f6-df36-494b-b65e-39caf16dc627,,Fallen Oak,Saucier,MS,USA,,,false
f8b27d70-0309-46a5-8479-e4ca59204417,,Fargo Country Club,Fargo,ND,USA,,,false
4c215cb0-eabd-45db-a381-0650cdb372af,,Farmington Country Club: North & South Nines,Charlottesville,VA,USA,,,false
ed84cf1f-0df6-496f-bcdf-a752161f7d65,michigan86,Farmington Hills Golf Club,Farmington Hills,MI,USA,,,false
59072001-19a2-4391-993a-70762c9cbb2e,,FarmLinks Golf Club,Sylacauga,AL,USA,,,false
ebd48c45-a36c-4165-8b30-2e949f5b2b5a,,Fenway Golf Club,Scarsdale,NY,USA,,,false
f81b6951-d530-4452-abb0-fb9202d01b5d,,Fields Ranch PGA of America Frisco: West Course,Frisco,TX,USA,,,false
07852000-a682-45d4-b30b-31a8fe74af3c,,Fieldstone Golf Club,Auburn Hills,MI,USA,https://www.fieldstonegolfclub.com/,,false
97869502-a316-47aa-a158-a8b97c54a427,,Firestone Country Club: North,Akron,OH,USA,,,false
b62afc92-dd8d-4760-bbf9-4fc453fa3ad8,,Firestone Country Club: South,Akron,OH,USA,,,false
659e21a6-c637-46ef-a1fa-87658c5cfa13,,Firethorn Golf Club,Lincoln,NE,USA,,,false
365cf78d-8ce7-406c-a91a-447a60ce4363,usa10,Fishers Island Club,Fishers Island,NY,USA,,,false
bc57fe74-6179-4f79-914d-f42533344e87,,Flagstaff Ranch Golf Club,Flagstaff,AZ,USA,,,false
6ef16854-ec2a-4413-9d51-0ece00bc9676,michigan40,Flint Golf Club,Flint,MI,USA,,,false
f43341bb-6b66-4ec3-bac3-00001ac641bc,,Flint Hills National Golf Club,Andover,KS,USA,,,false
c6b34673-3322-4c9c-9605-d96e2f2ae863,,Floridian National Golf Club,Palm City,FL,USA,,,false
0f72af32-96b1-4dc0-bb48-285ef6f19329,,Flossmoor Golf Club,Flossmoor,IL,USA,,,false
0839c93e-0b31-4f72-9f87-26ce4e0177dc,michigan90,Forest Akers West,East Lansing,MI,USA,,,false
3bd51c6e-807f-416e-bf86-cdc39be15f07,,Forest Creek Golf Club: North Course,Pinehurst,NC,USA,,,false
933ab6c9-9f55-46b3-8d19-85d161d5ee29,,Forest Creek Golf Club: South Course,Pinehurst,NC,USA,,,false
6477cbed-547a-4c9a-86a4-085b14fa3d4a,michigan10,Forest Dunes Golf Club,Roscommon,MI,USA,,,false
3b844a09-a674-44f0-aa8f-51813117a61c,,Forest Highlands Golf Club: Canyon,Flagstaff,AZ,USA,,,false
b58cb667-b917-4a8c-8b05-780f13a82a2f,,Forest Highlands Golf Club: Meadow,Flagstaff,AZ,USA,,,false
81f9d6d8-ea97-4a29-8959-537ba32274e4,,Forsgate Country Club (Banks),Monroe Township,NJ,USA,,,false
556eb091-f612-4a53-920a-e36b5adefd80,,Fossil Trace Golf Club,Golden,CO,USA,,,false
4ff19915-71f4-49d8-b158-501b67d541f1,,Four Streams,Beallsville,MD,USA,,,false
d9770dcb-44de-45ee-8349-a945ebb5cd05,,Fowler's Mill Golf Course: River,Chesterland,OH,USA,,,false
a4220729-67aa-448f-9a03-956ebbaa77c6,,Fox Chapel Golf Club,Pittsburgh,PA,USA,,,false
7fbe79fe-b1fd-4172-98c7-40c723b84d62,,Fox Creek Golf Course,Livonia,MI,USA,https://www.golflivonia.com/foxcreek/,,false
08e3cb12-1fa5-4cbd-b114-7b7e8116919b,,Fox Run Golf Club,Eureka,MO,USA,,,false
7a8d5760-f9bc-4d59-ac89-6a65f515aee7,michigan3,Franklin Hills Country Club,Franklin,MI,USA,,,false
4f90e4e7-cea1-4055-8c34-7ce134c6efff,,Frederica Golf Club,Saint Simons Island,GA,USA,,,false
eedd640b-d1b0-4b7f-9d94-fe157089d2f7,,French Creek Golf Club,Elverson,PA,USA,,,false
bfb59e4c-cb0b-46ec-bcb0-f54641a95305,,French Lick Resort: Donald Ross Course,French Lick,IN,USA,,,false
2e84ffef-cd45-48b7-97a7-1967ccce7f7d,,French Lick Resort: Pete Dye Course,French Lick,IN,USA,,,false
debec220-0bec-402a-99d0-266feb60982c,usa14,Friar's Head,Riverhead,NY,USA,,,false
0989b9ca-31d2-4a23-a6d2-92c34b2d353c,,Friar's Head Golf Club,Riverhead,NY,USA,,,false
0a1e4043-d022-42aa-83b3-2cb65f246140,,Frost Creek Golf Club,Eagle,CO,USA,,,false
2c11536e-3f0a-4417-b58f-f4bd8d37bc3c,,Full Cry at Keswick Golf Club,Keswick,VA,USA,,,false
5a235144-c907-465c-85dd-f3daae5c1213,,Gaillardia Country Club,Oklahoma City,OK,USA,,,false
209c943f-1821-4258-9d58-abd543f0eccb,,Galloway National Golf Club,Absecon,NJ,USA,,,false
2de2d519-345f-410f-839b-dcfb79781969,,Gamble Sands,Brewster,WA,USA,,,false
6257269f-7860-4969-8cd4-2df12837e2c8,,Ganton Golf Club,Ganton,North Yorkshire,England,,,false
f8289715-14ab-42d3-8cd7-1e551e89262d,usa58,Garden City Golf Club,Garden City,NY,USA,,,false
7aa71b66-6cd3-4bf8-a0d9-326fd7d1c2b6,,Garland Golf Resort: Fountains,Lewiston,MI,USA,,,false
5eac1220-f27a-4d4c-9d40-a50b43e04403,,Garland Golf Resort: Monarch,Lewiston,MI,USA,,,false
f9679096-f823-4fe8-9dbe-5f514c8463f4,,Garland Golf Resort: Reflections,Lewiston,MI,USA,,,false
175bc798-fc77-43d1-b8c6-1722f4cbe9ff,,Gaylord Country Club,Elmira Township,MI,USA,https://www.gaylordcountryclub.com/,,false
4b7378fc-128e-4035-bb5d-bc1683a42ef7,,Glen Oaks Club (White/Blue),Old Westbury,NY,USA,,,false
5581a10b-1b24-4263-91d2-85bdbb6ecfda,,Glen Oaks Country Club,West Des Moines,IA,USA,,,false
adf6d218-7254-43a9-9bfd-bc40d4b845ee,,Glens Falls Country Club,Queensbury,NY,USA,,,false
6502e84c-5f87-44bd-9339-64010b8e5578,,Glenwild Golf Club & Spa,Park City,UT,USA,,,false
b10fff24-f8c8-4203-a35e-35c615c4a370,,Gold Mountain Golf Club Olympic Course,Bremerton,WA,USA,,,false
0e376578-b923-4e3f-9121-b8bf378727c0,,Golden Fox at Fox Hills,Plymouth,MI,USA,,,false
e3626c54-711c-4ec4-a660-ec8aa90f55c7,,Golden Horseshoe Golf Club: Gold Course,Williamsburg,VA,USA,,,false
24c30193-80dd-44cb-bcf3-7cab15d8e695,,Golden Ocala Golf & Equestrian Club,Ocala,FL,USA,,,false
76e65ec3-0979-4b4e-b665-738c46b3f450,,Golf Club At Dove Mountain: Saguaro/Tortolita,Marana,AZ,USA,,,false
4b8454c1-1946-4887-9f6c-7f81dbf3cbbd,,Golf Club of Houston: Tournament Course,Humble,TX,USA,,,false
2590d06b-67ac-4208-84d5-c85f44bf5432,,Golf Club of the Bluegrass,Nicholasville,KY,USA,http://www.golfclubofthebluegrass.com/,,false
2c4dc7c4-6610-43cc-b3fd-f01e7fdc74a9,,Governors Club: Lakes & Foothills,Chapel Hill,NC,USA,,,false
afe5554a-f0dd-4bc9-9da3-ab25c01416a2,usa43,Gozzer Ranch Golf & Lake Club,Harrison,ID,USA,,,false
ddffe99a-1067-49ce-9089-defaf9af8fb4,,Gozzer Ranch Golf and Lake Club,Harrison,ID,USA,,,false
be626cdb-f953-4180-ba42-ed41a3341456,,Grand Bear Golf Club,Saucier,MS,USA,,,false
5dc875f9-d4de-423f-8218-d1faade9ea14,michigan65,Grand Traverse Resort: The Bear,Williamsburg,MI,USA,,,false
86e46089-9779-4488-b50e-2657d48b9842,michigan69,Grand Traverse Resort: The Wolverine,Williamsburg,MI,USA,,,false
d8048568-a15a-4d8d-bb9b-ee855fc91f2b,,Grande Dunes Resort Course,Myrtle Beach,SC,USA,,,false
02899490-bb65-44b0-9685-420f95ef69df,michigan97,Grande Golf Club,Jackson,MI,USA,,,false
576ee809-8e5f-45c1-bed6-e24e2664158e,,Grandfather Golf & Country Club,Linville,NC,USA,,,false
e2114a19-188f-4bed-8cf2-4615c1584dd3,,GrayBull Club,Maxwell,NE,USA,,,false
8422cf8d-7d85-4fa8-b67d-534b1efc5815,,Grayhawk Golf Club: Raptor,Scottsdale,AZ,USA,,,false
fb60b0db-3448-4b75-8a71-2e56a2e25917,,Great River Golf Club,Milford,CT,USA,,,false
daba0b7d-9e77-4222-b796-6ffc7defaaa7,,GreatHorse,Hampden,MA,USA,,,false
625e80c0-466b-46c6-9ab6-582c52d9dd4c,,Green Bay Country Club,Green Bay,WI,USA,,,false
2aa73605-7042-4e0b-91ae-6d059d327d01,,Green Briar,Lupton,MI,USA,,,false
3869a418-9192-4854-b519-6f7f4e6acd50,,Greensboro Country Club Farm Course: Farm,Greensboro,NC,USA,,,false
27278dc7-c13e-4192-8588-e7ed2baff028,,Greenville Country Club: Chanticleer Course,Greenville,SC,USA,,,false
f52021db-fed7-46c0-a5a6-c17a76e81482,,Greenville Country Club: Riverside Course,Greenville,SC,USA,,,false
3dcdbe17-5e95-47a0-8788-9ac600d7a85e,,Greg Hardy,,,USA,,,false
a701b8c8-64bf-4686-a599-cf6e09acaacd,,Greystone Golf & Country Club: Founders Course,Birmingham,AL,USA,,,false
b83c1325-275f-4177-950f-5d527cf53637,,Greystone Golf & Country Club: Legacy Course,Birmingham,AL,USA,,,false
c0b9f80d-e32d-440d-85c7-5b31824a19b6,,Greystone Golf Club,Washington,MI,USA,https://www.golfgreystone.com/,,false
78cc91c4-4de4-4183-a174-b3f784d47448,michigan4,Greywalls at Marquette Golf Club,Marquette,MI,USA,,,false
7fbd4186-39cc-4965-a95b-c09d481e9269,,Grizzly Ranch Golf Club,Portola,CA,USA,,,false
c6171062-03bf-46a1-a584-60d20158c256,michigan26,Grosse Ile Golf & Country Club,Grosse Ile,MI,USA,,,false
6a7d57f1-c192-46fb-8915-7ca8218982b0,michigan85,Gull Lake Country Club,Richland,MI,USA,,,false
b1fa8cd2-f063-492d-8f8d-da138e23b80f,michigan41,Gull Lake View: Stoatin Brae,Augusta,MI,USA,,,false
3560b716-3b42-4dab-ae53-998b21013f10,,Gulph Mills Golf Club,King of Prussia,PA,USA,,,false
6e08f3a2-5b5e-406b-851d-3249fbf8fbff,,Hackensack Golf Club,Oradell,NJ,USA,,,false
1c325b3b-a6d9-439e-85f3-832b2baa300c,,Haig Point: Signature (Calibogue and The Haig),Hilton Head Island,SC,USA,,,false
7672a72e-ee1e-4140-b5db-2610820e36ff,,Hallbrook Country Club,Leawood,KS,USA,,,false
493899f2-7505-42af-8fb2-6fad5bb84081,,Hamilton Farm Golf Club (Highlands),Gladstone,NJ,USA,,,false
7729c6ca-f1f9-4722-ac8c-1ec7dcac2d62,world39,Hamilton Golf & Country Club (West/South),Ancaster,Ontario,Canada,,,false
b29c7342-6560-4d5c-a979-ea037c772c0a,,Hammock Beach Golf Resort & Spa: Conservatory Course,Palm Coast,FL,USA,,,false
99999d84-ac7e-4c9e-8f60-eb70e5675280,,Hammock Beach Golf Resort & Spa: Ocean Course,Palm Coast,FL,USA,,,false
61570258-9d10-4759-9ff3-32b52d8075f4,,Hammock Dunes Club: Creek,Palm Coast,FL,USA,,,false
9b45cf66-5366-4730-a25f-192dd549d1b7,,Hanah Mountain Resort Country Club,Margaretville,NY,USA,http://www.hanahcountryresort.com,,false
49d0429d-4d2d-4534-b5c6-a2ff1321eb43,michigan71,Harbor Pointe Golf Club,Harbor Springs,MI,USA,,,false
da4b4dd6-9f0c-4af4-abb5-ccf2b2f1f86e,,Harbour Town Golf Links,Hilton Head Island,SC,USA,,,false
d4d8574b-09ed-44b3-b369-739ffe86294e,,Harbour Town Golf Links,,SC,USA,,,false
9b499775-e43d-4ca7-95ec-b84960a26ee3,michigan78,Hawk Hollow Golf Course,Bath,MI,USA,,,false
a6288e26-7e0a-4f35-82f2-bb21d705852d,michigan64,Hawk's Eye Golf Resort,Bellaire,MI,USA,,,false
85680a86-8c11-4d40-a164-b2fb9d072d45,,Hawks Ridge Golf Club,Ball Ground,GA,USA,,,false
f9911ef8-954d-4235-9dff-13b8739b80c9,,Hawktree Golf Club,Bismarck,ND,USA,,,false
dd177e4e-6cf0-4ed1-8fda-3f8196983c9a,,Hazeltine National Golf Club,Chaska,MN,USA,,,false
d966f8e8-252a-43e7-8bb5-b6f6206b7122,michigan79,Hemlock Golf Club,Casco,MI,USA,,,false
1010fbcf-9096-4be6-a54c-faea12a48d3d,,Hickory Creek Golf Course,Ypsilanti,MI,USA,https://www.hickorycreekgolf.com/,,false
a157a58c-021b-4cb1-aa2a-028f8d3654ec,,Hidden Creek,Egg Harbor Township,NJ,USA,,,false
d72e9493-2bab-4032-bcfb-516e7e70ec0a,michigan63,Hidden River Golf & Casting Club,Brutus,MI,USA,,,false
dd7ad3f1-5fc7-4c48-b912-dfecc60c6640,,High Hampton Resort: High Hampton,Cashiers,NC,USA,,,false
92170f8a-8a0b-4230-a07a-442305078cb3,,High Ridge Country Club,Lantana,FL,USA,,,false
c65818a0-dcd4-47a5-b57b-99d828f68127,,Highland Springs Country Club,Springfield,MO,USA,,,false
af748825-c4a9-4f6b-9f75-ecf8d97a442f,,Hillcrest Country Club,Bartlesville,OK,USA,,,false
a26e771c-796e-450b-81c7-2fd94987d510,,Hillcrest Country Club,Los Angeles,CA,USA,,,false
2af227a8-da4c-4a8a-9de9-3eaa283c6342,,Hillwood Country Club,Nashville,TN,USA,,,false
093e4883-9ed8-47a6-982e-ffed2469ae28,,Hilton Head National Golf Club,Bluffton,SC,USA,http://www.hiltonheadnational.com,,false
f2447f22-3c42-4226-88c6-bbd1023c97ec,world12,Hirono Golf Club,Miki,Hyogo,Japan,,,false
4a02fdf5-fbab-42cb-a51f-f76b1b2d0aa6,,Holliday Farms Golf Club: Championship Course,Zionsville,IN,USA,,,false
b6682ed2-e8a7-4bec-9be8-f9dc66634938,,Hollywood Golf Club,Deal,NJ,USA,,,false
1ad90a76-4c64-4279-b6d8-8bea2c2d6f75,,Holston Hills Country Club,Knoxville,TN,USA,,,false
86083fc8-620d-4be4-abc5-5119ad4b7c47,,Hope Valley Country Club,Durham,NC,USA,,,false
d6f8f508-862b-4f72-896a-f63af859d45d,,Hualalai Resort,Kailua Kona,HI,USA,,,false
e4005f8c-3e87-4dc5-9983-0b5591d4a10f,usa88,Hudson National Golf Club,Croton-on-Hudson,NY,USA,,,false
a46b60fe-28dd-41a1-9d8f-02be8a61cd43,,Hudson National Golf Club,Croton On Hudson,NY,USA,,,false
936a23e0-61ad-4421-8f65-ab2726ff049c,,Huntingdon Valley Country Club: Toomey/Flynn,Huntingdon Valley,PA,USA,,,false
5f42ae01-7349-4d3a-90e8-4dfcf895c32d,,Huntsville Golf Club,Dallas,PA,USA,,,false
45b066ed-9795-4584-ad95-3916cf74cad6,,Huron Meadows Golf Course,Brighton,MI,USA,https://golf.metroparks.com/huron-meadows-metropark.html,,false
4c57b09e-aaff-44ab-acc2-def3f8d47df8,,Hurstbourne Country Club,Louisville,KY,USA,,,false
7fafda58-b0c1-4076-baf8-a9833eb5e2b9,,Hyannisport Club,Hyannisport,MA,USA,,,false
fffee4b6-383e-4c2f-98e3-b773d3b00a6e,,Idle Hour Country Club,Lexington,KY,USA,,,false
5a67f0c8-f4f4-4e9f-877d-5fd03e4dd2cb,,Idylwylde Golf & Country Club,,ON,Canada,,,false
114458a4-5664-487b-bad0-b305725b45b3,,Incline Village Championship Course,Incline Village,NV,USA,,,false
9854556a-dea1-4ef8-b3d5-d904c715decc,,Independence Golf Club: Championship,Midlothian,VA,USA,,,false
053563fa-9cd1-4953-8767-f66c6dda552f,,Indian Creek Country Club,Indian Creek Village,FL,USA,,,false
1ea224e6-e9a4-470b-bd37-0a49c20bb8f6,,Indian River Golf Club,Indian River,MI,USA,http://www.indianrivergolfclub.com/,,false
15e26252-222b-4de7-8037-095fa84b7390,michigan15,Indianwood Golf & Country Club: Old,Lake Orion,MI,USA,,,false
49693e53-5a4e-456c-9a63-04dd998e2cdf,,Innisbrook Resort Golf Club Copperhead Course,Palm Harbor,FL,USA,http://www.innisbrookgolfresort.com/,,false
d495376a-3895-45c4-bbfd-526e250afff5,,Innisbrook Resort Golf Club Island Course,Palm Harbor,FL,USA,https://www.innisbrookgolfresort.com/,,false
67f6c189-6410-4eb6-a751-bdb7b91bf792,,Innisbrook Resort: Copperhead,Palm Harbor,FL,USA,,,false
2a73a848-031d-4b7c-bf29-20fc33875537,usa64,Interlachen Country Club,Edina,MN,USA,,,false
03308a33-603e-4d34-8015-643c6476d802,usa62,Inverness Club,Toledo,OH,USA,,,false
da4bec35-1b34-4929-bd3e-4dc893df566f,,Isleworth,Windermere,FL,USA,,,false
0d147006-f46c-46ab-afe7-6fa4af629d86,,Ivanhoe Club: Prairie/Forest,Ivanhoe,IL,USA,,,false
2e98c332-b4c3-4264-9221-7810f0de613c,,Jack Nicklaus Golf Club Korea,Icheon,Gyeonggi,South Korea,,,false
497adb16-06e3-4247-a362-0cee999724f4,,Jack's Point Golf Club,Queenstown,Otago,New Zealand,,,false
83aba57f-9643-4f40-a98b-ce51663677b1,world35,Jasper Park Lodge Golf Club,Jasper,Alberta,Canada,,,false
454db3de-de8c-4571-8546-c9da7b9de0f0,,Jeremy Ranch Golf & Country Club: Jeremy,Park City,UT,USA,,,false
7a4513d4-9c18-4afa-af23-7d13d4268263,,Jimmie Austin Golf Club At The University of Oklahoma,Norman,OK,USA,,,false
e22894e1-93b5-409f-a062-c05b6d58b072,,John's Island Club: West Course,Sebastian,FL,USA,,,false
b25c7703-130f-45e8-a45b-b03161f91edc,,Jubilee Course,,,USA,http://www.standrews.org.uk/Play/Courses/Jubilee-Course,,false
39d2ca22-31c3-4b08-a789-537b9d28e376,,Jupiter Hills Club: Hills,Tequesta,FL,USA,,,false
a7b04f27-e745-479c-aba8-487bc2303f3e,,Jupiter Hills Club: Village,Tequesta,FL,USA,,,false
37a5b856-dc66-42a1-b2f0-683fb5acb29e,,Kansas City Country Club,Mission Hills,KS,USA,,,false
fd49500e-173d-4957-b8a7-ce613ed38bb7,,Kapalua: Bay,Lahaina,HI,USA,,,false
3de9dea0-76bd-4276-8bed-58cbbc4e6b04,,Kapalua: Plantation,Lahaina,HI,USA,,,false
0398fea2-96f9-430c-b44b-ada8d71f2e7e,,Karsten Creek Golf Club,Stillwater,OK,USA,,,false
93c2c69d-8b27-496d-b57b-b2296701033e,,Katke-Cousins Golf Course,Rochester Hills,MI,USA,,,false
8a22d1d4-0cf9-443c-9074-e03930293285,world67,Kauri Cliffs,Matauri Bay,Northland,New Zealand,,,false
d4575894-e270-489f-80fc-429ba3858528,world40,Kawana Golf Resort (Fuji),Ito,Shizuoka,Japan,,,false
8e4978d1-e569-48f6-b460-9ee6ab129e97,,Kebo Valley Club,Bar Harbor,ME,USA,,,false
c4f367d0-df91-4295-ab44-401335bc1037,,Keene Trace Golf Club: Champion Trace,Nicholasville,KY,USA,,,false
b05ebb82-fad8-4ca3-ab1d-80457e628567,,Kemper Lakes Golf Club,Kildeer,IL,USA,,,false
578cd2ae-c544-4975-96dc-1a9523c1dd7c,,Keney Park Golf Course,Hartford,CT,USA,,,false
cb36c9d4-c68b-42e4-a8e0-3d393322e0e7,,Kenosha Country Club,Kenosha,WI,USA,,,false
d4097603-4d8c-4d58-bdab-5c32f0bed903,michigan47,Kent Country Club,Grand Rapids,MI,USA,,,false
34bb7e88-c743-47d1-a7db-5260ca6d4f8b,,Keystone Ranch Golf Course,Keystone,CO,USA,,,false
f89e4ad2-e307-43ad-9332-621aae684396,,Kiawah Island Club: Cassique,Johns Island,SC,USA,,,false
eca35870-4543-4165-9a5f-ae5b5e562585,,Kiawah Island Club: River,Johns Island,SC,USA,,,false
16ba1d51-1847-4b65-9f38-fa9b1bb7f777,,Kiawah Island Golf Resort: Osprey Point,Johns Island,SC,USA,,,false
56582108-3dc5-4ba3-baef-6dcc5a9e8dd7,usa30,Kiawah Island Golf Resort: The Ocean Course,Kiawah Island,SC,USA,,,false
9817c13a-a794-4ca6-b82b-6852ffe0696a,,Kiawah Island Golf Resort: Turtle Point,Kiawah Island,SC,USA,,,false
d6937dc0-0adf-4ead-834e-b4f78cbd337c,,Kiawah Island: Ocean Course,Kiawah Island,SC,USA,,,false
175e0ccc-38d2-4fa3-b559-82c1ccba2b83,,Kilspindie Golf Club,Aberlady,East Lothian,Scotland,http://kilspindiegolfclub.co.uk/,,false
359a08fa-773d-4817-ab62-6d721d9f4534,world22,Kingsbarns Golf Links,Kingsbarns,Fife,Scotland,,,false
b84f21e7-5be2-4ff3-8184-9de6b9e48aea,michigan1,Kingsley Club,Kingsley,MI,USA,,,false
cf03ad4f-34c4-4e3e-8a05-34ef42934e29,,Kingsmill Resort: The River Course,Williamsburg,VA,USA,,,false
62d2e9d5-4676-47c3-9f2f-1b9bb418d734,,Kingston Heath Golf Club,Cheltenham,Victoria,Australia,,,false
d2d84b1e-430f-4366-8026-3834dcbeee86,usa79,Kinloch Golf Club,Manakin Sabot,VA,USA,,,false
297d36aa-d494-43e4-af11-dd2c95480fc1,,Kiva Dunes Golf Course,Gulf Shores,AL,USA,,,false
4c2faa9f-c83c-4860-9bb7-94e3121f776f,,Knollwood Club,Lake Forest,IL,USA,,,false
f831399d-0c90-44ea-822a-2f9113a3840f,michigan88,Knollwood Country Club,West Bloomfield,MI,USA,,,false
99238908-d6ba-4c73-8a95-98a61386ff57,,Kohanaiki Golf & Ocean Club,Kailua Kona,HI,USA,,,false
4b9c95d8-e1d8-4ca0-b2fe-13d8479fb5ec,,Koninklijke Haagsche (Royal Hague),Wassenaar,South Holland,Netherlands,,,false
6ad4c7e1-bcb6-4530-b44f-bf32385af0ed,,Kukio Golf Club,Kailua Kona,HI,USA,,,false
9871c1b4-12ea-4d8d-9afd-72b9eed175b8,,La Gorce Country Club,Miami Beach,FL,USA,,,false
e0b89c98-99eb-4e05-97ce-979a3b86ef04,usa83,Ladera Golf Club,Thermal,CA,USA,,,false
14a46410-6c6f-4f9a-9bb4-4f6827a5156f,,Lahinch Golf Club (Old),Lahinch,Clare,Ireland,,,false
01ba1d21-8c58-4099-a441-8c52cfa640ff,,Lahontan Golf Club,Truckee,CA,USA,,,false
b4427220-d977-4630-b38b-37ab91d4e4df,,Lake Forest Golf Club,Ann Arbor,MI,USA,https://www.lakeforestgc.com/,,false
2ce0622e-8e1f-4371-b8f2-e8559a4af248,,Lake Jovita Golf Country Club North Course,Dade City,FL,USA,http://lakejovita.com/,,false
e379635b-9652-4659-a0cb-6f302ab65f48,,Lake Merced Golf Club,Daly City,CA,USA,,,false
032cd8b8-ee4c-4902-a6f5-ba8c408435c9,,Lake Nona Golf & Country Club,Orlando,FL,USA,,,false
df326286-cfa6-4e31-93a8-e7df2f97ee2d,,Lake of Isles: North Course,North Stonington,CT,USA,,,false
8eaec61a-43d2-4196-8007-360ac78431df,,Lake of Isles: South Course,North Stonington,CT,USA,,,false
8fc48ce5-2d13-4e6e-b61f-288c9b3cbf46,,Lake Shore Country Club,Glencoe,IL,USA,,,false
35b90774-0528-4d5c-8827-ff5f6ec931aa,,Lake Sunapee Country Club,New London,NH,USA,,,false
0fd075b2-7240-4e8d-b676-39bb1d897fdb,,Lake Winnipesaukee Golf Club,New Durham,NH,USA,,,false
c3f5861a-32f4-4d9b-a4b2-7a336a0a5424,,Lakeside Golf Club,Burbank,CA,USA,,,false
ed6dd284-b46b-4bd0-b740-d453bd736816,,Lakewood Country Club of Naples,East Naples,FL,USA,https://www.lakewoodcountryclubnaples.com/,,false
cc500471-5e77-4cc7-8370-6d9644640aa1,,Lakewood on the Green,Cadillac,MI,USA,https://www.lakewoodonthegreen.com/,,false
1c6d4fe3-f543-403f-8f80-add9c860a351,,Lakewood Shores Resort: Blackshire,Oscoda,MI,USA,,,false
39264edf-715f-4f44-9756-a496a0c721d2,michigan94,Lakewood Shores: The Gailes,Oscoda,MI,USA,,,false
cb8151ba-9733-4f1d-891a-89f89444b84b,,Lancaster Country Club: Meadow Creek/Dogwood,Lancaster,PA,USA,,,false
9a4590af-f636-4828-bfa3-3fdb23cebd3d,,Landmand,Homer,NE,USA,,,false
3d10a68c-e1b3-4f65-99d7-2e40c0c82100,,Las Vegas Paiute Golf Resort: Snow Mountain,Las Vegas,NV,USA,,,false
5a1e1d3d-8277-48fc-ba60-4594861e2f01,,Las Vegas Paiute Golf Resort: Wolf,Las Vegas,NV,USA,,,false
e054969a-bcea-451f-82ce-b20913dea2b0,,Laurel Valley Golf Club,Ligonier,PA,USA,,,false
c998f5a1-ff27-4573-8fbf-91a0c1e84b15,,LedgeRock Golf Club,Mohnton,PA,USA,,,false
6eecefc7-2d9b-4e67-91ff-5fa3ad67e742,,Legends Club,Prior Lake,MN,USA,,,false
d6c219f7-2b2d-4037-b999-b7765c1d97d1,,Lehigh Country Club,Allentown,PA,USA,,,false
830ce8f7-5de6-4fc4-bbf1-e158b9ff1a25,world90,Leopard Creek Country Club,Malelane,Mpumalanga,South Africa,,,false
4b18b24f-969d-414c-a4e8-209d0f0a3b39,,Leslie Park Golf Course,Ann Arbor,MI,USA,https://leslieparkgolf.com/,,false
97d7d634-e4a1-49d0-a2fe-9d932881cf7d,,Lexington Country Club,Lexington,KY,USA,,,false
0b3f09f6-a316-46f0-a8d1-1000a8688e56,,Liberty National Golf Club,Jersey City,NJ,USA,,,false
e0d92e52-9ec8-4ccd-8867-0e4be3a7d22e,,Links At Perry Cabin,Saint Michaels,MD,USA,,,false
182fa614-2f18-487d-9574-2217261ddef4,,Linville Golf Club,Linville,NC,USA,,,false
c90258ea-bf27-41a1-bf81-5e4d6bd27128,,Linville Ridge,Linville,NC,USA,,,false
dd70c5a4-6e0f-4def-8e41-3d13d839d467,,Little Traverse Bay,Petosky,MI,USA,,,false
1b706eac-165e-45bb-822e-3990352148ea,,Llanerch Country Club,Havertown,PA,USA,,,false
d822f8f5-702d-46b1-a1de-97768dcbb301,,Loblolly,Hobe Sound,FL,USA,,,false
20583e78-8116-408d-a4ef-ddb14125afca,world49,Loch Lomond Golf Club,Luss by Alexandria,Argyll and Bute,Scotland,,,false
f2ab406f-378f-43c4-9d4f-3ad1070d0ad4,michigan38,Lochenheath Golf Club,Williamsburg,MI,USA,,,false
0a8f6927-52b8-4cbc-95d0-c51885f1ad92,,Lochinvar Golf Club,Houston,TX,USA,,,false
ac1e6fa8-1a02-4736-99e0-a0001acfd5f7,,Lofoten Links,Gimsøysand,Nordland,Norway,,,false
b55414af-8cd1-4274-b590-4bcf54c422c1,,Long Cove Club,Hilton Head Island,SC,USA,,,false
79b00272-1214-481f-8364-b1250e624605,,Longmeadow Country Club,Longmeadow,MA,USA,,,false
71d05966-fa86-4e78-b3ed-3d054f7f8937,,Longue Vue Club,Verona,PA,USA,,,false
a19c9137-e093-4d19-adfe-f491b4f9733c,,Lookaway Golf Club,Buckingham,PA,USA,,,false
86043857-13d7-4705-a93d-7c7672177dda,,Lookout Mountain Club,Lookout Mountain,GA,USA,,,false
4b401c17-a33b-40d6-aa67-f14e86281d31,usa16,Los Angeles Country Club: North,Los Angeles,CA,USA,,,false
84506034-4438-441d-99b3-0d6cc078c2de,,Los Angeles Country Club: South,Los Angeles,CA,USA,,,false
9b553996-1344-4a4b-9364-65f46cbb3344,michigan20,Lost Dunes Golf Club,Bridgman,MI,USA,,,false
36826c5b-5d07-4120-b2b2-b64f800ec71f,,Lost Rail Golf Club,Gretna,NE,USA,,,false
17ab2322-7ee9-453f-89c5-14bbaad37d00,,Lost Tree Club,North Palm Beach,FL,USA,,,false
7649a652-52f9-4380-82bf-7152e1e79462,world47,Machrihanish Golf Club,Machrihanish,Argyll and Bute,Scotland,,,false
98daef80-d1bf-4e30-b688-19d72d20ad44,,Madden's on Gull Lake: The Classic at Madden's,Brainerd,MN,USA,,,false
acf7b709-961f-453f-983d-6f8ab561b32e,usa53,Maidstone Club,East Hampton,NY,USA,,,false
df23f9c1-5669-4d60-bb65-3b5bafb5bcc9,,Makai Golf Club,Princeville,HI,USA,,,false
5383fd75-8d5a-47d0-a762-da1664bde3c0,,Maketewah Country Club,Cincinnati,OH,USA,,,false
70a1b7ae-4138-43bf-9816-31e509b19da9,,Mammoth Dunes,Nekoosa,WI,USA,,,false
317f7a32-d56b-40dd-a64d-841c3bb7b3de,,Manchester Country Club,Bedford,NH,USA,,,false
f82962ac-ff2f-4dcd-9da5-dc38411284f0,,Manele Golf Course,Lanai City,HI,USA,,,false
86cfb219-8e50-4711-b4fe-d0d9f1cde7f1,,Manele Golf Course,Lanai,HI,USA,,,false
772d3d27-157d-46e3-bc18-d7a941dc1aa0,,Manhattan Woods Golf Club,West Nyack,NY,USA,,,false
b88f9b1b-4b00-420c-8b45-1c120513068f,,Manistee Golf & Country Club,Manistee,MI,USA,http://www.mgandcc.com/,,false
a034560a-94cd-4f64-9f10-59c62cafac36,,Manistee National - Retreat,Manistee,MI,USA,,,false
faba6ec7-d867-41b9-8e2c-c8e3dcc28cd3,,Manistee National - Revenge,Manistee,MI,USA,,,false
9a3e9af7-0df4-4510-9552-91babfefa241,michigan87,Manitou Passage Golf Club,Cedar,MI,USA,,,false
475ff28a-859d-43e3-8a72-afe52e5a617d,,Manufacturers' Golf & Country Club,Fort Washington,PA,USA,,,false
364a9884-5436-4005-9f2b-377fc5c0e2e9,,Maple Leaf Golf Course,Fraser Township,MI,USA,https://www.golfmapleleaf.com/,,false
c300439e-2841-45bb-8888-0ef0652ff0b9,,Maridoe Golf Club,Carrollton,TX,USA,,,false
6e6f841e-cf79-4260-9e0a-07c3b866eb3b,,Maroon Creek Club,Aspen,CO,USA,,,false
49958e60-f280-44cc-b687-06a13c80dec1,michigan42,Marquette Golf Club: Heritage,Marquette,MI,USA,,,false
92a101b9-cff1-4acf-98cb-60d88b60ca1a,,Martis Camp,Truckee,CA,USA,,,false
7bd905da-6969-42cc-b685-c105ed994ac2,,Mattaponi Springs Golf Club,Ruther Glen,VA,USA,,,false
4be84f85-4558-4b79-8865-64016650b880,,Mauna Kea Beach Hotel Golf Course,Waimea,HI,USA,,,false
c6ca6ad6-f7a7-41ed-b73a-28153f098452,,Mauna Kea Beach Hotel Golf Course,Kamuela,HI,USA,,,false
2e10225c-9f5f-4335-b654-b094648979ee,,Mauna Lani Resort: North,Kamuela,HI,USA,,,false
eab8b8c1-eb78-4bca-823c-bf5736fcf90a,,Mauna Lani Resort: South,Kamuela,HI,USA,,,false
dca02432-f6a9-46b2-a146-822af5e84ec6,,May River Golf Club At Palmetto Bluff,Bluffton,SC,USA,,,false
6cd3534f-f247-43fe-afd0-53a6d91c89d4,,Mayacama Golf Club,Santa Rosa,CA,USA,,,false
8c6d1245-1e94-4830-96cb-731ae202c0f2,,Mayfield Sand Ridge Golf Club: Sand Ridge,Chardon,OH,USA,,,false
a28ee887-cf49-42ef-93c1-dc5f8a4accf7,,McArthur Golf Club,Hobe Sound,FL,USA,,,false
dc63a364-1a12-465a-8393-1036184a9f9b,,Meadow Brook Club,Jericho,NY,USA,,,false
650c0cf1-3877-4952-b1f2-5f9acba7cf48,,Meadow Club,Fairfax,CA,USA,,,false
59605236-e47e-444d-b9b8-d8df6f577c04,michigan5,Meadowbrook Country Club,Northville,MI,USA,,,false
4371bdf1-caab-45c1-9314-e5b5aaf204a1,,Medalist Golf Club,Hobe Sound,FL,USA,,,false
810cd7bf-8ba4-432b-b8e8-ec0c58f27e9d,,Medinah Country Club: No. 1,Medinah,IL,USA,,,false
64e9fd9b-978e-41d5-9bca-1327bcf2f810,,Medinah Country Club: No. 2,Medinah,IL,USA,,,false
2c628494-306d-4d47-ab6b-e2871d203f9f,usa74,Medinah Country Club: No. 3,Medinah,IL,USA,,,false
926ff27e-d155-49ea-9cca-36488189abc6,,Memphis Country Club,Memphis,TN,USA,,,false
52e4b471-b498-4efc-b251-7cb0743c4b5a,,Memphrémagog Golf Club,Magog,Quebec,Canada,,,false
8df04058-d9cd-4c40-a53c-6584ebc203b4,,Menlo Country Club,Redwood City,CA,USA,,,false
2e383ceb-d99d-40df-9f82-d2ee3756d262,usa6,Merion Golf Club: East,Ardmore,PA,USA,,,false
bd58798f-d1e7-4c40-97cc-63d31a76dddf,,Merion Golf Club: West,Ardmore,PA,USA,,,false
f6cea2ec-06c3-49b6-a10c-335819300349,,Metairie Country Club,Metairie,LA,USA,,,false
84bced3c-9f6d-4275-aad1-23e06c8ba970,,Metedeconk National Golf Club: 1st/3rd,Jackson,NJ,USA,,,false
7c9aa85e-08c7-4312-8d84-2cd71a3d02a6,,Metropolis Country Club,White Plains,NY,USA,,,false
78caee06-ce04-458a-a665-9a1ffa8ddf2a,,Miacomet Golf Course,Nantucket,MA,USA,,,false
0c400c2a-c082-4724-8a12-0d24ae85fc31,world44,Mid Ocean Club,St. George's,St. George's Parish,Bermuda,,,false
dbeb9428-21da-4379-8a57-085d6b9235e0,,Mid Pines Inn & Golf Club,Southern Pines,NC,USA,,,false
9ac1f698-2bcd-4863-9c57-6d811fb8c420,,Midland Hills Country Club,Roseville,MN,USA,,,false
5e2acdb6-a8dc-43c6-813c-208a8607ece7,,Milburn Country Club,Overland Park,KS,USA,,,false
9e2b8679-6aa6-442e-b5e9-5925d643faa8,usa97,Milwaukee Country Club,River Hills,WI,USA,,,false
f69a7a56-7ae4-4199-b8a8-28f0741da678,,Minneapolis Golf Club,Saint Louis Park,MN,USA,,,false
85a93e6c-da92-423c-9668-0b216fd89423,,Minnehaha Country Club,Sioux Falls,SD,USA,,,false
618ce982-efe6-4445-8a22-a6594201b490,,Minnesota Valley Country Club,Bloomington,MN,USA,,,false
4975432a-84f1-4036-b6cc-d5e1c54cba07,,Mirabel Golf Club,Scottsdale,AZ,USA,,,false
4788fffa-7b58-4ce3-94de-72b43cc8c77c,,Miramont Country Club,Bryan,TX,USA,,,false
a668bae3-5833-4261-8a58-68d8bc7c0227,,Missaukee Golf Club,Lake City,MI,USA,https://www.missaukeegolfclub.com/,,false
02c00bd9-ea77-4ad8-91fe-2cfbc323fc25,,Mission Hills Country Club: Tournament,Rancho Mirage,CA,USA,,,false
bd946de2-2c3a-421d-91e5-8f9266dfba8e,,Misty Creek Country Club,Sarasota,FL,USA,http://www.mistycreek.net/,,false
2ee141c6-4353-4c77-a603-bdfe2a030014,michigan96,Monroe Golf & Country Club,Monroe,MI,USA,,,false
196b82a2-a36c-4a4d-a856-07634d8b8151,,Monroe Golf Club,Pittsford,NY,USA,,,false
34f0f9ec-1d54-443f-bf0a-2eb2bdf02690,,Montauk Downs State Park Golf Course,Montauk,NY,USA,,,false
384d1228-2770-4585-988d-23dd6b539319,,Monte Rei Golf and Country Club,Vila Nova de Cacela,Algarve,Portugal,,,false
e6add876-93fe-4fc4-966c-3cc93a337287,usa77,Monterey Peninsula Country Club: Dunes,Pebble Beach,CA,USA,,,false
c6b8a61d-30c2-457c-bd03-68a9cdff930e,usa55,Monterey Peninsula Country Club: Shore,Pebble Beach,CA,USA,,,false
2611fd94-c580-408d-b164-af93ee9af637,,Montreux Golf & Country Club,Reno,NV,USA,,,false
0fadbf5f-6564-4e95-9d0c-e2f7b35c6bd1,michigan82,Moose Ridge Golf Course,South Lyon,MI,USA,,,false
2b45cf8a-5ad0-4429-81cf-4e8f0d78930e,,Moose Run Golf Course: Creek,Fort Richardson,AK,USA,,,false
bf0946f4-a64b-4572-a1ec-bf4df2d4a1d8,,Moraine Country Club,Dayton,OH,USA,,,false
0a08b136-99dd-4b8f-a542-a401f1446b1f,,Morfontaine Golf Club,Morfontaine,Oise,France,,,false
a854a362-65bb-46bf-9df4-07b04f97e32e,,Morris County Golf Club,Morristown,NJ,USA,,,false
17f98874-63fe-4eb7-88fe-7bf56bf7c97e,,Moselem Springs Golf Club,Fleetwood,PA,USA,,,false
3a5a24b1-0012-4aef-9fc7-93050ed8ef27,,Mossy Oak Golf Club,West Point,MS,USA,,,false
f0a8fb3f-ea70-47c8-bb0d-661c4cae1e88,,Mount Vintage Golf Club Chester Course,North Augusta,SC,USA,http://mountvintagegolf.com,,false
22de561a-ee92-471d-9ebd-875b50dbf1ed,,Mountain Lake Country Club,Lake Wales,FL,USA,,,false
922ecb64-2df3-47a1-ab8b-3ee058af5041,,Mountain Ridge Country Club,West Caldwell,NJ,USA,,,false
0f6bb1b4-3524-42f0-9306-5ac968340ccd,,Mountaintop Golf & Lake Club,Cashiers,NC,USA,,,false
5beb362f-5314-4648-b5d6-61e80f22f677,world3,Muirfield,Muirfield,East Lothian,Scotland,,,false
82965b3c-13eb-4c58-a815-f50be2406b0f,usa19,Muirfield Village Golf Club,Dublin,OH,USA,,,false
fc704013-fd78-476a-a12b-5f90ba4877e8,,Musgrove Mill Golf Club,Clinton,SC,USA,,,false
7727d718-4f36-4432-8c26-4047d686745e,michigan18,Muskegon Country Club,Muskegon,MI,USA,,,false
471fa21b-555d-43b1-ab6b-49041dae8c46,,Myers Park Country Club,Charlotte,NC,USA,,,false
77f5df1d-5d42-4e06-a43e-4c2872835dc9,usa54,Myopia Hunt Club,South Hamilton,MA,USA,,,false
02dab1c6-f644-4d20-83d4-27fa1e0395df,,Mystic Creek Golf Club,El Dorado,AR,USA,,,false
2aab5d5b-c97c-4bf5-a1d1-9357ee7e9808,,Mystic Creek Golf Club,Milford,MI,USA,,,false
31c569a1-2c31-4e0e-b27c-813d9d348b46,,Nairn Golf Club (Championship),Nairn,Highland,Scotland,,,false
1ae035ca-dd4d-4e9e-b630-d343901a1943,usa59,Nanea Golf Club,Kailua-Kona,HI,USA,,,false
2271a7a7-33d0-41ca-b84b-73d9a1937b23,,Nanea Golf Club,Kailua Kona,HI,USA,,,false
c1ffd4de-0536-4810-9ae6-c39ee4b1c330,,Nantucket Golf Club,Nantucket,MA,USA,,,false
3207f40e-baf5-41d6-88f9-55a310c77aa4,,Naples National Golf Club,Naples,FL,USA,,,false
1bfae0ca-99e7-4691-8ab1-851b05c2bdf8,,Naruo Golf Club,Kawanishi,Hyogo,Japan,,,false
649cd5e2-3ae4-42e6-90fb-b1ed8477a4b6,,Nassau Country Club,Glen Cove,NY,USA,,,false
4f66800a-0423-41a4-b3bd-fd74fe60b662,world43,National Golf Club of Canada,Woodbridge,Ontario,Canada,,,false
9e7ddf6b-8685-4f13-9da1-4eaef88f0234,usa7,National Golf Links of America,Southampton,NY,USA,,,false
b3ab2966-b41b-4af7-8a75-73bd9417b40e,,NCR Country Club: South,Kettering,OH,USA,,,false
681439ac-93d9-4097-becc-422158280fbb,,Nemacolin: Mystic Rock,Farmington,PA,USA,,,false
5163a6c5-c463-454b-8204-b59f892310d7,,Nemacolin: Shepherd's Rock,Farmington,PA,USA,,,false
6274084b-374b-41ad-84b8-7353b279a5ac,,New South Wales Golf Club,La Perouse,Victoria,Australia,,,false
a85c0b68-06e0-42ff-a09b-48e579d6343f,,Newport Country Club,Newport,RI,USA,,,false
2f90816b-a87d-4b07-92ee-e5b62151d92c,,Newport National Golf Club: Orchard Course,Middletown,RI,USA,,,false
1b77bbec-e05f-400f-ae14-5c305da300ad,,North Berwick Golf Club,North Berwick,East Lothian,Scotland,,,false
7b291663-8d24-4c86-aacd-a7eb1643afad,,North Shore Country Club,Glenview,IL,USA,,,false
fc6f93c5-6ceb-4b29-aef9-ce341a9b61d3,,North Shore Country Club,Glen Head,NY,USA,,,false
b149e941-9003-4e4a-91ef-68e0c636dba6,,North Shore Golf Club,Menasha,WI,USA,,,false
7b71291e-7afb-4125-94ee-633301fcb649,,North Sound Golf Club,,Grand Cayman,Cayman Islands,,https://northsoundclub.com/,false
31027bb3-dadc-4fb0-aacf-04085f8f5562,,Northern Pines Golf Club,Kalispell,MT,USA,,,false
62077014-83d9-4b96-b981-c7555cef2491,,Northland Country Club,Duluth,MN,USA,,,false
37ec616e-222b-494c-a3ad-3592dfd9891f,,Northport Creek,Leelanau Township,MI,USA,https://northportcreek.com/,,false
e8bd7ad9-ddb0-4538-9e6a-af02c58a115e,,Northville Hills Golf Club,Northville,MI,USA,,,false
dac4a58b-69d2-4908-b204-5a977ca074a6,,Noyac Golf Club,Sag Harbor,NY,USA,,,false
2a64a9b4-fb98-407e-a83e-af554396df64,,Oak Hill Country Club (West),Rochester,NY,USA,,,false
3cd4dc48-7cfe-4dc2-b82c-ee4b503b0a08,usa21,Oak Hill Country Club: East,Rochester,NY,USA,,,false
e3312688-a8b2-4141-93fc-f70845ff38cd,,Oak Hills Country Club,San Antonio,TX,USA,,,false
d486c6b0-b87f-47ed-9972-29ef0a6fba25,,Oak Tree Country Club (East Course),Edmond,OK,USA,,,false
c6676d42-c92c-4355-b312-e3acad07f579,usa80,Oak Tree National,Edmond,OK,USA,,,false
d8f98250-4974-403c-a2d4-32cc4f8ea5a6,michigan99,Oakhurst Golf & Country Club,Clarkston,MI,USA,,,false
7e2f6f4c-19b2-4417-9c9a-eeef7b03e7a9,michigan22,Oakland Hills Country Club: North,Bloomfield Hills,MI,USA,,,false
68c68d6a-c4a4-4d21-a35d-9b00d075d612,usa20,Oakland Hills Country Club: South,Bloomfield Hills,MI,USA,,,false
79152462-620f-40b3-977a-d4bd569c8b60,michigan35,Oakland University Golf & Learning Center: Sharf,Rochester,MI,USA,,,false
6f977d77-3e2d-4dbd-818e-cd8687de35cd,michigan53,Oakland University: Katke-Cousins,Rochester,MI,USA,,,false
9fbe7632-c43a-4612-87d9-e4ac2c975b57,usa5,Oakmont Country Club,Oakmont,PA,USA,,,false
75f15536-7669-49a7-bf7d-9f27158c265a,,Oaks Country Club,Tulsa,OK,USA,,,false
883d9bc0-e360-4ec5-9e99-af35ebee88ae,,Oakwood Country Club,Kansas City,MO,USA,,,false
ad836e6c-63de-430a-86a5-4a79285cd576,,Ocean Course at Hokuala,Lihue,HI,USA,,,false
83a366c9-1ea2-4750-be77-0bb9835048c7,,Ocean Forest Golf Club,Sea Island,GA,USA,,,false
cde28b5e-09ab-4a17-8bef-288319da35bb,usa36,Ohoopee Match Club,Cobbtown,GA,USA,,,false
02767b1f-6922-48b5-988f-1c86ac7accf8,,Oklahoma City Golf & Country Club,Oklahoma City,OK,USA,,,false
781785a6-174d-4976-b081-82ab35dae999,,Old Barnwell Golf Club,Aiken,SC,USA,,,false
69778d56-b8df-4c41-b131-3d2adb7ac59b,,Old Chatham Golf Club,Durham,NC,USA,,,false
c07e98aa-68c6-4393-88aa-bd6c3dc76efa,,Old Corkscrew Golf Club,Estero,FL,USA,,,false
9520a020-b778-4308-8492-191a4fa4dab0,,Old Elm Club,Highland Park,IL,USA,,,false
513bde8e-ca52-48d1-8847-eefc7a07eaff,world72,Old Head of Kinsale,Kinsale,Cork,Ireland,,,false
6c89e930-0544-43b1-8bf5-a3f69f6a5552,usa81,Old Macdonald,Bandon,OR,USA,,,false
e04f449c-1405-4674-96dc-cfed75c64421,,Old Marsh Golf Club,Palm Beach Gardens,FL,USA,,,false
764b9eca-b5de-4ce9-b396-59f39b1f15ac,,Old Memorial Golf Club,Tampa,FL,USA,,,false
d026c10a-3091-4396-a24f-99256581c36b,,Old North State Club,New London,NC,USA,,,false
36d8788e-1700-40f4-8a52-dca908c8d40d,,Old Oaks Country Club,Purchase,NY,USA,,,false
5c6a29e3-00e5-4324-aa90-52f44b1eb577,,Old Overton Club,Vestavia Hills,AL,USA,,,false
f3135cfd-9ada-4458-865c-8e18a14d3d6e,usa73,Old Sandwich Golf Club,Plymouth,MA,USA,,,false
208aa99b-6132-431a-9031-fa4f215d0884,,Old Tabby Links,Okatie,SC,USA,,,false
2c10356f-f6bc-49f9-9b13-f96a3ddf25c8,,Old Toccoa Farm,Mineral Bluff,GA,USA,,,false
31b40e73-750e-47b0-882e-e80e24be6418,usa39,Old Town Club,Winston-Salem,NC,USA,,,false
86b993d7-3dfb-4dee-bc31-bddd74aa21ea,,Old Town Club,Winston Salem,NC,USA,,,false
8e3b7067-1b7b-4f07-a81b-ecfe7053aef9,,Old Warson Country Club,Saint Louis,MO,USA,,,false
d2c880fc-255b-403d-ab25-a294431e251f,,Old Waverly Golf Club,West Point,MS,USA,,,false
12be5214-5534-4fbb-9565-47f72f2c50de,,Old Westbury Golf & Country Club: Overlook/Woods/Blue Grass,Old Westbury,NY,USA,,,false
b0a8608e-9cd2-4ac0-8e69-7693a6f72ee2,,Old Works Golf Club,Anaconda,MT,USA,,,false
5d278c26-0d4a-413f-9851-325fe16e6e8b,,Olde Stonewall Golf Club,Ellwood City,PA,USA,,,false
e8f7bc61-0992-4daa-a445-e0872bc5ae78,,Olympia Fields Country Club: North,Olympia Fields,IL,USA,,,false
3b10b9b4-f68f-4be8-a8d7-3ff609683b39,,Olympia Fields Country Club: South,Olympia Fields,IL,USA,,,false
04e7cfc0-0490-40b4-a19a-4056dc33540b,usa35,Olympic Club: Lake,San Francisco,CA,USA,,,false
ea97db98-a67f-4902-abb2-0bdee953352f,,Olympic Hills Golf Club,Eden Prairie,MN,USA,,,false
ca0c867e-2c24-4ab7-b97b-089cf6f08762,,Omaha Country Club,Omaha,NE,USA,,,false
b4ef6031-f85d-47e8-ad3c-123600ce21a8,,Omni Barton Creek Resort Fazio Canyons,Austin,TX,USA,,,false
5d86172a-1c6f-43ed-965c-603790ef5787,,Omni Barton Creek Resort Fazio Foothills,Austin,TX,USA,,,false
432b82fb-e12a-4626-9cc2-628e11951cd7,,Omni Bedford Springs Resort,Bedford,PA,USA,,,false
06625128-b7cf-4d71-9a88-08d38ec3a401,,OMNI La Costa Resort & Spa: North Course,Carlsbad,CA,USA,,,false
9ce82478-5a38-4f31-9f05-e56c9f52d89d,,Onwentsia Club,Lake Forest,IL,USA,,,false
61695e4f-d173-463a-988e-7ade5c122c71,michigan6,Orchard Lake Country Club,Orchard Lake,MI,USA,,,false
0322b7dd-898a-402b-b602-102d792b984d,,Orchid Island Golf Club,Vero Beach,FL,USA,,,false
cb615c02-6045-4a64-8fae-18cd206dbdb2,michigan45,Otsego Club: Tribute,Gaylord,MI,USA,,,false
6b40872d-0543-4e23-a642-ec0387044bde,,Otsego Resort,Gaylord,MI,USA,,,false
50e0f3da-fdb0-4aa7-a22d-1d6bd1ef4178,,Oxbow Country Club,Oxbow,ND,USA,,,false
2e70712a-0680-440a-819b-248a5919335e,,Oyster Harbors Club,Osterville,MA,USA,,,false
382ec4fb-bd25-410c-a903-9acab636f217,,Paako Ridge Golf Club,Sandia Park,NM,USA,,,false
e607a1d2-3c69-4805-bf16-848f89f6b6f8,,Pablo Creek Club,Jacksonville,FL,USA,,,false
77dea08f-283d-405b-8d87-dd4adce2f797,usa23,Pacific Dunes,Bandon,OR,USA,,,false
c6ba2160-e712-4ad6-88f4-0b5ca166f7bb,,Palmetto Dunes - Arthur Hills Golf Course,Hilton Head Island,SC,USA,https://www.palmettodunes.com/golf/arthur-hills-course,,false
89e3cfde-b3d6-4edb-aa8a-a0e89407b162,,Palmetto Golf Club,Aiken,SC,USA,,,false
1935f2da-87a9-4b54-9783-9ed9c84efa10,,Palmilla (Mountain and Arroyo),San Jose del Cabo,Baja California Sur,Mexico,,https://www.palmillagc.com/,false
f02ffd17-734e-442e-aedf-cc208511bc44,,Palouse Ridge Golf Club At Washington State University,Pullman,WA,USA,,,false
c7838774-25b5-4cc6-81d5-c3b05265b27d,,Panther National,Palm Beach Gardens,FL,USA,,,false
4bb0f021-033e-4455-ae5d-39b6952e519e,,Paradise Valley Country Club: Paradise Valley,Paradise Valley,AZ,USA,,,false
a9d48c7f-efe2-4f27-9b28-b9c38246fdb3,world98,Paraparaumu Beach Golf Club,Paraparaumu Beach,Wellington,New Zealand,,,false
be6d13b2-5fc5-41da-93d6-6beca50778c6,,Park Country Club of Buffalo,Williamsville,NY,USA,,,false
8fa7916c-3bc3-4f84-9a74-c6927a67f616,,Park Mammoth Golf Club,Park City,KY,USA,,,false
72c68aeb-084a-428d-9900-31b9db075773,,Park Meadows Country Club,Park City,UT,USA,,,false
fc04ca34-fe24-4a9d-9d29-aed87d6e75f1,usa93,Pasatiempo Golf Club,Santa Cruz,CA,USA,,,false
6c262f35-f917-4b53-b22b-34c568f8ac64,usa22,Peachtree Golf Club,Atlanta,GA,USA,,,false
1abc5e16-63b6-47a7-9cbf-92c3091fab70,usa9,Pebble Beach Golf Links,Pebble Beach,CA,USA,,,false
fc37430e-0aa8-45fd-9aae-77824f2ce3ab,,Pelican Hill Golf Club: Ocean North,Newport Coast,CA,USA,,,false
8f5bee7b-fdf8-47d4-8717-08bfe6866424,,Pelican Hill Golf Club: Ocean South,Newport Coast,CA,USA,,,false
85890bef-0fb1-4132-8f9f-897790d3330a,,Persimmon Ridge Golf Club,Louisville,KY,USA,,,false
34102f0f-1daa-44b1-aebb-54ec38cf899c,usa92,Pete Dye Golf Club,Bridgeport,WV,USA,,,false
2dd39812-1844-423f-946b-2d9d02e5bbba,,Pete Dye River Course of Virginia Tech,Radford,VA,USA,,,false
3cf96130-7a59-491a-b950-bc679d20b588,michigan93,Petoskey Bay View Country Club,Petoskey,MI,USA,,,false
bd90be01-70ee-441e-85ef-6f2339fefd1a,,PGA Frisco: Fields Ranch East,Frisco,TX,USA,,,false
8bbf0aa5-971e-4daf-91be-96818717ee9b,,PGA National Resort & Spa: Champion,Palm Beach Gardens,FL,USA,,,false
616486a8-b3f7-4fbe-b8f2-4efb09a1b584,,PGA Riviera Maya,Akumal,Quintana Roo,Mexico,,,false
d54fe1b3-789f-4b99-bb05-761846de905d,,PGA West: Stadium Course,La Quinta,CA,USA,,,false
5d0299e1-df54-450d-addb-b9cc97aca2c2,,PGA West: Stadium Course,,CA,USA,,,false
49bc3668-d656-450a-a860-89efcb625ca5,,Pheasant Run Golf Club,Canton,MI,USA,,,false
a20b13df-9c77-47a9-ab9b-f66fe00bc33d,,Philadelphia Country Club: Spring Mill,Gladwyne,PA,USA,,,false
8185abc4-a403-4e81-9c53-e086d47462f8,,Philadelphia Cricket Club: Militia Hill,Plymouth Meeting,PA,USA,,,false
185ef2e4-52fd-4fe1-905c-e3f59687e9ee,,Pierce Lake Golf Course and Park,Chelsea,MI,USA,https://www.piercelakegolf.com/,,false
e39ebfd5-b4bf-4a78-b1c1-39ac7f0b2703,usa31,Pikewood National Golf Club,Morgantown,WV,USA,,,false
f7cb1c80-9546-421d-b751-7d30df0a672a,michigan32,Pilgrim's Run Golf Club,Pierson,MI,USA,,,false
1ed369df-f9ec-459c-bf07-b2bdfd38edbc,,Pine Canyon,Flagstaff,AZ,USA,,,false
2dc9c304-bfb8-41fb-9ce8-799b20c22508,,Pine Hills Country Club,Sheboygan,WI,USA,,,false
a52e4a10-5615-4394-9aa2-3de4d8a2dc4a,michigan95,Pine Lakes Golf Club,Lake Orion,MI,USA,,,false
7acbc22c-6005-4aff-b198-c92bb58181c5,,Pine Needles Lodge & Golf Club,Southern Pines,NC,USA,,,false
b8e864f9-62e0-46e6-85c3-2e923b3824f3,,Pine Trace Golf Club,Rochester Hills,MI,USA,,,false
238fda72-cda2-49c9-a26c-ef9248153e88,,Pine Tree Golf Club,Boynton Beach,FL,USA,,,false
c39bc937-9250-426d-9bfc-caa75cc0c0d2,usa1,Pine Valley Golf Club,Pine Valley,NJ,USA,,,false
269569d4-5714-4ec6-88c0-362e0fb4c164,,Pinehurst #10,Pinehurst,NC,USA,,,false
ba32cc8d-ca75-4403-9eb5-10792bb6ace7,,Pinehurst #10,Aberdeen,NC,USA,,,false
49ff0246-aa17-4435-aa46-c15cf7048fb7,,Pinehurst #4,Pinehurst,NC,USA,,,false
e4c1df58-783c-40db-b63b-6a473228b6fe,,Pinehurst #8,Pinehurst,NC,USA,,,false
70fb1441-1455-46f1-a2bc-cc4bb68243a8,usa32,Pinehurst No. 2,Pinehurst,NC,USA,,,false
b61e4b0b-69a6-4a95-92d4-206c7c3a2f03,,Pinnacle Country Club,Rogers,AR,USA,,,false
f5169975-4d55-4cd9-b3a1-7b8921f415ab,usa98,Piping Rock Club,Locust Valley,NY,USA,,,false
bd52980c-6b93-414c-a38c-a157713d2f57,,Pittsburgh Field Club,Pittsburgh,PA,USA,,,false
98b1c7ff-e979-4667-81f4-f3fcb1734ca5,usa90,Plainfield Country Club,Edison,NJ,USA,,,false
adc229c8-b493-4143-94f7-d8f43b1de985,,Pleasant Valley Country Club,Little Rock,AR,USA,,,false
b2b9bbd9-f22f-4a44-a054-a0410f1a697b,michigan36,Plum Hollow Country Club,Southfield,MI,USA,,,false
09f58257-fac1-4fea-bcb7-0839bce016ea,michigan23,Point O' Woods Golf & Country Club,Benton Harbor,MI,USA,,,false
4e9acfe8-10a6-48f2-be57-128ad28a5eb3,,Poipu Bay Golf Course,Koloa,HI,USA,,,false
7a5fd4ed-affc-4fc9-ab70-051c99de17b9,,Poplar Grove Golf Club,Amherst,VA,USA,,,false
0e827c59-043a-48f3-836b-c97fbe5953f2,,Poppy Hills Golf Course,Pebble Beach,CA,USA,,,false
1d8610ed-f8b2-4935-a89a-bed386442627,michigan51,Port Huron Golf Club,Fort Gratiot,MI,USA,,,false
7943ece9-049a-46df-a273-481a088ec1df,,Portland Country Club,Falmouth,ME,USA,,,false
1cde2e81-f94f-4308-9b80-66cb3de9d3a3,,Portland Golf Club,Portland,OR,USA,,,false
b375cc2a-82e6-47d7-9867-02bb5b7e5a81,world45,Portmarnock Golf Club (Championship),Portmarnock,Dublin,Ireland,,,false
69d24398-3d03-45c3-82f6-57c776718f17,world88,Portstewart Golf Club (Strand),Portstewart,County Down,Northern Ireland,,,false
1c27eafa-e008-4470-b5b4-1e45af6c2ec6,,Pound Ridge Golf Club,Pound Ridge,NY,USA,,,false
f22aa995-960d-4f85-9e18-34975cccc8ac,usa25,Prairie Dunes Country Club,Hutchinson,KS,USA,,,false
4cd25a22-99bc-40ef-a661-45ccd69e2dbb,,Prairie View Golf Club,Carmel,IN,USA,,,false
1cd04b43-73a1-41ce-9f36-c6e25a7a767c,,Preston Trail Golf Club,Dallas,TX,USA,,,false
f7a4ba45-822a-46a1-a447-b2bc64336a79,world62,Prestwick Golf Club,Prestwick,South Ayrshire,Scotland,,,false
232aad7b-5fce-4885-b00e-2338f03ecd42,,Promontory Club Dye Canyon Course,Park City,UT,USA,,,false
2674b01b-b2d1-48f8-b2f8-ff70daf4b305,,Promontory Club: Painted Valley Course,Park City,UT,USA,,,false
55492469-e523-41bc-bbc9-098f92010c30,,Pronghorn Club at Juniper Preserve,Bend,OR,USA,,,false
f2792423-33dd-4b2d-b063-15a326c6ef55,,Pronghorn Club at Juniper Preserve (Fazio Course),Bend,OR,USA,,,false
a9f4ea4d-1abe-4243-8e5d-a22900e1ab80,,Pumpkin Ridge Golf Club: Ghost Creek,North Plains,OR,USA,,,false
f4d577cb-6cd3-4bd4-adab-5a649e529186,,Pumpkin Ridge Golf Club: Witch Hollow,North Plains,OR,USA,,,false
ba869744-1c7e-4359-89f9-1ce21e5702b5,world57,Punta Espada Golf Club,Punta Cana,La Altagracia,Dominican Republic,,,false
08dc2838-6d7b-479c-867d-1d898b750d9a,,Purgatory Golf Club,Noblesville,IN,USA,,,false
3a9b0008-f22f-4641-84b6-95705417a3ae,,Quail Hollow Club,Charlotte,NC,USA,,,false
862fca69-d617-46fb-9477-66adc1775e12,,Quail Valley Golf Club,Vero Beach,FL,USA,,,false
bb50a065-677f-45bc-a85c-c3efe2a92b46,,Quail West Golf & Country Club: Preserve,Naples,FL,USA,,,false
100c9b3e-fe29-44f2-a33a-bf8e76f03b0a,usa75,Quaker Ridge Golf Club,Scarsdale,NY,USA,,,false
44c97d25-30c8-425e-ab72-ded01805aa33,,Quarry Oaks Golf Club,Ashland,NE,USA,,,false
d32b6493-d491-4ebf-9fb7-e9f386efd601,,Quintero Golf Club,Peoria,AZ,USA,,,false
f37b2a22-b279-42eb-9189-9e51dfdabf73,,Quixote Club,Sumter,SC,USA,,,false
ce76599d-fcc9-487d-9e97-e7a70577ee69,michigan74,Rackham Golf Course,Huntington Woods,MI,USA,,,false
2433ff4e-e158-427f-a3cc-da3019a8a60b,michigan25,Radrick Farms Golf Course,Ann Arbor,MI,USA,,,false
be39d6ab-6910-4699-9f6d-d44edf316874,,RainDance National Golf Club,Windsor,CO,USA,,,false
5a1a7660-5ca2-4d70-ad58-c2d173fe91e2,,Raleigh Country Club,Raleigh,NC,USA,,,false
8f3f6e5d-d8db-42ce-a1b8-065987fc1a87,,Ram Rock at Horseshoe Bay Resort,Horseshoe Bay,TX,USA,,,false
c3e7d7f5-c573-4a19-bcdc-db05f12a2ddf,,Rams Hill Golf Club,Borrego Springs,CA,USA,,,false
0b6a633b-1bc4-41c6-9611-763fa5d3d1df,,Rancho Santa Fe Golf Club,Rancho Santa Fe,CA,USA,,,false
3f93eb5d-e319-41da-a0f5-7c1a81eb92c5,,Real Club de Golf Sotogrande,Sotogrande,Andalusia,Spain,,,false
29eaa31d-82a0-4717-a87a-2b39c0b4cd36,,Real Club Valderrama,Sotogrande,Andalusia,Spain,,,false
f417e5fa-0464-4124-aa74-202f303428c6,michigan59,Red Hawk Golf Club,East Tawas,MI,USA,,,false
94ac5635-0ff3-4688-ba52-38be1ed965e8,,Red Hawk Golf Club,Las Cruces,NM,USA,,,false
5252b522-6475-4472-a98d-62ab0788aef9,,Red Ledges Golf Club,Heber City,UT,USA,,,false
241971e9-d1c9-47c3-8bf4-65b163d5e930,michigan43,Red Run Golf Club,Royal Oak,MI,USA,,,false
c4dc88fc-4dea-446e-8538-3685c3e44847,,Red Sky Ranch & Golf Club Fazio Course,Wolcott,CO,USA,,,false
c3a3ab83-86e7-42ab-a03a-e27029edc5be,,Red Sky Ranch & Golf Club Norman Course,Wolcott,CO,USA,,,false
2d7b1456-db05-4299-9e5b-9a640abdc2a8,,Redlands Mesa Golf Course,Grand Junction,CO,USA,,,false
0d33ca25-9702-4a5e-937f-82f788983db0,,RedStick Golf Club,Vero Beach,FL,USA,,,false
19b723db-85f0-4fc8-b2a6-c7eeef4f2bfa,,Reflection Bay Golf Club,Henderson,NV,USA,,,false
32983382-d766-4f36-a76b-b06bdbd1f77f,,Renaissance,Haverhill,MA,USA,,,false
048072ee-5e5f-480b-ad22-e90279380123,,Reynolds Lake Oconee: Great Waters,Greensboro,GA,USA,,,false
7dd0a991-52e1-4269-b206-05dc81f38814,,Reynolds Lake Oconee: Great Waters,Eatonton,GA,USA,,,false
b8e150c8-4c24-4ce2-a3fa-bbc14e5f0b19,,Reynolds Lake Oconee: The Landing Course,Greensboro,GA,USA,,,false
d4497a28-55c3-4c02-97fd-ad4eca6b976c,,Reynolds Lake Oconee: The National (Ridge/Bluff),Greensboro,GA,USA,,,false
374d837e-fc3a-4bb4-ab89-3485e7f5b268,,Reynolds Lake Oconee: The Oconee,Greensboro,GA,USA,,,false
37f176b8-08ef-4201-8e94-67fc6c209d71,,Rich Harvest Farms,Sugar Grove,IL,USA,,,false
99df7802-3dd7-49a0-99cf-92590c23bc42,,Richland Country Club,Nashville,TN,USA,,,false
50d994d6-d2ac-4a24-8cd6-5769151cb92e,,Ridgewood Country Club: Composite,Paramus,NJ,USA,,,false
1d3a8839-4b90-46a2-b09f-a3a8a9dd5f66,,Rio Secco Golf Club,Henderson,NV,USA,,,false
06b7a9f2-ff1f-4d4a-8c60-35881802f98f,,Ritz-Carlton Grand Cayman,,Grand Cayman,Cayman Islands,,https://gngcd.com/courses/ritz-carlton-golf-club-grand-cayman-blue-tip/,false
d2a01106-c171-4f10-a9f8-2bb799af8138,,River Bend Club,Great Falls,VA,USA,,,false
31764428-0f7a-4d99-a3b4-0ce67e2cd7bf,,River Oaks Country Club,Houston,TX,USA,,,false
a0000f06-34fd-4d41-ad2e-d97f4108c9a5,,Riverton Pointe Golf and Country Club,Hardeeville,SC,USA,,,false
a581e4f8-5c2d-4458-96ae-aaa381624813,usa18,Riviera Country Club,Pacific Palisades,CA,USA,,,false
28924341-faa4-4e1b-b494-13ce39e57814,,Roaring Fork Club,Basalt,CO,USA,,,false
68d1f2ca-91dc-4af3-91f6-fc4606c5d15f,,Roaring Gap Club,Roaring Gap,NC,USA,,,false
59f983af-3e47-4fda-ad77-b2a0f38d0fb5,,Robert Trent Jones Golf Club,Gainesville,VA,USA,,,false
fc6ba9b0-ea9e-4da9-9579-a37cb3214501,,Robert Trent Jones Golf Trail At Capitol Hill: The Judge,Prattville,AL,USA,,,false
1568a646-0b7a-4fc6-90c7-9d1f3ac27373,,Robert Trent Jones Golf Trail at Grand National: The Lake,Opelika,AL,USA,,,false
4147bd22-36e7-4f27-9ed6-b28a384c5017,,Robert Trent Jones Golf Trail At Grand National: The Links,Opelika,AL,USA,,,false
4fbce721-3050-4ac5-8a25-6e59d8b55a7e,,Robert Trent Jones Golf Trail at Ross Bridge,Birmingham,AL,USA,,,false
5ef64562-f2b8-4a96-a1c3-12e584777e54,,Rochester Golf & Country Club,Rochester,MN,USA,,,false
7bdd4f59-6782-443b-9316-d7cd615104ab,usa65,Rock Creek Cattle Company,Deer Lodge,MT,USA,,,false
4d72d459-403b-4f22-8c40-e0fc1683ae4f,,Rock Hollow Golf Club,Peru,IN,USA,,,false
713d0ade-6df7-4fa3-a013-54f4ec9b490f,,Rolling Green Golf Club,Springfield,PA,USA,,,false
1e447c3e-493a-4544-8120-4529563a65bc,,Rolling Hills Country Club,Rolling Hills Estates,CA,USA,,,false
cdcbe2bb-f80f-4365-bc0b-acd1c6b5332e,,Rolling Meadows Golf Course,Whitmore Lake,MI,USA,https://www.rmgolfcourse.com/,,false
475b7e53-c30b-44f4-943b-2236ee66ac50,,Rouge Park Golf Course,Detroit,MI,USA,https://rougeparkgolfcourse.com/,,false
372765a6-a08f-47cb-9c65-3f68d0d3ffe1,,Round Hill Club,Greenwich,CT,USA,,,false
805b9733-dc79-43e8-bd28-a4fcf18260be,world76,Royal Aberdeen Golf Club (Balgownie),Aberdeen,Aberdeen City,Scotland,,,false
b2871441-7dce-4297-887e-7e9f588f146b,,Royal Aberdeen Golf Club: Balgownie,Aberdeen,Aberdeen City,UK,,,false
c06fefcf-7918-4cb7-93f1-5b4dcdea9fcc,world17,Royal Birkdale Golf Club,Southport,Merseyside,England,,,false
2bcba8d2-3a10-4446-b0bd-75c364bebf5f,world75,Royal Cinque Ports Golf Club,Deal,Kent,England,,,false
aecb12b7-e50c-44b8-866e-5eb68f936d25,,Royal County Down Golf Club (Championship),Newcastle,County Down,Northern Ireland,,,false
fe2f2a62-6a5b-464d-b57f-075bbc7df479,,Royal Dornoch Golf Club (Championship),Dornoch,Highland,Scotland,,,false
c337e0b6-d051-422a-8ba4-601ab21c6ae9,world60,Royal Liverpool Golf Club,Hoylake,Merseyside,England,,,false
5bfc1d45-b511-4d2f-9270-98cd7845a2ab,world31,Royal Lytham & St. Annes Golf Club,Lytham St Annes,Lancashire,England,,,false
f8f52fc4-889e-4efd-883e-bd407350a1e0,world33,Royal Melbourne Golf Club (East),Black Rock,Victoria,Australia,,,false
e14363a1-4823-48bd-8098-abc4aaf2126d,world6,Royal Melbourne Golf Club (West),Black Rock,Victoria,Australia,,,false
3aa3a830-6f17-4fb4-a008-1b3d2d9b6e64,,Royal New Kent Golf Club,Providence Forge,VA,USA,,,false
064ad2c1-a2c5-41f1-9295-10f30a22d982,,Royal Oaks,Dallas,TX,USA,,,false
2c9494b4-4757-4bd3-a38f-93ae55fd9630,,Royal Oaks Country Club,Vancouver,WA,USA,,,false
f5acb271-eb8b-40f3-825b-4dcec65a3c39,world37,Royal Porthcawl Golf Club,Porthcawl,Bridgend,Wales,,,false
03ed8c8c-bd64-42f9-8842-dfffd5697cd2,world27,Royal Portrush Golf Club (Dunluce),Portrush,County Down,Northern Ireland,,,false
d00e9a42-fbb8-4d90-99ab-27d2cab98f1e,,Royal Portrush Golf Club (Valley),Portrush,County Down,Northern Ireland,,,false
9364e2fa-d778-4e1f-810e-4a95e38c4c68,world95,Royal St. David's Golf Club,Harlech,Gwynedd,Wales,,,false
6523c9e3-750b-4b92-abd5-b3de66ae2863,world18,Royal St. George's Golf Club,Sandwich,Kent,England,,,false
795d9fa9-522f-4b31-9e76-661e95b83e68,world9,Royal Troon Golf Club (Old),Troon,South Ayrshire,Scotland,,,false
f1a46a22-542c-4a96-a0a4-71f17d3f5bc9,,Rush Creek Golf Club,Maple Grove,MN,USA,http://www.rushcreek.com,,false
9c2854bd-1b91-4007-845b-7ab4a5485613,,Rustic Canyon Golf Course,Moorpark,CA,USA,,,false
1314271f-dfbb-4a68-b82a-adc0a83ebb34,,Rutland Country Club,Rutland,VT,USA,,,false
97da66b8-42f2-4bc7-b003-ac47a66f8bbf,world68,Rye Golf Club (Old),Rye,East Sussex,England,,,false
7e9d682a-2cbf-47f4-a5f3-6fffcabbc862,,Sacconnesset Golf Club: Cape Cod,East Falmouth,MA,USA,,,false
e302e3ed-68ba-4678-9816-e021fa2dd489,,Sage Valley Golf Club,Graniteville,SC,USA,,,false
570bd813-b02c-42db-9fac-6d3550dada58,,Sahalee Country Club South/North,Sammamish,WA,USA,,,false
ad8a82e2-58c8-4651-9671-3cb592b8133d,,Sailfish Point Golf Club,Stuart,FL,USA,,,false
794358b9-0667-497c-a62d-374df8ca14c1,,Sakonnet Golf Club,Little Compton,RI,USA,,,false
427c686a-a77c-4522-8a4e-1a30bad1a89f,,Salem Country Club,Peabody,MA,USA,,,false
9eff72fb-7966-4bcf-a705-712bb319b7a8,,Salem Hills Golf Club,Northville,MI,USA,https://www.salemhillsgolfclub.com/,,false
964f59c2-5a8e-4ce4-bf46-29c6563f4604,,Salish Cliffs Golf Club,Shelton,WA,USA,,,false
09709798-c1ec-489b-ace3-0f07c453a3c2,,Salt Lake Country Club,Salt Lake City,UT,USA,,,false
c2b82c6c-b9e2-430e-8c40-4d1fe7e2c2f4,,Samoset Resort Golf Course,Rockport,ME,USA,,,false
263eb183-1f1c-4afc-8979-2a286a6e61f6,usa33,San Francisco Golf Club,San Francisco,CA,USA,,,false
2f7a216a-4d29-42b3-9c60-6f05fcfbf16c,,Sanctuary Golf Club,Sedalia,CO,USA,,,false
d0778930-628c-4d9c-a255-8c43811ab3e9,,Sand Creek Station,Newton,KS,USA,,,false
42fbe050-ef71-42ca-a89b-145325624d4d,usa8,Sand Hills Golf Club,Mullen,NE,USA,,,false
66d1a7ee-d263-4b6e-a5a0-d3c9e80b43db,,Sand Hollow Resort: Championship Course,Hurricane,UT,USA,,,false
e51dd251-97d8-4173-8a17-257ddf2da627,,Sand Valley,Nekoosa,WI,USA,,,false
8a375e7b-4126-4edf-8ca7-a73c24bc430b,,Sand Valley Golf Resort: Mammoth Dunes,Nekoosa,WI,USA,,,false
6c127a47-4956-4ced-b4d7-c4794d9f90de,,Sand Valley Golf Resort: Sand Valley,Nekoosa,WI,USA,,,false
4fe70e40-c3c7-42f7-b7e4-82edb5229772,usa69,Sand Valley: The Lido,Nekoosa,WI,USA,,,false
eaf53286-7135-4505-8c14-ad254360ad98,,Sandals Upton Estate,,St. Ann,Jamaica,,https://www.sandals.com/golf/jamaica/,false
95ec4bfd-e856-4894-a1fd-8ab0fb63fc45,,Sandia Golf Club,Albuquerque,NM,USA,,,false
2043af30-cb33-4a36-9177-bf05fbb7fa41,,Sankaty Head Golf Club,Siasconset,MA,USA,,,false
f76cfc2b-5da3-4c24-bedb-9795a5ce1d87,,Santa Ana Country Club: Santa Ana,Santa Ana,CA,USA,,,false
9e550967-826f-47c8-aa18-f1227c8ad17a,,Sara Bay Country Club,Sarasota,FL,USA,,,false
3d2aed49-0d76-47f3-a343-934f36f202e2,,Saratoga National Golf Club,Saratoga Springs,NY,USA,,,false
2a887e83-3726-40e3-8e52-ffcda09f4e5f,,Saucon Valley Country Club: Grace,Bethlehem,PA,USA,,,false
6b9b9c27-2ebb-41fb-89be-4a71afd198b1,,Saucon Valley Country Club: Old,Bethlehem,PA,USA,,,false
ec090083-ad79-4763-951d-fc036be24ee0,,Saucon Valley Country Club: Weyhill,Bethlehem,PA,USA,,,false
e868f574-9a0e-4929-bba8-60bb137a7b86,usa82,Scioto Country Club,Columbus,OH,USA,,,false
5741660b-87d9-4425-8d10-3499102131aa,,Scottsdale National Golf Club: Mineshaft,Scottsdale,AZ,USA,,,false
40d14640-72ce-4c08-91d1-436c77074d5f,,Scottsdale National Golf Club: The Other Course,Scottsdale,AZ,USA,,,false
97d1d254-6857-47ba-9faf-e549411d4556,,Sea Island: Plantation,Saint Simons Island,GA,USA,,,false
0356438b-0160-4725-b272-671c1e622c7b,,Sea Island: Seaside,Sea Island,GA,USA,,,false
bbf78a2d-88a3-4c74-a69f-8ae79755ae74,,Sea Island: Seaside,Saint Simons Island,GA,USA,,,false
fdcc35e4-1286-4f5b-a7e4-bba0fc5b669c,usa51,Sebonack Golf Club,Southampton,NY,USA,,,false
f2ff1513-c83b-439d-8cf2-bb8884bf3da7,,Secession Golf Club,Beaufort,SC,USA,,,false
3f1b30cb-f768-4895-930a-7f8537008185,,Sedge Valley at Sand Valley,Nekoosa,WI,USA,,,false
038625f3-197c-43d8-8671-9db73e9661a7,,Sedge Valley at Sand Valley,,WI,USA,,,false
5c60b229-9efe-4cde-87b6-09d618c66471,,Sedgefield Country Club,Greensboro,NC,USA,,,false
01dff83c-fe59-490b-ab79-3693b3f5d37c,usa12,Seminole Golf Club,Juno Beach,FL,USA,,,false
04dae047-98ea-44b9-a19b-fcd3cbee971a,,Seminole Legacy Golf Club,Tallahassee,FL,USA,,,false
695ddcb0-7534-437e-af8b-6d8df25396d9,,SentryWorld Golf Club,Stevens Point,WI,USA,,,false
fffaa381-543c-40c6-9b90-5da47e8d90bd,,Sequoyah National Golf Club,Whittier,NC,USA,,,false
eeb214b7-aea0-4a77-b977-bcd78308bd03,,Seven Canyons,Sedona,AZ,USA,,,false
f99a0536-3d46-494a-8d7a-da3286a80984,,Sewickley Heights Golf Club,Sewickley,PA,USA,,,false
52ac067d-f602-4e65-890b-d67c32ab2696,usa24,Shadow Creek,North Las Vegas,NV,USA,,,false
0280d5a3-c660-4393-9f1e-387db54b8208,,Shadow Glen Golf Club,Olathe,KS,USA,,,false
9788b2f0-a279-41ae-8a39-3c750b7867e3,,Shadow Hawk Golf Club,Richmond,TX,USA,,,false
d59640fb-9c6a-453c-b207-afb69a55bc91,,Shady Canyon Golf Club,Irvine,CA,USA,,,false
845e7e87-df2a-4fdb-b056-0d71cbe1fb57,,Shady Oaks,Fort Worth,TX,USA,,,false
4822f9b1-bba2-4d07-ad2b-03009c3b7e9c,,Shaker Heights Country Club,Cleveland,OH,USA,,,false
3d1e1e12-c0f2-4fe8-998a-9d80d9848f8f,,Shanqin Bay Golf Club,Wanning,Hainan,China,,,false
1a9f8358-651c-42a4-a968-bb0df6f2ad95,,Shanty Creek: Summit,Bellaire,MI,USA,,,false
f63bfb1d-f590-4580-9883-59d98298b737,,Shanty Creek: The Legend,Bellaire,MI,USA,,,false
3b029597-3f4d-4497-bdc1-889b5662d418,,Shark's Tooth Golf Club,Panama City Beach,FL,USA,,,false
5d4ff207-7b32-4729-aa92-a6aacf1124e6,,Sheep Ranch,Bandon,OR,USA,,,false
da5cb8cb-42ae-4950-902a-961acf1b6aaa,,Shell Landing Golf Club,Gautier,MS,USA,,,false
7b6f1c69-0dbb-41e0-84ed-db4a7e15f60a,,Shelter Harbor Golf Club,Charlestown,RI,USA,,,false
f6f4286b-2a10-42e1-90f0-0a02f7d7ba1f,michigan66,Shepherd's Hollow Golf Club,Clarkston,MI,USA,,,false
77e4718f-f5d3-4e81-9c46-aefbc9d03e77,,Sherwood Country Club,Thousand Oaks,CA,USA,,,false
83d91a47-18bd-4355-bfeb-923105b01b28,,Sheshan International Golf Club,Shanghai,Shanghai,China,,,false
a2c28597-2105-4fd3-9ff4-dc11cced930a,usa4,Shinnecock Hills Golf Club,Southampton,NY,USA,,,false
c1d7ec36-9b22-42ac-b729-5fb2723457af,,Shoal Creek,Shoal Creek,AL,USA,,,false
810ae28f-c8d5-478f-b14f-724571f19ff8,usa47,Shoreacres,Lake Bluff,IL,USA,,,false
537afc81-c24a-4ea1-9bcd-60d0b409c50c,,Shoreacres Golf Club,Lake Bluff,IL,USA,,,false
0c157f59-f3b9-4994-94ef-d1afc521320d,,Shorehaven Golf Club,Norwalk,CT,USA,,,false
cc759632-b8e2-49ce-828a-a906c41f2224,,Silo Ridge Field Club,Amenia,NY,USA,,,false
8db46950-d5cd-4838-b698-fb8fa0868e71,,Silverleaf Club,Scottsdale,AZ,USA,,,false
35d20204-aaa3-4e24-8c06-c6a5c8ad551b,,Silvies Valley Ranch: Craddock,Seneca,OR,USA,,,false
18497c82-eb39-4e92-956c-cab025c34824,,Silvies Valley Ranch: Hankins,Seneca,OR,USA,,,false
49d7df64-4548-4631-bac7-0fb81c735990,,Siwanoy Country Club,Bronxville,NY,USA,,,false
43c08052-b073-4706-9f57-bbb0e784ff38,,Skokie Country Club,Glencoe,IL,USA,,,false
f659f34a-9750-4ba4-a37f-cd9147bab77a,usa52,Sleepy Hollow Country Club,Scarborough,NY,USA,,,false
041e5cc4-ce8e-43fd-8958-ea207d2ecaa7,,Soldier Hollow Golf Course: Gold,Midway,UT,USA,,,false
4a790cfe-5202-4231-8ac7-f4a20dd1eb66,,Somerby Golf Club,Byron,MN,USA,,,false
3bfc3e79-f3cd-48ea-9064-55f240700783,,Somerset Country Club,Mendota Heights,MN,USA,,,false
10a94c3c-f72a-482e-b474-fa943fe56c51,usa56,Somerset Hills Country Club,Bernardsville,NJ,USA,,,false
12d90e7a-da87-42d9-8dde-6b1873450238,,South Bend Country Club,South Bend,IN,USA,,,false
f5b9bad7-947e-4f1b-b1c9-4d07710a0c97,world74,South Cape Owners Club,Namhae,South Gyeongsang,South Korea,,,false
e131f689-8edf-4935-9d61-39583c15d8ff,,Southampton Golf Club,Southampton,NY,USA,,,false
d629de9b-747f-440f-a294-ec884987dd03,,Southern Highlands Golf Club,Las Vegas,NV,USA,,,false
6fc2d514-9e51-4d57-84f6-8d3a0e95ed9d,usa28,Southern Hills Country Club,Tulsa,OK,USA,,,false
41aee574-5008-49c9-a231-22d1c9d4763e,,Southern Pines Golf Club,Southern Pines,NC,USA,,,false
27f53b14-43ad-4c5f-8238-f8f29c5f67e3,,SouthShore Country Club,Henderson,NV,USA,,,false
1a046e5e-3593-46a4-aba1-3e9868b29a99,,Spanish Oaks Golf Club,Bee Cave,TX,USA,,,false
55d2c421-4b95-46f2-b81a-c0259baf106d,,Spanish Peaks Mountain Club,Big Sky,MT,USA,,,false
d90c0fd2-4363-4374-9509-fcb7dd2a7d26,,Spirit Hollow,Burlington,IA,USA,,,false
8aaf3515-b5b5-4a85-841d-40cc0f73c8fe,,Spring Creek Golf Club,Gordonsville,VA,USA,,,false
18756932-a59d-4740-9673-6f7aff48f510,,Spring Creek Ranch,Collierville,TN,USA,,,false
73d62e3b-5aaf-4f25-b0f6-e5a7e7a186a3,,Spring Hill Golf Club,Wayzata,MN,USA,,,false
550ab8d9-4a09-4a13-9b63-e8c5ccbd0ebe,,Springfield Country Club,Springfield,OH,USA,,,false
b30a083e-a15b-4d6e-8adc-092eb538297e,usa76,Spyglass Hill Golf Course,Pebble Beach,CA,USA,,,false
b8f2dac3-00ac-4345-a8ca-c65a5f41bc07,,Squire Creek Country Club,Choudrant,LA,USA,,,false
b981b6be-d9d1-4bb0-9b21-e83d5a93c98a,,St. Andrews Links (New),St Andrews,Fife,Scotland,,,false
0d91e232-c444-46cd-957b-7924cb6b87d6,,St. Andrews Links: Jubilee,,Fife,UK,,,false
27518719-dc92-4858-92bc-71eb46efd92d,world2,St. Andrews Links: Old,St Andrews,Fife,UK,,,false
41dbdad1-f7e9-4941-9689-5c676392bdab,,St. Clair Country Club: Championship,Pittsburgh,PA,USA,,,false
9f663226-9be0-4e9e-9ebe-b6eea2cb91cc,world70,St. Enodoc Golf Club (Church),Wadebridge,Cornwall,England,,,false
0801b047-a71a-49f0-a6c4-67f5900b4327,world41,St. George's Golf & Country Club,Etobicoke,Ontario,Canada,,,false
307fc97a-8ca5-4906-b62e-557adba2154d,,St. George's Golf and Country Club,East Setauket,NY,USA,,,false
ad7562ea-2d49-453d-ae6c-fca2db1d9c14,michigan73,St. Ives Golf Club,Stanwood,MI,USA,,,false
cbdefbe1-482f-4fe6-8735-e75537d4a375,,St. Johns Golf Course,St. Johns,MI,USA,,,false
61c755af-fe4a-4dae-b024-38d47ce20569,,St. Louis Country Club,Saint Louis,MO,USA,,,false
1eb3f9fc-98af-453d-a8e1-e7d990e6a3a6,world58,St. Patrick's Links,Downings,Donegal,Ireland,,,false
4b40c33b-ef58-4476-bd27-c93708453b2b,,Stanford Golf Course,Stanford,CA,USA,,,false
6df0118b-02e8-4703-a15a-edfb4fbd0b9e,,Stock Farm Club,Hamilton,MT,USA,,,false
988adc7e-65c6-4f6e-83d6-f9197c9268a5,,Stone Canyon,Tucson,AZ,USA,,,false
c99f49de-4648-4997-be8f-1ef3856ded33,,Stone Eagle Golf Club,Palm Desert,CA,USA,,,false
c02125a2-ffa9-48e2-afb8-ee85bdb0c816,,Stonebridge Golf Club,,MI,USA,http://stonebridgegolf.com.au/,,false
1ae061cd-2c13-4439-83eb-d42d38abdeb5,,Stonebridge Ranch Country Club: Dye Course,McKinney,TX,USA,,,false
9b775c9d-4696-4a7f-8571-de1cd3f3a214,,StoneRidge Golf Club,Stillwater,MN,USA,http://stoneridgegc.com/,,false
327cf4be-907e-41d0-bda0-e9b8b021e62a,,Stonewall Orchard Golf Club,Grayslake,IL,USA,,,false
5bdd1618-4195-4dfd-b1dd-60dfeae6ab84,,Stonewall: North Course,Elverson,PA,USA,,,false
1cb7af57-d72c-49ca-9a9e-81ae139b86c0,,Stonewall: Old Course,Elverson,PA,USA,,,false
b3cc4d08-7146-4a45-8492-9b512c83cd2c,,Stony Creek Metropark Golf Course,Shelby Township,MI,USA,https://golf.metroparks.com/stony-creek-metropark.html,,false
df858836-7e87-400e-9c80-652c29951f26,,Streamsong Resort: Black,Bowling Green,FL,USA,,,false
10464ad0-6d08-4074-b7a0-b7fa6cb64e91,,Streamsong Resort: Blue,Bowling Green,FL,USA,,,false
55e9e962-17a3-4128-b8b9-71c22d0e7839,,Streamsong Resort: Red,Bowling Green,FL,USA,,,false
6b0fd6dd-c8d5-459e-88a8-70db2919cdb8,,Sugarloaf Golf Club,Carrabassett Valley,ME,USA,,,false
2386060f-d431-41e8-b41c-457f43f824c3,,Summit Rock at Horseshoe Bay Resort,Horseshoe Bay,TX,USA,,,false
5b570e66-2dfe-47ea-9403-e1d3fb8fe20e,,Sun Valley Resort: Trail Creek Course,Sun Valley,ID,USA,,,false
714e1c23-4cbb-490c-acfa-adbf4a027b7a,,Suncadia Resort Prospector Course,Cle Elum,WA,USA,,,false
f5cd554d-6877-418f-85c4-9d000c3c3bd3,,Sundance,Torch Lake Township,MI,USA,,,false
b8ff6846-bb34-4d16-a771-9ac764fbfb1a,,Sunday River Golf Club,Newry,ME,USA,,,false
677093ca-1177-4788-bde6-ddcca3b6fb98,,Sunnehanna Country Club,Johnstown,PA,USA,,,false
31f883b5-e18b-4c41-9b4f-be481091f281,,Sunningdale Country Club,Scarsdale,NY,USA,,,false
4a867272-16ed-450e-a482-f27aa4098883,world36,Sunningdale Golf Club (New),Sunningdale,Surrey,England,,,false
b34d17b3-0d21-4c0b-8bef-368a700cc4d9,,Sunningdale Golf Club (Old),Sunningdale,Surrey,England,,,false
0ca848ec-1127-412e-b410-32cc3d4f909c,,SunRidge Canyon Golf Club,Fountain Hills,AZ,USA,,,false
970a8eed-4afe-49fd-bb72-f991d908be31,,Superstition Mountain: Lost Gold,Gold Canyon,AZ,USA,,,false
777fd6ea-c777-4581-a22c-5e31feb4be9d,,Sutton Bay Golf Course,Agar,SD,USA,,,false
151eb0d8-1d23-4296-8376-0c9c933c04f2,michigan31,Sweetgrass Golf Club,Harris,MI,USA,,,false
3fb20428-4805-497e-8d07-e4d194208d15,world29,Swinley Forest Golf Club,Ascot,Berkshire,England,,,false
c730bd1d-631d-401e-9578-710870d8956d,,Sycamore Hills Golf Club,Fort Wayne,IN,USA,,,false
43f60221-fa4e-4c55-aacf-fe0a808c5531,,Sylvan Glen Golf Course,,MI,USA,,,false
1c4470d6-a560-498c-b16d-1ddcf35b6eaf,,Tacoma Country & Golf Club,Lakewood,WA,USA,,,false
e5ee0796-0779-4a96-ba82-ba9ca68b562f,,Taconic Golf Club,Williamstown,MA,USA,,,false
0d9c116d-8c09-49a9-a7c3-3f0081bf0da8,,Talisker Club at Tuhaye,Kamas,UT,USA,,,false
67be2b45-102e-4b61-92b6-5f14baa4a8dd,,Talking Rock,Prescott,AZ,USA,,,false
d242000d-d195-423d-a246-bf7cf09ab125,michigan29,Tam O'Shanter Country Club,West Bloomfield,MI,USA,,,false
0a1c4940-e751-4cc2-aebf-70478d60a9be,,Tamarack Country Club,Greenwich,CT,USA,,,false
51d56ebf-100c-45d9-b164-1f0e66a4b9ad,world7,Tara Iti Golf Club,Tomarata,Northland,New Zealand,,,false
784d0452-ae16-4eb6-8a8e-ba1a8c21f093,,Tatanka Golf Club at Feather Hill,Niobrara,NE,USA,,,false
6e674f1f-8c39-44e0-923a-481ece2391c3,,Te Arai Links (North Course),Tomarata,Auckland,New Zealand,,,false
e7c0db63-9303-4b49-8657-897e615d2ddd,world42,Te Arai Links (South),Tomarata,Auckland,New Zealand,,,false
20d45f30-4c4d-40d6-86ac-7ca072582c81,,Tennessee National Golf Club,Loudon,TN,USA,,,false
477ae08f-a4db-4eab-ba35-1cc91fba29ed,,Tetherow Golf Club,Bend,OR,USA,,,false
87203cca-c276-4c0f-a70f-a5f0e82636a8,,Texarkana Country Club,Texarkana,AR,USA,,,false
8889d172-2e60-419d-bb83-e4a40b554038,usa37,The Alotian Club,Roland,AR,USA,,,false
b6fa0609-7d07-49e8-a1b4-1c454e38981f,,The Arnold Palmer Signature Course At Stonewall Resort,Walkersville,WV,USA,,,false
3e181a4d-23c7-4c33-a2a7-a69966d6db9f,,The Bear's Club,Jupiter,FL,USA,,,false
467725b1-8404-4095-9eec-7ccb98153ca3,,The Bluffs Ho Tram Strip,Bà Rịa,Ba Ria-Vung Tau,Vietnam,,,false
f14f58b2-4c75-49ed-8452-d2ed0e0bbad5,,The Bog,Saukville,WI,USA,,,false
ba2ef558-e45e-4935-96a2-7ec585cf9b7c,,The Boulders Club: South,Carefree,AZ,USA,,,false
ff189c73-cf5f-4fc3-b1b2-b380a6c395ca,,The Bridge,Sag Harbor,NY,USA,,,false
8061a31c-bcd5-4acb-84ab-5b1dd53f5f4a,,The Bridges At Rancho Santa Fe,Rancho Santa Fe,CA,USA,,,false
4d6589e7-0921-46cd-b5a7-db91cc80e7de,,The Broadmoor Golf Club West Course,Colorado Springs,CO,USA,,,false
c69ba996-87af-4b4e-92ea-0cc625a7233c,,The Broadmoor Golf Club: East,Colorado Springs,CO,USA,,,false
0cb20345-ad11-4a09-95ce-8173ac26c00c,,The Bull At Pinehurst Farms,Sheboygan Falls,WI,USA,,,false
9977743f-fedd-4398-9baf-2e368135dd17,,The Cardinal,Plymouth,MI,USA,,https://www.thecardinalgolf.com/,false
c74fe725-a587-4800-a83d-158dae3196c2,,The Cardinal By Pete Dye: Cardinal,Greensboro,NC,USA,,,false
c8814c31-fc59-4814-a313-d1d336689609,,The Chief Golf Course,Bellaire,MI,USA,https://www.golfthechief.com/,,false
eef3de41-9fd3-41be-af57-cffe99023912,,The Cliffs At Keowee Vineyards,Sunset,SC,USA,,,false
9c098dea-4711-4e2b-997a-a37348cebf54,,The Cliffs At Mountain Park,Marietta,SC,USA,,,false
445f2dc8-30c8-447a-995f-ea66eaccc939,,The Cliffs At Walnut Cove,Arden,NC,USA,,,false
3191a32c-b043-40b2-b226-0e9e7c0ad657,,The Club at Carlton Woods Fazio Course,The Woodlands,TX,USA,,,false
b8db9b40-e419-4bc8-9b78-8c253cf97098,,The Club at Carlton Woods Nicklaus Course,The Woodlands,TX,USA,,,false
ec06c2a9-3a1c-4c0a-be2d-56efaf173aa4,,The Club At Chatham Hills,Westfield,IN,USA,,,false
7eff13fb-a0a7-498e-9dcd-4ff58584f377,,The Club at Creighton Farms,Aldie,VA,USA,,,false
ccddc9d7-5b10-411c-a2dd-4371a5692d0c,,The Club At Flying Horse Weiskopf Course,Colorado Springs,CO,USA,,,false
391f0070-d22f-4ff0-9a40-9f951bc7d1ac,,The Club at Flying Horse: Phil Smith,Colorado Springs,CO,USA,,,false
dfecf1d7-8bb6-4e7f-8161-e5b3c9c4c5d8,,The Club at Golden Valley,Golden Valley,MN,USA,,,false
e4a1e401-5b00-4a5c-8a47-32beb14cc4b8,,The Club At Hokulia,Kealakekua,HI,USA,,,false
585f8a30-0c95-434e-848f-aa2e653a2964,,The Club At Ibis: Legend Course,West Palm Beach,FL,USA,,,false
3cf5ca3b-35df-42ca-be68-2b540dbbdcee,,The Club at Kukui'ula,Koloa,HI,USA,,,false
c192606e-606e-4769-8362-9c9eaf931a88,,The Club At Lac La Belle,Oconomowoc,WI,USA,,,false
2658e059-e861-4843-8342-a87526342097,,The Club At Las Campanas: Sunrise,Santa Fe,NM,USA,,,false
19958dbf-9e27-47f8-aacc-0c5f3eb2534f,,The Club At Las Campanas: Sunset,Santa Fe,NM,USA,,,false
d293ed56-81e5-42c7-99d6-0523209da7cf,,The Club At Mediterra: South,Naples,FL,USA,,,false
358aa75f-ed57-46d0-a67a-7e01d230d1e2,,The Club At Nevillewood,Presto,PA,USA,,,false
ea046843-b4db-42f7-a79c-fac5debe3d04,,The Club at Olde Stone,Bowling Green,KY,USA,,,false
11dad58a-a934-42a3-9478-c1a4287619cf,,The Club At Porto Cima,Sunrise Beach,MO,USA,,,false
0717e979-d694-4e4c-ab23-5222925c5816,,The Club At Ravenna,Littleton,CO,USA,,,false
2e12be86-be83-4c32-9c21-d097152b24f5,,The Club At Snoqualmie Ridge,Snoqualmie,WA,USA,,,false
bd26677e-60e6-4f0f-9488-3a9a2ed74643,,The Club At Wynstone,North Barrington,IL,USA,,,false
1a408681-8d39-4128-b406-c48cf1488c8e,,The Clubs at Houston Oaks,Hockley,TX,USA,,,false
50764828-38da-433e-bc0f-3a9359f114ce,,The Clubs of Cordillera Ranch,Boerne,TX,USA,,,false
dc9ddd49-5f8c-4d6f-9fa7-1b26887638f3,,The Concession Golf Club,Bradenton,FL,USA,,,false
3a5d66a9-79f5-4613-8d56-cb7179cdeb30,,The Country Club,Pepper Pike,OH,USA,,,false
b44aa0f4-f467-4845-abe3-27955869843c,,The Country Club At Castle Pines,Castle Rock,CO,USA,,,false
097b03ac-2b7f-488b-905f-76106fbd55ef,,The Country Club At Golden Nugget,Lake Charles,LA,USA,,,false
fe2c786f-0b66-4a37-9987-9b30cda08d78,,The Country Club of Birmingham: West,Birmingham,AL,USA,,,false
cd590395-3d7d-4a0f-a2d6-30757e1741e1,,The Country Club of Buffalo,Williamsville,NY,USA,,,false
6de56b8c-7578-411d-9540-e32e8fdcd869,,The Country Club of Darien,Darien,CT,USA,,,false
42889f4f-d380-4296-b81d-33a30580e727,,The Country Club of Little Rock,Little Rock,AR,USA,,,false
0be536a4-7677-4e6f-9a14-98a32839d095,,The Country Club of Louisiana,Baton Rouge,LA,USA,,,false
2413cd2b-f918-46da-91ae-845d7c760e78,,The Country Club of Orlando,Orlando,FL,USA,,,false
efb6bc7b-9783-4669-a57d-df603be92615,,The Country Club of Rochester,Rochester,NY,USA,,,false
ce2fd235-38d2-457f-ab3d-43edb2a891a9,,The Country Club of Scranton: Old,Clarks Summit,PA,USA,,,false
2902c968-a79d-4d71-93b5-a44ebb00c1f1,,The Country Club of St. Albans: Lewis and Clark,Saint Albans,MO,USA,,,false
debd5698-a11b-4164-a20b-96886f7b792b,,The Country Club of St. Albans: Tavern Creek,Saint Albans,MO,USA,,,false
a0a50211-64c0-480c-b36b-eadd4610d8bc,,The Country Club of Troy,Troy,NY,USA,,,false
88cbd490-339b-450a-ac80-e5565a1031f8,,The Country Club of Virginia: James River,Richmond,VA,USA,,,false
ae6c6776-ca94-412c-a82c-e2f727b2013f,,The Country Club of Waterbury,Waterbury,CT,USA,,,false
f2ab0b8b-955f-4d9e-91fc-4928c6818fb9,usa17,The Country Club: Main,Brookline,MA,USA,,,false
3b123fe2-9783-4f74-b6ee-90c317680c43,,The Country Club: The Main Course,Brookline,MA,USA,,,false
bd4cff30-2dc7-44f5-8724-9afb172cbe36,,The Creek,Locust Valley,NY,USA,,,false
b140f699-6b0b-4c17-959d-7dc23195fdaa,,The Creek Club At Reynolds Lake Oconee,Greensboro,GA,USA,,,false
2ea1c88f-9d4a-4fd4-8329-23f2f3ca4689,,The Crown Golf Club,Traverse City,MI,USA,https://golfthecrown.com/,,false
4afc1ef1-a030-4f44-a4bd-402f1e72f600,,The Dream GC,West Branch,MI,USA,https://www.dreamnightmaregolf.com/,,false
9a57c458-8af3-4b94-9be6-48d3c00f1ff5,,The Dunes Golf & Beach Club,Myrtle Beach,SC,USA,,,false
c66796b1-d1e7-45fe-82a3-5622a4759d05,,The Dye Course at White Oak,Yulee,FL,USA,,,false
ede81777-48b6-4bca-a6a5-27451d396ac9,,The Dye Preserve Golf Club,Jupiter,FL,USA,,,false
4c855835-3a57-4be6-86eb-208d284f09b9,usa70,The Estancia Club,Scottsdale,AZ,USA,,,false
87901b03-c283-4f42-8db2-a33d7042281e,,The European Club,Brittas Bay,Wicklow,Ireland,,,false
c7273d85-ceca-441d-91d6-3ff990dcb3b7,,The Farm,Rocky Face,GA,USA,,,false
21bb23a3-9b83-426b-847e-ec3304b0db95,,The Fields Golf Course,Ithaca,MI,USA,,,false
07ed73ad-1e3a-4c92-9876-330ae6c066c6,,The Ford Field and River Club,Richmond Hill,GA,USA,,,false
9d87fd8f-68a6-4aa4-a1c3-1d09c45f0ac1,,The Fort Golf Resort,Indianapolis,IN,USA,,,false
eb76dc48-0fad-473b-9ab4-f3dc40f0d186,,The Foundry Golf Club,Powhatan,VA,USA,,,false
b2c74840-350e-43f8-8388-f121a98a1c30,,The Gallery Golf Club: North,Marana,AZ,USA,,,false
c73ca831-ce0a-4b65-b0dc-68cd56370592,,The Gallery Golf Club: South,Marana,AZ,USA,,,false
3db32350-813c-4217-88cc-e1165c6cf426,,The Gasparilla Inn & Club,Boca Grande,FL,USA,,,false
9232de0e-3bb8-4686-acee-785867def7c9,,The Glen,,East Lothian,UK,,,false
86244697-03c8-4314-9828-7e4a786aad1c,,The Glen Club,North Berwick,East Lothian,Scotland,,,false
41809c8f-b695-4f06-a83a-c4b405fc0cf2,,The Glen Club,Glenview,IL,USA,,,false
f581598b-6ffd-4f12-b994-9547644763b2,,The Glen Club,North Berwick,East Lothian,UK,,,false
74f5a95f-66de-4efd-93f5-03966637f7f4,usa46,The Golf Club,New Albany,OH,USA,,,false
0b725b91-791d-42c8-b6a6-3e9ff28e5463,,The Golf Club at Bear Dance,Larkspur,CO,USA,,,false
256ece7e-010d-4aab-a89a-2fe806c5383f,,The Golf Club At Black Rock,Coeur D Alene,ID,USA,,,false
d78169c4-29f0-44ed-920f-a6bbe4a68172,,The Golf Club At Briar's Creek,Johns Island,SC,USA,,,false
3641ac0c-cabc-4b25-9cde-6ed789d4c3a5,,The Golf Club at Cuscowilla,Eatonton,GA,USA,,,false
3294bbc6-a7d7-4ea5-a675-11c80e32f972,,The Golf Club At Red Rock,Rapid City,SD,USA,,,false
c429c260-f8b8-41b3-8f20-0bf09b53030c,,The Golf Club At Stonelick Hills,Batavia,OH,USA,,,false
08d65a6d-ddad-4a08-b80f-2b571930e667,,The Golf Club Of Cypress Creek,Ruskin,FL,USA,http://www.cypresscreekgolfclub.com/,,false
4c97ba5d-4e46-4e29-a710-dfd160dc81d8,,The Golf Club of Georgia: Creekside,Alpharetta,GA,USA,,,false
2edea02e-59e8-432c-9a65-fcfeba48f999,,The Golf Club of Georgia: Lakeside,Alpharetta,GA,USA,,,false
c5e4ce79-d730-4c34-a457-2d1423f18807,,The Golf Club of New England,Stratham,NH,USA,,,false
741965a8-92dd-4bd8-b8f4-a020b4ce5556,,The Golf Club of Oklahoma,Broken Arrow,OK,USA,,,false
c484766f-c3c2-4961-853f-54f3fb85bd9e,,The Golf Club of Tennessee,Kingston Springs,TN,USA,,,false
6f8be33d-4716-4df3-9b40-a01ce152175b,,The Golf Course at Glen Mills,Glen Mills,PA,USA,,,false
02794d64-77c7-4124-997a-a70f811a9cc8,,The Golf Courses of Lawsonia: Links,Green Lake,WI,USA,,,false
157b8ee7-578c-4a1a-8e20-f9a2d5f07572,,The Greenbrier: Meadows Course,White Sulphur Springs,WV,USA,,,false
9f851fdc-9d92-49bf-8424-8feff1da1630,,The Greenbrier: Old White,White Sulphur Springs,WV,USA,,,false
a943ae68-70ef-45f5-a0e7-d792e1dd2d17,,The Greenbrier: The Snead,White Sulphur Springs,WV,USA,,,false
4670873a-a661-4ca2-93cb-f8a97ff3b144,,The Grove,College Grove,TN,USA,,,false
98c67748-2a65-42ed-bd45-f8261bba7a64,,The Grove XXIII,Hobe Sound,FL,USA,,,false
7fb23b66-d4af-4bf4-8792-d6191f5836b9,,The Hartford Golf Club: Red/Blue 9s,West Hartford,CT,USA,,,false
846f4ed0-7829-473e-9170-6174c47b2479,,The Harvester Club,Rhodes,IA,USA,,,false
d317a232-3898-402b-8731-efa61ab2b7f5,,The Hideaway Golf Club: Clive,La Quinta,CA,USA,,,false
656c00ec-2740-41e3-82e1-4a0c0b2ddd1f,,The Highland Course At Primland,Meadows of Dan,VA,USA,,,false
b63498ed-0301-41e7-b231-366769804eb3,usa29,The Honors Course,Ooltewah,TN,USA,,,false
b5823cdb-b9c6-4ccf-abe3-878f835526ec,,The Idaho Club,Sandpoint,ID,USA,,,false
6121b771-a2cd-4bd7-b79c-b64d46bc838c,,The International: Oaks Course,Bolton,MA,USA,,,false
e289774e-c383-4c8e-a0de-dfedd4cf268f,,The Kahkwa Club,Erie,PA,USA,,,false
ce44d43b-dd92-42a2-9d84-bf409c5f311d,,The King Kamehameha Golf Club,Wailuku,HI,USA,,,false
bb408054-2305-403b-b913-9c41ef451038,,The Kirtland Country Club,Willoughby,OH,USA,,,false
796e798a-3333-41fe-ae10-3c7ecb1d5983,usa89,The Kittansett Club,Marion,MA,USA,,,false
bcec28c7-66e8-4041-a80e-56c2844d3a0f,,The Lakes Golf Course at Lakewood Shores,Oscoda,MI,USA,,,false
bb3ac11d-d4d8-4717-b0d8-ffa78ad0a99d,,The Landings Club: Deer Creek,Savannah,GA,USA,,,false
eae7e0c1-0b8c-4abf-8df5-7d25c3f2c7e7,,The Ledges,Huntsville,AL,USA,,,false
3a4e580e-390f-4bb6-9ae6-a03260423c89,,The Legend at Giants Ridge,Biwabik,MN,USA,,,false
f5f98466-63d2-4873-82c9-9577fa9ebb1b,michigan76,The Legend: Shanty Creek,Bellaire,MI,USA,,,false
470d1a31-a1a2-4b6f-916f-7cd660a12a7f,,The Lido at Sand Valley,Nekoosa,WI,USA,,,false
6a0138e5-15b3-467c-9b61-2c108d91a09c,,The Links At Spanish Bay,Pebble Beach,CA,USA,,,false
3aca53d2-79e7-4146-8d31-b276beeca1d8,,The Links of North Dakota,Ray,ND,USA,,,false
4b459378-1ed9-475a-9f01-f7703ea3fcff,,The Links of Novi,Novi,MI,USA,http://www.linksofnovi.com,,false
a8b92133-7c99-4145-8491-5c84b7809c4f,michigan17,The Loop: Black,Roscommon,MI,USA,,,false
9032f96d-5ac6-49c0-933e-a20b552b17e0,michigan21,The Loop: Red,Roscommon,MI,USA,,,false
4957418c-587f-4faa-9abb-6f8978c2f107,,The Loxahatchee Club,Jupiter,FL,USA,,,false
3286d95b-b3f5-4a29-827e-45f5ea5e2da3,,The Madison Club,La Quinta,CA,USA,,,false
e74d8dd0-fe95-42fa-8dbe-068134aa05fd,,The Majestic at Lake Walden,Hartland,MI,USA,,,false
ffd99a43-3155-47ce-9f1a-6608ad86af47,,The McLemore Club: Highlands,Rising Fawn,GA,USA,,,false
26158294-71c0-44f8-b60f-39dfd9ed3cc9,,The Meadows at Grand Valley State University,Allendale Charter Township,MI,USA,https://www.gvsu.edu/meadows/,,false
ae6b3de2-befb-4660-8e77-285024bd816f,,The Merit Club,Libertyville,IL,USA,,,false
fa9014db-8b32-4687-b3f2-5d96e79293cf,world59,The Metropolitan Golf Club,Oakleigh South,Victoria,Australia,,,false
aa92e1f3-e4a4-4324-83a4-23637c1ce2d1,michigan50,The Mines Golf Club,Grand Rapids,MI,USA,,,false
fa28b41d-3f9a-4430-8171-9106a5817c71,,The Minikahda Club,Minneapolis,MN,USA,,,false
1fb8cea8-09db-414e-a4cf-f7eab63c629c,,The Minot Country Club,Minot,ND,USA,,,false
0d61f5fd-fe8c-48f1-b227-510a4c1f8fe4,,The Misquamicut Club,Westerly,RI,USA,,,false
21ae15a6-13ce-4ee4-82a0-4e195f2795f5,,The Moorings Yacht & Country Club Hawks Nest Course: Hawks Nest,Vero Beach,FL,USA,,,false
650b2b07-b9a2-432c-96a4-e6c630f6b1b5,michigan89,The Moors Golf Club,Portage,MI,USA,,,false
06922890-ccfd-4fed-b9e6-a7416ac0b550,,The Natural at Beaver Creek Resort,Gaylord,MI,USA,,,false
675f78ca-05f2-4d36-9248-19bbe96d4961,,The Nightmare GC,West Branch,MI,USA,https://www.dreamnightmaregolf.com/,,false
2ce31d31-245b-4639-8381-49e74a3587d4,,The Ohio State University Golf Club: Scarlet,Columbus,OH,USA,,,false
b487162c-c798-4113-9abd-0440a16d0cd1,,The Olde Farm,Bristol,VA,USA,,,false
63d258ca-b63c-4669-b776-fd3b799428bf,,The Olympic Club Ocean Course,San Francisco,CA,USA,http://www.olyclub.com/,,false
14d28952-48e2-4ae2-9ef1-305165d8278c,,The Omni Homestead Resort: Cascades Course,Hot Springs,VA,USA,,,false
a1b3ae6b-ffbf-4a8f-a024-9b61c5ca6201,michigan61,The Orchards Golf Club,Washington,MI,USA,,,false
b7a9bf7a-17a9-4560-b849-18f9a8bfb39c,,The Otesaga's Leatherstocking Golf Course,Cooperstown,NY,USA,,,false
d6e0da5f-edb8-4aa7-adf2-7dfdacb2ba83,,The Park at West Palm Beach,West Palm Beach,FL,USA,,,false
521d4c63-6b54-4626-9cd9-ff2e849a7c39,,The Patriot Golf Club,Owasso,OK,USA,,,false
ad948d21-6835-4bc8-a721-f970294bd675,,The Patterson Club,Fairfield,CT,USA,,,false
2d980e76-26ee-4029-b832-4253455056b6,,The Pelican Golf Club,Belleair,FL,USA,,,false
84233bb3-8b16-4737-aafc-e3c1b5cf914f,,The Peninsula Golf & Country Club,Millsboro,DE,USA,,,false
ab3a0d2c-83ae-4607-b5ac-0b6ff5b3d7b1,,The Pfau Course At Indiana University,Bloomington,IN,USA,,,false
87df26cf-1709-4490-870f-d754ddace5c7,,The Philadelphia Cricket Club: Wissahickon,Flourtown,PA,USA,,,false
62634211-097b-4cc7-b364-9cbd7ab299ee,,The Plantation Golf Club,Indio,CA,USA,,,false
53355f20-0401-4111-8d78-9813b0bef5ed,,The Prairie Club (Dunes Course),Valentine,NE,USA,,,false
11f5688b-4ce1-43e6-97e4-c4bbd1e81142,,The Prairie Club Dunes Course,Valentine,NE,USA,,,false
02b94ef4-1131-44c6-88d9-d356d9312d7f,,The Prairie Club: Pines,Valentine,NE,USA,,,false
811ef12e-7abf-4921-8d56-fb1fb496d69d,,The Prairie Club: Pines Course,Valentine,NE,USA,,,false
520d56a4-165a-4600-88a7-ee8bd19cfb25,,The Preserve Golf Club,Carmel,CA,USA,,,false
6cef49ad-1495-4ba2-82fa-4cffdccec174,,The Preserve Golf Club,Vancleave,MS,USA,,,false
0c5185f3-ad92-4a25-a71f-e7e8ce998100,,The Quarry at Giants Ridge,Biwabik,MN,USA,,,false
3886d28b-94a3-4e75-988d-ca3cb2e34202,usa85,The Quarry at La Quinta,La Quinta,CA,USA,,,false
658fb064-696b-47d8-8ecb-88f7ca003e45,,The Quechee Club: Highland,Quechee,VT,USA,,,false
c736ead1-b9c0-4167-905a-0fd47836b3af,,The Quest Golf Club,Houghton Lake,MI,USA,https://www.questgolfcourse.com/,,false
e0589f2a-316f-4ce8-ba2d-65fd3443cecb,,The Reserve At Lake Keowee,Sunset,SC,USA,,,false
e775ca15-bbf0-46f4-8ce3-9d512f76e77d,,The Reserve At Moonlight Basin,Big Sky,MT,USA,,,false
d889a145-d5a3-4277-bac6-2e47b08c4a3a,,The Reserve Club,Indian Wells,CA,USA,,,false
aeca888d-5c4d-46c3-b718-9d9285d3573c,,The Resort At Glade Springs: Cobb,Daniels,WV,USA,,,false
675168ae-10f9-405e-85d6-dcce45dc76e3,,The Resort at Glade Springs: Stonehaven,Daniels,WV,USA,,,false
cb4bab7d-ff2c-4b47-ad7d-f5c875b094cf,,The Resort at Glade Springs: Woodhaven,Daniels,WV,USA,,,false
c50d9ca3-bb82-421a-bb44-d6264a36527f,,The Retreat,Manistee,MI,USA,https://manisteenational.com/golf-course/the-retreat,,false
b9912c9c-42d5-4812-aeff-fa9064f7ab44,,The Revenge,Manistee,MI,USA,https://manisteenational.com/golf-course/the-revenge,,false
66e098da-9ee1-4247-ac4b-784b11cf8ab6,,The Ridge At Back Brook,Ringoes,NJ,USA,,,false
644293d5-5275-4ce2-9952-701f35ce47c5,,The Ridge at Castle Pines North,Castle Rock,CO,USA,,,false
6ac04605-b668-406c-8ae0-86bc05d1a8ee,,The Rim Golf Club,Payson,AZ,USA,,,false
3602540d-fad0-4efe-8bc3-d7304fe6b717,,The River Club,Suwanee,GA,USA,,,false
2a6ffa4d-9afd-478c-b6d7-19591a041dd8,,The Rockaway Hunting Club,Lawrence,NY,USA,,,false
84289bd6-1bc7-405b-ad6c-ee75ad475369,,The Sagamore Club,Noblesville,IN,USA,,,false
43b8946e-36ad-4d39-8bbd-fbb4677e15d0,,The Sea Pines Resort: Atlantic Dunes,Hilton Head Island,SC,USA,,,false
45ada3a5-a5cb-49b8-a49c-3333a9182735,,The Seawane Club,Hewlett,NY,USA,,,false
dd6f0a9b-1081-48cb-83da-0411969c3291,,The Standard Club: Standard,Johns Creek,GA,USA,,,false
19f46065-c325-48ad-9861-18b4d4889f6c,,The Stanwich Club,Greenwich,CT,USA,,,false
277b3c6b-bf6d-4a60-a86f-f9cbc6041b70,,The Summit Club,Las Vegas,NV,USA,,,false
73bddd67-7f0d-479d-9a85-db55180c500e,,The Territory Golf & Country Club,Duncan,OK,USA,,,false
26b2c828-e154-4880-895b-9e9d8edf9e39,,The Tree Farm,Batesburg,SC,USA,,,false
317970e4-f8a7-461b-9763-3113f683ef2b,,The Trophy Club,Lebanon,IN,USA,,,false
740acd1a-6ca6-462f-a7a9-674a76e0467b,,The Union League Golf Club At Torresdale,Philadelphia,PA,USA,,,false
21f28b9b-66eb-4787-92e5-ccc66fff42f8,usa71,The Valley Club of Montecito,Santa Barbara,CA,USA,,,false
c165957b-64d9-4835-84ca-00ddb6e4f234,,The Vintage Club (Mountain),Indian Wells,CA,USA,,,false
8758ec14-8e06-4d44-bcec-3422771a47a0,,The Virginian Golf Club,Bristol,VA,USA,,,false
47a704ab-d65a-42ec-8184-b127f13e4018,,The Virtues Golf Club,Nashport,OH,USA,,,false
e5527571-95d9-43b6-a6ea-03fe556f01b6,,The Wilderness At Fortune Bay,Tower,MN,USA,,,false
e2b716ee-0584-4c41-b5d9-17ace13acd8f,michigan57,Thornapple Pointe Golf Club,Grand Rapids,MI,USA,,,false
c1560efd-17a5-4a44-bf48-ebe05a09eb0f,,Tiburon Golf Club: Gold,Naples,FL,USA,,,false
46ed0d5d-1eb6-4e1a-91d8-00ad34830f5d,,Tidewater Golf Club,North Myrtle Beach,SC,USA,,,false
b57d0e1d-5f9d-4427-a68d-00dd6df23c1e,michigan34,TimberStone at Pine Mountain,Iron Mountain,MI,USA,,,false
f174e4df-ace4-4750-a3bc-a163196edce1,,Timuquana Country Club,Jacksonville,FL,USA,,,false
f9f4e13c-b39f-4574-a34e-5186645a565a,,Tobacco Road Golf Club,Sanford,NC,USA,,,false
36947a24-6bc5-46df-8207-c035de270c28,,Tokyo Golf Club,Sayama,Saitama,Japan,,,false
e5c79312-7d7a-4892-8733-58f8d373cfd1,,Torch,Torch Lake Township,MI,USA,,,false
7000674d-06e8-42b3-9eb3-837c23b87b33,,Torrey Pines Golf Course: North,La Jolla,CA,USA,,,false
f43e2f0c-1a42-4b7b-99ee-3513e8e24f3c,,Torrey Pines Golf Course: South,La Jolla,CA,USA,,,false
9cae13ea-e656-44a7-9b5d-8ef92525d61f,,Toscana Country Club: North,Indian Wells,CA,USA,,,false
07b2300e-53a2-4118-86c5-e2954212cac0,,Toscana Country Club: South,Indian Wells,CA,USA,,,false
4a85a3bd-8813-49ca-a723-59754ef39f30,,Tot Hill Farm Golf Club,Asheboro,NC,USA,,,false
2db27a36-196b-4ff7-9712-634847876451,,Town & Country Club,Saint Paul,MN,USA,,,false
a85e9489-7749-45fc-a554-fc42205bd90a,,TPC Boston,Norton,MA,USA,,,false
2138efca-6537-47ef-8bb7-4cf040b88eaa,,TPC Colorado,Berthoud,CO,USA,,,false
5b88636e-39b0-4b08-88d6-f16cf13b7012,,TPC Craig Ranch,McKinney,TX,USA,,,false
813868ed-f41b-4675-8832-fedac41abd33,,TPC Deere Run,Silvis,IL,USA,,,false
120e0016-521d-450d-b839-558fd8c2f557,,TPC Dorado Beach (East),,PR,USA,,https://tpc.com/doradobeach/east-course/,false
fa896d87-c919-4606-80c5-bb14133a0098,,TPC Las Vegas,Las Vegas,NV,USA,,,false
0c858c78-8106-4637-83c2-e57476254272,,TPC Louisiana,Avondale,LA,USA,,,false
550fd928-b544-49ce-ae1c-8230219afc39,michigan75,TPC Michigan,Dearborn,MI,USA,,,false
132877ab-9d77-4248-a970-dfe89ac371d8,,TPC Myrtle Beach,Murrells Inlet,SC,USA,,,false
0426783c-9854-4b30-bb07-ccaf59eacdaf,,TPC Potomac At Avenel Farm,Potomac,MD,USA,,,false
77104a92-487e-400d-9e0a-1bf321bbd617,,TPC River Highlands,Cromwell,CT,USA,,,false
21f6af2c-f8c2-4f21-a398-14b5c39c9c2d,,TPC River's Bend,Maineville,OH,USA,,,false
26e1a582-a651-44e5-a335-851ec0ff85eb,,TPC San Antonio (Oaks),San Antonio,TX,USA,,,false
68a4b7ac-4529-4d9b-8dd8-0bbe7cb8e94b,,TPC San Antonio: Oaks Course,San Antonio,TX,USA,,,false
23cae479-e60e-485d-a161-e510ef6b5fd0,,TPC Sawgrass: Dye's Valley,Ponte Vedra Beach,FL,USA,,,false
ecfc009a-52d4-45fc-86ab-7ec08b8fb53d,usa41,TPC Sawgrass: Stadium,Ponte Vedra Beach,FL,USA,,,false
4e5c1dd4-524a-420a-ae16-d4f5b3a40fb8,,TPC Scottsdale: Stadium,Scottsdale,AZ,USA,,,false
4e3c79b4-e7ab-4bf6-ae62-fa392464b36f,,TPC Southwind,Memphis,TN,USA,,,false
93833e23-ce3e-4b48-a907-c9b232f31446,,TPC Sugarloaf: Stables/Meadows,Duluth,GA,USA,,,false
66564cdd-c34d-4b51-8e9e-e5c8031310de,,TPC Summerlin,Las Vegas,NV,USA,,,false
185ddd04-a30b-4d02-993f-3e3f3df44b8f,,Tpc Tampa Bay,Lutz,FL,USA,http://www.tpctampabay.com/,,false
7990de16-e0f1-41c4-a0a8-d485b6794544,,Tradition Golf Club,La Quinta,CA,USA,,,false
fb953543-744d-428e-ba34-1a8ade54043a,,Tralee Golf Club,Ardfert,Kerry,Ireland,,,false
f40c44df-e463-4f98-a1c9-5b752dd24e21,michigan70,Treetops Resort: Fazio,Gaylord,MI,USA,,,false
1bfc09fb-321a-4640-86b8-1ff20a516479,,Treetops Resort: Jones Masterpiece,Gaylord,MI,USA,,,false
186dea4f-fa02-401a-adc8-b5a3737ce964,,Treetops Resort: Rick Smith Signature,Gaylord,MI,USA,,,false
e406e94c-34b3-4cfe-8309-df6a48e60f91,michigan60,Treetops Resort: Robert Trent Jones Sr.,Gaylord,MI,USA,,,false
377515fa-0e30-401a-8979-25014bf77461,michigan67,Treetops Resort: Smith,Gaylord,MI,USA,,,false
02e67763-4ee5-4d09-8400-a96ad8e2f33e,,Treetops Resort: Threetops,Gaylord,MI,USA,,,false
395785b1-6760-41b8-9657-0ee5670d0a35,,Treyburn Country Club,Durham,NC,USA,,,false
e60f086f-53b3-4208-afe1-88662401d50e,,Tributary,Driggs,ID,USA,,,false
30feaaa1-cd05-492a-bdca-873a48c655b3,,Trinity Forest Golf Club,Dallas,TX,USA,,,false
d8571981-6ebd-49ad-947d-fb9d3fc7e2c2,,Troon Country Club,Scottsdale,AZ,USA,,,false
294a9f68-5024-4bf7-a8e1-a0c2ec55b31b,,Troon North Golf Club: Monument,Scottsdale,AZ,USA,,,false
4fa728aa-1294-4c21-8089-9efdc96d4bdf,,Troon North Golf Club: Pinnacle,Scottsdale,AZ,USA,,,false
5cb2abe2-faf2-4d30-9f4e-19240b1ca99e,,Troubadour Golf & Field Club,College Grove,TN,USA,,,false
837045d9-56f3-4dc9-bf80-54114191979d,,Troy Burne Golf Club,Hudson,WI,USA,,,false
c54d228b-8c71-4f4e-ae69-cf59d61e32b8,,True Blue Golf Club,Pawleys Island,SC,USA,,,false
4c8e5ad5-6453-40d8-9f36-0ce6534dd1a3,,Trump International Golf Club West Palm Beach: Championship,West Palm Beach,FL,USA,,,false
f53d0018-5dca-4839-a32d-02f8e2637492,,Trump International Golf Links,Balmedie,Aberdeenshire,Scotland,,,false
203c8e4c-8f6c-43dc-a59f-91da776539fb,,Trump National Doral: Blue Monster,Doral,FL,USA,,,false
a615d472-c39d-4030-8027-1e9668a59beb,,Trump National Doral: Blue Monster,Miami,FL,USA,,,false
936c3107-094c-4b4a-bcc1-cd8f38d68c6f,,Trump National Golf Club Bedminster: Old Course,Bedminster,NJ,USA,,,false
c80b59c5-e217-482e-a44c-7de76b351cf2,,Trump National Golf Club Charlotte,Mooresville,NC,USA,,,false
408127b8-6d8b-45a4-bbdd-39185c939c71,,Trump National Golf Club Jupiter,Jupiter,FL,USA,,,false
6d9a3ed4-d322-40e5-b6bb-5d1b5f046ba3,,Trump National Golf Club Los Angeles,Rancho Palos Verdes,CA,USA,,,false
aad35266-250c-4974-94fe-2585697bd194,,Trump National Golf Club Philadelphia,Pine Hill,NJ,USA,,,false
e471a942-f4a3-4427-b183-ee53169f28d6,,Trump National Golf Club Washington DC: Championship,Potomac Falls,VA,USA,,,false
5c34e0b8-8476-4685-b4ea-7166416d0565,world8,Trump Turnberry (Ailsa),Turnberry,South Ayrshire,Scotland,,,false
48af5eab-7e99-41dd-9cf1-c4a0cf2f8f97,world48,Trump Turnberry (King Robert the Bruce),Turnberry,South Ayrshire,Scotland,,,false
70b25dbf-73ed-4c81-993c-f8bb0612b397,,Tullymore Golf Resort,Stanwood,MI,USA,,,false
d5442a8a-4134-4067-bf59-d1f6e170c919,,Tulsa Country Club,Tulsa,OK,USA,,,false
f76f5ad7-3159-456f-aae4-4adcc1e5e67a,,Tumble Creek Golf Course At Suncadia,Cle Elum,WA,USA,,,false
5ae13159-0d0d-4310-8821-f3ee016d922c,,Turning Stone Resort (Kaluhyat),Verona,NY,USA,,,false
019175bb-07af-4c70-8eed-2063c838b9aa,,Turning Stone Resort Casino: Atunyote,Vernon,NY,USA,,,false
49d2a397-cb77-46ca-8539-6ca7f0c9eadd,,Turning Stone Resort Casino: Shenendoah,Verona,NY,USA,,,false
cdc34c03-ec63-405b-a977-adffb6901939,,Turtle Bay Resort: Palmer Course,Kahuku,HI,USA,,,false
2bf7e624-de12-4b42-9a1a-8c23c0c7e5cd,,Turtle Point Yacht & Country Club,Killen,AL,USA,,,false
9dc461da-5395-47da-a110-408482a98c0e,,Tustin Trails Golf Course,Tustin,MI,USA,https://www.tustintrails.com/,,false
fd9e8f5f-af54-48ce-bc1b-a52b9e73a2a1,,Twin Creeks Golf Club,,MI,USA,https://www.twincreeksgolf.com.au/,,false
c8899349-b682-4cb8-b9e4-0589d15f2048,,Twin Lakes Golf & Swim Club,Oakland,MI,USA,https://www.mytwinlakesgc.com/,,false
95945ae4-c989-4218-8845-c3c399862594,,Twin Warriors Golf Club,Bernalillo,NM,USA,,,false
88924f0f-b6af-44d3-8d60-2466b416c63b,,Two Rivers Country Club,Williamsburg,VA,USA,,,false
6707da02-af66-4dc0-bc4f-9ec9a293c5ec,,U.S. Naval Academy Golf Club,Annapolis,MD,USA,,,false
0c75face-d38c-40e2-9fa4-72a83eeb2092,,Union League National Golf Club,Cape May Court House,NJ,USA,,,false
d336f733-cfe0-4d1f-92ec-86d30d98acd8,,Union League: Liberty Hill,Lafayette Hill,PA,USA,,,false
1fe6c665-ade3-48f8-b9bb-41a1beb73844,,University of Louisville Golf Club,Simpsonville,KY,USA,,,false
2c25ca2d-e412-4d2d-8873-7ef6d1310adc,michigan12,University of Michigan Golf Course,Ann Arbor,MI,USA,,,false
81ad059c-3023-435d-b1dd-204f836eb9d0,,University Ridge Golf Course,Verona,WI,USA,,,false
4a8afb0d-160a-42ec-b878-7d9fb2310d7f,world79,Utrecht Golfclub De Pan,Bosch en Duin,Utrecht,Netherlands,,,false
a890b7a3-74ca-41c3-9af7-7888c51fe73a,usa94,Valhalla Golf Club,Louisville,KY,USA,,,false
320a98ab-9685-4f45-b3ad-8f5bf5a14411,,Vaquero Club,Westlake,TX,USA,,,false
d7d00977-46f3-44e6-9b92-64a98d87ceb8,,Ventana Canyon: Canyon,Tucson,AZ,USA,,,false
c54dae75-1514-4323-99bf-803058ad10e0,,Ventana Canyon: Mountain,Tucson,AZ,USA,,,false
9402f17e-e45c-4cb1-abee-33ea7507f72a,,Verrado Golf Club: Founders,Buckeye,AZ,USA,,,false
03194006-65b9-4fa0-983f-0af5a9c72655,,Vesper Country Club,Tyngsboro,MA,USA,,,false
2f04d142-6a99-409e-9c14-cbe94037f163,,Vestavia Country Club: Championship,Birmingham,AL,USA,,,false
157f59f7-bc2a-4317-b371-b9fcc81c75bc,world28,Victoria Golf Club,Cheltenham,Victoria,Australia,,,false
f55e9043-e4e3-409a-b7e2-2293ad3090da,usa60,Victoria National Golf Club,Newburgh,IN,USA,,,false
2949499e-7339-46a7-9ead-156f3b579ac9,,Victory Ranch,Kamas,UT,USA,,,false
597025c5-8bf1-41d2-84c2-c58ce1c249df,,Vineyard Golf Club,Edgartown,MA,USA,,,false
1a81bf7c-ad0f-46a2-894a-2850b41ddaef,,Wachesaw Plantation Club,Murrells Inlet,SC,USA,,,false
d6483792-bcca-4e70-a598-c86c9b843c51,usa27,Wade Hampton Golf Club,Cashiers,NC,USA,,,false
107bc484-0466-4706-bf40-c22e065762ee,,Waialae Country Club,Honolulu,HI,USA,,,false
b574a5e6-697e-4c38-a7d3-0c4b6e6fd335,,Wailea Golf Club: Emerald,Kihei,HI,USA,,,false
430d6abc-c781-482e-a0e2-d4cebaa8bf9d,,Wailea Golf Club: Gold,Kihei,HI,USA,,,false
4b97c831-dced-4f16-b99d-83ecb8d24ea1,,Wakonda Club,Des Moines,IA,USA,,,false
470394be-b174-4b5d-b917-4b1930edda77,,Walton Heath Golf Club (New),Walton-on-the-Hill,Surrey,England,,,false
a1ea3f77-fdcd-4e15-9fdb-23d25e6e8f0e,world81,Walton Heath Golf Club (Old),Walton-on-the-Hill,Surrey,England,,,false
d9e69452-c8f2-49e0-bef2-5f340b040984,,Wannamoisett Country Club,Rumford,RI,USA,,,false
ef8ebd8a-c2ae-42b5-bfde-bbd8d5add781,,Warren Golf Course at Notre Dame,Notre Dame,IN,USA,,,false
b67ee09e-0fba-4322-ad3a-03cecd03ff63,,Warwick Country Club,Warwick,RI,USA,,,false
881f91e8-c817-4362-baed-6d5e4d4caf59,michigan62,Warwick Hills Golf & Country Club,Grand Blanc,MI,USA,,,false
e1763d3c-ae3a-42be-bc96-250d2e31eeb8,michigan54,Washtenaw Golf Club,Ypsilanti,MI,USA,,,false
229a6d94-17c0-4372-8783-34c13e0fc2df,,Watchung Valley Golf Club,Watchung,NJ,USA,,,false
56181136-f3a4-4850-bd56-f1a38165b5c8,,Waterfall Club,Clayton,GA,USA,,,false
45ee3d42-9822-4f5f-9106-53df246a9a2f,,Waterville Golf Links,Waterville,Kerry,Ireland,,,false
c6e27640-402e-405b-abe0-fbd566221990,,Waverley Country Club,Portland,OR,USA,,,false
cd688f71-f4c9-4df9-971c-9ce242640a9c,,Wayzata Country Club,Wayzata,MN,USA,,,false
9c23d99e-3f23-4c43-a50d-72e31020b4b1,,We-Ko-Pa Golf Club: Cholla,Fort McDowell,AZ,USA,,,false
330c74a8-aa07-4aed-b3ca-b73b3238d9a5,,We-Ko-Pa Golf Club: Saguaro,Fort McDowell,AZ,USA,,,false
03fc615a-6f17-42dc-a623-7400c26e478e,,Wedgewood Golf & Country Club: Wedgewood,Powell,OH,USA,,,false
b26b5d82-d1b0-4c70-81dc-8b2e8820d358,,Wee Burn Country Club,Darien,CT,USA,,,false
161c2667-ce29-4e46-81fc-b7a86cf09229,,West At Jacaranda Golf Club,Plantation,FL,USA,http://www.jacarandagolfclub.com/,,false
58083873-f407-4acd-8efa-49b019638255,,West Bend Country Club,West Bend,WI,USA,,,false
d44914b9-3526-4a71-81ad-7e8e5d4c110e,,West Branch Country Club,West Branch,MI,USA,http://www.westbranchcc.com/,,false
488d140c-1bad-45dc-850f-1a110b8aeb85,,Westchester Country Club (South),Rye,NY,USA,,,false
f4bbfb64-5c4a-4ec7-9b60-6a8715e6c63b,,Westchester Country Club (West),Rye,NY,USA,,,false
1ecd0644-5782-407b-b830-119dd7a2138f,world78,Western Gailes Golf Club,Irvine,North Ayrshire,Scotland,,,false
870dfee2-a2b5-4e23-9eb9-82257abd8e73,michigan44,Western Golf & Country Club,Redford,MI,USA,,,false
67085243-be3a-44ed-afd2-76ac74f8ab59,,Westfield Country Club: North,Westfield Center,OH,USA,,,false
82088abf-9729-4369-adfe-71b89bb0ba16,,Westfield Country Club: South,Westfield Center,OH,USA,,,false
c9224c04-7225-4d75-9f4d-a6173e3dda8d,,Westhampton Country Club,Westhampton Beach,NY,USA,,,false
54837ed4-c85f-414a-856e-ed0a46d0b588,,Westmoor Country Club,Brookfield,WI,USA,,,false
c0794392-0db4-4c46-82e1-598f92e2d073,,Westmoreland Country Club,Wilmette,IL,USA,,,false
cc10bc76-5f36-41e6-b7a6-69bf46eda7f8,,Westwynd Golf Course,Oakland Township,MI,USA,https://www.westwyndgolf.com/,,false
d8411c59-9038-4f7a-bea6-7afa330e1b6c,,Wexford,Hilton Head Island,SC,USA,,,false
0b0d5c4e-22fa-42c2-81d8-52075bac78dd,,Whippoorwill Club,Armonk,NY,USA,,,false
6e1a672e-0ee6-478b-9570-f2a385e567cc,,Whiskey Creek Golf Club,Ijamsville,MD,USA,,,false
04b58130-2576-49a4-9cc1-496eb9f6ef34,,Whisper Rock Golf Club: Lower Course,Scottsdale,AZ,USA,,,false
6a09b624-d403-4b3d-b047-2ed6dab688eb,,Whisper Rock Golf Club: Upper Course,Scottsdale,AZ,USA,,,false
70685b36-f6a2-49e9-843f-b4705b006019,usa66,Whispering Pines Golf Club,Trinity,TX,USA,,,false
5f6bf4d6-8ead-42f1-87b3-90e5004d5078,,Whispering Pines Golf Club,Pinckney,MI,USA,http://www.whisperingpinesgc.com/,,false
6d9917a9-46bb-42c3-9722-1342ee69f989,,Whistling Straits: Irish Course,,WI,USA,,,false
e09f0afe-ba5a-4b05-8214-d42e1195b91f,usa26,Whistling Straits: Straits,Kohler,WI,USA,,,false
99bfa1aa-9ece-459c-961a-5d782f060d17,,White Bear Yacht Club,White Bear Lake,MN,USA,,,false
6e2b1aa4-93f4-4568-85f3-ec1d8150fc54,,White Manor Country Club,Malvern,PA,USA,,,false
f033c093-d445-4651-ab3f-283e21daf6a2,,Whitemarsh Valley Country Club,Lafayette Hill,PA,USA,,,false
e210cdc7-8bc3-4ea9-883c-03f7ba8da446,,Wichita Country Club,Wichita,KS,USA,,,false
7c6c56f6-692c-4285-8174-e79093cac203,,Wickenburg Ranch: Big Wick,Wickenburg,AZ,USA,,,false
0f1e8d1a-31ca-4ac9-a141-b61c7f7fae0f,,Wicker Point Golf Club,Alexander City,AL,USA,,,false
c8496993-4958-41b1-a5d1-e25d47e57be7,,Wigwam Golf Club: Gold,Litchfield Park,AZ,USA,,,false
1fb24d56-b34c-4fcc-8302-baf652d8efc5,,Wild Horse Golf Club,Gothenburg,NE,USA,,,false
564eba8f-c2e8-420a-83cd-ac8d0c671dfe,,Wild Rock Golf Club,Wisconsin Dells,WI,USA,,,false
e4841c5b-85a8-4876-a98f-ed407460be11,,Wilderness Club,Rexford,MT,USA,,,false
a8ab5b1c-f34e-4f41-8495-d27950d2b51d,,Wilderness Club,Eureka,MT,USA,,,false
596c4be6-a905-4551-9fa3-1c6225381544,,Williams Golf and Country Club,Weirton,WV,USA,,,false
bf08ac77-4e10-4487-8952-e26add2f795e,,Willow Creek Country Club,Sandy,UT,USA,,,false
136d6991-c074-4877-8441-50e13b76fb89,,Wilmington Country Club: North,Wilmington,DE,USA,,,false
8cdc735e-81a8-47b4-83c9-8b40780af708,,Wilmington Country Club: South,Wilmington,DE,USA,,,false
ddaca804-35da-4c28-bdfe-7134063606c4,,Wilshire Country Club,Los Angeles,CA,USA,,,false
f2b96f09-3b43-47de-ad4b-f76f8a2518cf,,Winchester Country Club,Winchester,MA,USA,,,false
70999adc-e2e9-4c05-94e7-876804fd40a4,,Windsong Farm Golf Club (South),Maple Plain,MN,USA,,,false
15ce9628-7884-4a4c-bbf1-59a3c326167e,,Wine Valley Golf Club,Walla Walla,WA,USA,,,false
794dad39-54b6-460b-9dfb-efccd76abc96,usa45,Winged Foot Golf Club: East,Mamaroneck,NY,USA,,,false
0004a482-9636-4602-9132-08a94513d6ec,usa13,Winged Foot Golf Club: West,Mamaroneck,NY,USA,,,false
7e768fbf-7d09-4297-9c2f-16f5468dd6b9,,Wolf Creek Golf Club,Mesquite,NV,USA,,,false
e1e2cd4d-4311-499a-927b-3b1eb8ebc87a,,Wolf Creek Kansas,Olathe,KS,USA,,,false
651b0f28-7949-4e59-91ef-86762725ade6,,Woodhall Spa Golf Club (Hotchkin),Woodhall Spa,Lincolnshire,England,,,false
f1c70732-68a2-4914-955e-2a54dad96d40,,Woodland Country Club of Carmel,Carmel,IN,USA,,,false
af413834-954f-42fe-8c2f-f2b42341ecf3,,Woodmont Country Club: North,Rockville,MD,USA,,,false
c57c8d52-f852-4b88-904f-59a474950448,,Woodmont Country Club: South,Rockville,MD,USA,,,false
3874e957-06e3-424c-a1c1-37902d7eb82a,,Woodway Country Club,Darien,CT,USA,,,false
05349cfe-3c27-4ca1-aa32-ff7015cc69d8,,Worcester Country Club,Worcester,MA,USA,,,false
14e01886-1d9a-444d-9448-37c5fa1ca42f,michigan33,Wuskowhan Players Club,West Olive,MI,USA,,,false
067e66af-c5a3-4418-9f8f-14061a2d45c6,,Wykagyl Country Club,New Rochelle,NY,USA,,,false
51200b29-bcfa-43fa-b97a-58dad9e25808,,Wynn Golf Club,Las Vegas,NV,USA,,,false
9bcaf46e-6c63-4bf0-a7fc-bb41779bfb7f,,Yale Golf Course,New Haven,CT,USA,,,false
59e9c790-9e3c-4dcb-9814-3f5493532394,,Yas Links,Abu Dhabi,Abu Dhabi,United Arab Emirates,,,false
3b55d952-d7ae-44f6-a141-0f18b28d0307,,Yeamans Hall Club,Charleston,SC,USA,,,false
5149beac-ad14-4923-bc39-5abf2b4c9e17,,Yellowstone Club,Big Sky,MT,USA,,,false
6e847475-e02e-5c45-9886-c9f36d3f21a2,world1,Royal Hague Golf & Country Club,The Hague,,Netherlands,,,false
ee4df1ed-8806-52f6-912a-271d309cabbb,world4,Huntingdale Golf Club,East Malvern,,Australia,,,false
07987770-635b-5864-844f-20ea722ec139,world11,North Berwick Golf Club: West Links,North Berwick,,Scotland,,,false
973b6dfe-73b9-5ebf-b054-faa36f0d0095,world19,Morfontaine: Grand Parcours,Mortefontaine,,France,,,false
bf6e8384-7bd1-59de-afd5-041600a3182f,world23,Point Hardy at Cabot Saint Lucia,Cap Estate,,Saint Lucia,,,false
f39a76c4-4f91-5df6-b7bb-b5d05a423bfa,world53,St. George's Hill Golf Club,Weybridge,,England,,,false
f703a20f-d81b-5c3d-86ba-535060f49f2e,world63,Carne Golf Links: Wild Atlantic Dunes,Belmullet,,Ireland,,,false
07632afd-9c7c-58a8-9956-f082c8afc1a8,world65,Cabot Highlands: Castle Stuart,Inverness,,Scotland,,,false
f9d9f401-649b-57bb-a538-e1ff16075bed,world69,Peninsula Kingswood: North,Melbourne,,Australia,,,false
a299c302-df92-5dab-9aa9-f932282b9369,world71,Portmarnock Golf Club: Old,Portmarnock,,Ireland,,,false
14b32a51-220d-5c65-982f-938a16a31199,world77,The National: Old,Cape Schanck,,Australia,,,false
47bdd6f7-00bf-5af2-8f17-666ba8bf46dc,world80,Les Bordes: New,Saint-Laurent-Nouan,,France,,,false
e4424ccc-748e-5e5e-a7f0-9cbe3de8f78a,world83,Valderrama Golf Club,Sotogrande,,Spain,,,false
95526b1a-ab27-5f4b-a0f1-5328e69544a8,world84,Adare Manor,Adare,,Ireland,,,false
27f10a05-1d58-5d17-b135-684634d481e3,world86,Royal Adelaide Golf Club,Seaton,,Australia,,,false
43da23af-c067-5736-84f6-eafbe97ccc23,world87,Jack's Point G.C.,Queenstown,,New Zealand,,,false
9cfefd66-8ec4-58d1-bbb8-f517deac2f3d,world91,Elie Golf House Club: Elie,Elie,,Scotland,,,false
4ea479e5-c0d9-50b3-8e69-2f57bcd5883b,world92,Renaissance Club,North Berwick,,Scotland,,,false
dc9e1602-0534-5223-97d2-c9d7b4e63f48,world93,Wentworth Club: West,Virginia Water,,England,,,false
6e04b487-bc13-57b6-8150-8bb8ca1f745c,world94,Gullane Golf Club: No. 1,Gullane,,Scotland,,,false
14962fbb-5f91-54c2-b6eb-16e6ccf9115d,world96,Sentosa Golf Club: The Serapong,Sentosa,,Singapore,,,false
fa9b1a2e-bfcb-56be-8f09-dd2e43e40290,world97,West Sussex Golf Club,Pulborough,,England,,,false
0b7b9451-aa4f-5d7b-a5f3-9f5dceb067eb,world99,Panmure Golf Club,Barry,,Scotland,,,false
2b61258c-45c3-57b0-95b0-09f841022beb,world100,Ocean Dunes,King Island,,Australia,,,false
